geometry_id,sample_id,length,width,shape_factor,surface_normal_var,aspect_ratio,curvature_agg,coating_thickness_m,loss_tangent,frequency_ghz,observation_angle_deg,benchmark_response
geom_0000,0,22.559153179339326,25.129608945429162,0.8956955285840308,0.32432027367682004,0.8977120666035124,0.52432027367682,0.021852324818239604,0.170082325314973,10.0,0,53.50914001570648
geom_0000,1,22.559153179339326,25.129608945429162,0.8956955285840308,0.32432027367682004,0.8977120666035124,0.52432027367682,0.021852324818239604,0.170082325314973,10.0,1,53.570021031102016
geom_0000,2,22.559153179339326,25.129608945429162,0.8956955285840308,0.32432027367682004,0.8977120666035124,0.52432027367682,0.021852324818239604,0.170082325314973,10.0,2,53.7338036225213
geom_0000,3,22.559153179339326,25.129608945429162,0.8956955285840308,0.32432027367682004,0.8977120666035124,0.52432027367682,0.021852324818239604,0.170082325314973,10.0,3,53.50922785590957
geom_0000,4,22.559153179339326,25.129608945429162,0.8956955285840308,0.32432027367682004,0.8977120666035124,0.52432027367682,0.021852324818239604,0.170082325314973,10.0,4,53.73595579489342
geom_0000,5,22.559153179339326,25.129608945429162,0.8956955285840308,0.32432027367682004,0.8977120666035124,0.52432027367682,0.021852324818239604,0.170082325314973,10.0,5,53.64273273503623
geom_0000,6,22.559153179339326,25.129608945429162,0.8956955285840308,0.32432027367682004,0.8977120666035124,0.52432027367682,0.021852324818239604,0.170082325314973,10.0,6,53.683940461115924
geom_0000,7,22.559153179339326,25.129608945429162,0.8956955285840308,0.32432027367682004,0.8977120666035124,0.52432027367682,0.021852324818239604,0.170082325314973,10.0,7,53.77927272988611
geom_0000,8,22.559153179339326,25.129608945429162,0.8956955285840308,0.32432027367682004,0.8977120666035124,0.52432027367682,0.021852324818239604,0.170082325314973,10.0,8,53.620575048116535
geom_0000,9,22.559153179339326,25.129608945429162,0.8956955285840308,0.32432027367682004,0.8977120666035124,0.52432027367682,0.021852324818239604,0.170082325314973,10.0,9,53.79030318358675
geom_0000,10,22.559153179339326,25.129608945429162,0.8956955285840308,0.32432027367682004,0.8977120666035124,0.52432027367682,0.021852324818239604,0.170082325314973,10.0,10,53.78608901177918
geom_0000,11,22.559153179339326,25.129608945429162,0.8956955285840308,0.32432027367682004,0.8977120666035124,0.52432027367682,0.021852324818239604,0.170082325314973,10.0,11,53.83424740344924
geom_0000,12,22.559153179339326,25.129608945429162,0.8956955285840308,0.32432027367682004,0.8977120666035124,0.52432027367682,0.021852324818239604,0.170082325314973,10.0,12,53.82766693693535
geom_0000,13,22.559153179339326,25.129608945429162,0.8956955285840308,0.32432027367682004,0.8977120666035124,0.52432027367682,0.021852324818239604,0.170082325314973,10.0,13,54.05623169657272
geom_0000,14,22.559153179339326,25.129608945429162,0.8956955285840308,0.32432027367682004,0.8977120666035124,0.52432027367682,0.021852324818239604,0.170082325314973,10.0,14,53.75709968650774
geom_0000,15,22.559153179339326,25.129608945429162,0.8956955285840308,0.32432027367682004,0.8977120666035124,0.52432027367682,0.021852324818239604,0.170082325314973,10.0,15,53.77618500482667
geom_0000,16,22.559153179339326,25.129608945429162,0.8956955285840308,0.32432027367682004,0.8977120666035124,0.52432027367682,0.021852324818239604,0.170082325314973,10.0,16,53.77364130767131
geom_0000,17,22.559153179339326,25.129608945429162,0.8956955285840308,0.32432027367682004,0.8977120666035124,0.52432027367682,0.021852324818239604,0.170082325314973,10.0,17,53.78536056080716
geom_0000,18,22.559153179339326,25.129608945429162,0.8956955285840308,0.32432027367682004,0.8977120666035124,0.52432027367682,0.021852324818239604,0.170082325314973,10.0,18,53.780429272026815
geom_0000,19,22.559153179339326,25.129608945429162,0.8956955285840308,0.32432027367682004,0.8977120666035124,0.52432027367682,0.021852324818239604,0.170082325314973,10.0,19,53.9646625968803
geom_0000,20,22.559153179339326,25.129608945429162,0.8956955285840308,0.32432027367682004,0.8977120666035124,0.52432027367682,0.021852324818239604,0.170082325314973,10.0,20,53.987765880573946
geom_0000,21,22.559153179339326,25.129608945429162,0.8956955285840308,0.32432027367682004,0.8977120666035124,0.52432027367682,0.021852324818239604,0.170082325314973,10.0,21,53.786987012376905
geom_0000,22,22.559153179339326,25.129608945429162,0.8956955285840308,0.32432027367682004,0.8977120666035124,0.52432027367682,0.021852324818239604,0.170082325314973,10.0,22,53.75759583447453
geom_0000,23,22.559153179339326,25.129608945429162,0.8956955285840308,0.32432027367682004,0.8977120666035124,0.52432027367682,0.021852324818239604,0.170082325314973,10.0,23,53.883199872750836
geom_0000,24,22.559153179339326,25.129608945429162,0.8956955285840308,0.32432027367682004,0.8977120666035124,0.52432027367682,0.021852324818239604,0.170082325314973,10.0,24,53.77455539570694
geom_0000,25,22.559153179339326,25.129608945429162,0.8956955285840308,0.32432027367682004,0.8977120666035124,0.52432027367682,0.021852324818239604,0.170082325314973,10.0,25,53.88531962423191
geom_0000,26,22.559153179339326,25.129608945429162,0.8956955285840308,0.32432027367682004,0.8977120666035124,0.52432027367682,0.021852324818239604,0.170082325314973,10.0,26,53.833135313096925
geom_0000,27,22.559153179339326,25.129608945429162,0.8956955285840308,0.32432027367682004,0.8977120666035124,0.52432027367682,0.021852324818239604,0.170082325314973,10.0,27,53.65069297086323
geom_0000,28,22.559153179339326,25.129608945429162,0.8956955285840308,0.32432027367682004,0.8977120666035124,0.52432027367682,0.021852324818239604,0.170082325314973,10.0,28,53.94509150535606
geom_0000,29,22.559153179339326,25.129608945429162,0.8956955285840308,0.32432027367682004,0.8977120666035124,0.52432027367682,0.021852324818239604,0.170082325314973,10.0,29,53.95669440859719
geom_0000,30,22.559153179339326,25.129608945429162,0.8956955285840308,0.32432027367682004,0.8977120666035124,0.52432027367682,0.021852324818239604,0.170082325314973,10.0,30,53.70132963539672
geom_0000,31,22.559153179339326,25.129608945429162,0.8956955285840308,0.32432027367682004,0.8977120666035124,0.52432027367682,0.021852324818239604,0.170082325314973,10.0,31,53.7081218424505
geom_0000,32,22.559153179339326,25.129608945429162,0.8956955285840308,0.32432027367682004,0.8977120666035124,0.52432027367682,0.021852324818239604,0.170082325314973,10.0,32,53.758590292167675
geom_0000,33,22.559153179339326,25.129608945429162,0.8956955285840308,0.32432027367682004,0.8977120666035124,0.52432027367682,0.021852324818239604,0.170082325314973,10.0,33,53.74543721808761
geom_0000,34,22.559153179339326,25.129608945429162,0.8956955285840308,0.32432027367682004,0.8977120666035124,0.52432027367682,0.021852324818239604,0.170082325314973,10.0,34,53.7587586287778
geom_0000,35,22.559153179339326,25.129608945429162,0.8956955285840308,0.32432027367682004,0.8977120666035124,0.52432027367682,0.021852324818239604,0.170082325314973,10.0,35,53.87381204601239
geom_0000,36,22.559153179339326,25.129608945429162,0.8956955285840308,0.32432027367682004,0.8977120666035124,0.52432027367682,0.021852324818239604,0.170082325314973,10.0,36,53.63400977784312
geom_0000,37,22.559153179339326,25.129608945429162,0.8956955285840308,0.32432027367682004,0.8977120666035124,0.52432027367682,0.021852324818239604,0.170082325314973,10.0,37,53.549864860020904
geom_0000,38,22.559153179339326,25.129608945429162,0.8956955285840308,0.32432027367682004,0.8977120666035124,0.52432027367682,0.021852324818239604,0.170082325314973,10.0,38,53.46888237569452
geom_0000,39,22.559153179339326,25.129608945429162,0.8956955285840308,0.32432027367682004,0.8977120666035124,0.52432027367682,0.021852324818239604,0.170082325314973,10.0,39,53.51002381877727
geom_0000,40,22.559153179339326,25.129608945429162,0.8956955285840308,0.32432027367682004,0.8977120666035124,0.52432027367682,0.021852324818239604,0.170082325314973,10.0,40,53.55534329303125
geom_0000,41,22.559153179339326,25.129608945429162,0.8956955285840308,0.32432027367682004,0.8977120666035124,0.52432027367682,0.021852324818239604,0.170082325314973,10.0,41,53.71294200021805
geom_0000,42,22.559153179339326,25.129608945429162,0.8956955285840308,0.32432027367682004,0.8977120666035124,0.52432027367682,0.021852324818239604,0.170082325314973,10.0,42,53.45590128216073
geom_0000,43,22.559153179339326,25.129608945429162,0.8956955285840308,0.32432027367682004,0.8977120666035124,0.52432027367682,0.021852324818239604,0.170082325314973,10.0,43,53.503618730350226
geom_0000,44,22.559153179339326,25.129608945429162,0.8956955285840308,0.32432027367682004,0.8977120666035124,0.52432027367682,0.021852324818239604,0.170082325314973,10.0,44,53.452632200809624
geom_0000,45,22.559153179339326,25.129608945429162,0.8956955285840308,0.32432027367682004,0.8977120666035124,0.52432027367682,0.021852324818239604,0.170082325314973,10.0,45,53.545661394163055
geom_0000,46,22.559153179339326,25.129608945429162,0.8956955285840308,0.32432027367682004,0.8977120666035124,0.52432027367682,0.021852324818239604,0.170082325314973,10.0,46,53.651632102656066
geom_0000,47,22.559153179339326,25.129608945429162,0.8956955285840308,0.32432027367682004,0.8977120666035124,0.52432027367682,0.021852324818239604,0.170082325314973,10.0,47,53.317594319775274
geom_0000,48,22.559153179339326,25.129608945429162,0.8956955285840308,0.32432027367682004,0.8977120666035124,0.52432027367682,0.021852324818239604,0.170082325314973,10.0,48,53.293161516246634
geom_0000,49,22.559153179339326,25.129608945429162,0.8956955285840308,0.32432027367682004,0.8977120666035124,0.52432027367682,0.021852324818239604,0.170082325314973,10.0,49,53.41768410115751
geom_0000,50,22.559153179339326,25.129608945429162,0.8956955285840308,0.32432027367682004,0.8977120666035124,0.52432027367682,0.021852324818239604,0.170082325314973,10.0,50,53.35241427314534
geom_0000,51,22.559153179339326,25.129608945429162,0.8956955285840308,0.32432027367682004,0.8977120666035124,0.52432027367682,0.021852324818239604,0.170082325314973,10.0,51,53.43970362370606
geom_0000,52,22.559153179339326,25.129608945429162,0.8956955285840308,0.32432027367682004,0.8977120666035124,0.52432027367682,0.021852324818239604,0.170082325314973,10.0,52,53.28413998679169
geom_0000,53,22.559153179339326,25.129608945429162,0.8956955285840308,0.32432027367682004,0.8977120666035124,0.52432027367682,0.021852324818239604,0.170082325314973,10.0,53,53.16049428173553
geom_0000,54,22.559153179339326,25.129608945429162,0.8956955285840308,0.32432027367682004,0.8977120666035124,0.52432027367682,0.021852324818239604,0.170082325314973,10.0,54,53.22618248470186
geom_0000,55,22.559153179339326,25.129608945429162,0.8956955285840308,0.32432027367682004,0.8977120666035124,0.52432027367682,0.021852324818239604,0.170082325314973,10.0,55,53.248752736092925
geom_0000,56,22.559153179339326,25.129608945429162,0.8956955285840308,0.32432027367682004,0.8977120666035124,0.52432027367682,0.021852324818239604,0.170082325314973,10.0,56,53.19082197755111
geom_0000,57,22.559153179339326,25.129608945429162,0.8956955285840308,0.32432027367682004,0.8977120666035124,0.52432027367682,0.021852324818239604,0.170082325314973,10.0,57,53.130572078833026
geom_0000,58,22.559153179339326,25.129608945429162,0.8956955285840308,0.32432027367682004,0.8977120666035124,0.52432027367682,0.021852324818239604,0.170082325314973,10.0,58,53.15781544553331
geom_0000,59,22.559153179339326,25.129608945429162,0.8956955285840308,0.32432027367682004,0.8977120666035124,0.52432027367682,0.021852324818239604,0.170082325314973,10.0,59,53.13966532071511
geom_0000,60,22.559153179339326,25.129608945429162,0.8956955285840308,0.32432027367682004,0.8977120666035124,0.52432027367682,0.021852324818239604,0.170082325314973,10.0,60,53.132875211117785
geom_0000,61,22.559153179339326,25.129608945429162,0.8956955285840308,0.32432027367682004,0.8977120666035124,0.52432027367682,0.021852324818239604,0.170082325314973,10.0,61,53.0318400111331
geom_0000,62,22.559153179339326,25.129608945429162,0.8956955285840308,0.32432027367682004,0.8977120666035124,0.52432027367682,0.021852324818239604,0.170082325314973,10.0,62,52.9230025269252
geom_0000,63,22.559153179339326,25.129608945429162,0.8956955285840308,0.32432027367682004,0.8977120666035124,0.52432027367682,0.021852324818239604,0.170082325314973,10.0,63,52.92761504302651
geom_0000,64,22.559153179339326,25.129608945429162,0.8956955285840308,0.32432027367682004,0.8977120666035124,0.52432027367682,0.021852324818239604,0.170082325314973,10.0,64,53.00735528070584
geom_0000,65,22.559153179339326,25.129608945429162,0.8956955285840308,0.32432027367682004,0.8977120666035124,0.52432027367682,0.021852324818239604,0.170082325314973,10.0,65,52.77934909688992
geom_0000,66,22.559153179339326,25.129608945429162,0.8956955285840308,0.32432027367682004,0.8977120666035124,0.52432027367682,0.021852324818239604,0.170082325314973,10.0,66,52.87287084107936
geom_0000,67,22.559153179339326,25.129608945429162,0.8956955285840308,0.32432027367682004,0.8977120666035124,0.52432027367682,0.021852324818239604,0.170082325314973,10.0,67,52.7722967744288
geom_0000,68,22.559153179339326,25.129608945429162,0.8956955285840308,0.32432027367682004,0.8977120666035124,0.52432027367682,0.021852324818239604,0.170082325314973,10.0,68,52.79084099536423
geom_0000,69,22.559153179339326,25.129608945429162,0.8956955285840308,0.32432027367682004,0.8977120666035124,0.52432027367682,0.021852324818239604,0.170082325314973,10.0,69,52.8928973054842
geom_0000,70,22.559153179339326,25.129608945429162,0.8956955285840308,0.32432027367682004,0.8977120666035124,0.52432027367682,0.021852324818239604,0.170082325314973,10.0,70,52.7620369881405
geom_0000,71,22.559153179339326,25.129608945429162,0.8956955285840308,0.32432027367682004,0.8977120666035124,0.52432027367682,0.021852324818239604,0.170082325314973,10.0,71,52.72627318004932
geom_0000,72,22.559153179339326,25.129608945429162,0.8956955285840308,0.32432027367682004,0.8977120666035124,0.52432027367682,0.021852324818239604,0.170082325314973,10.0,72,52.56521043137505
geom_0000,73,22.559153179339326,25.129608945429162,0.8956955285840308,0.32432027367682004,0.8977120666035124,0.52432027367682,0.021852324818239604,0.170082325314973,10.0,73,52.756287014141385
geom_0000,74,22.559153179339326,25.129608945429162,0.8956955285840308,0.32432027367682004,0.8977120666035124,0.52432027367682,0.021852324818239604,0.170082325314973,10.0,74,52.72760817020126
geom_0000,75,22.559153179339326,25.129608945429162,0.8956955285840308,0.32432027367682004,0.8977120666035124,0.52432027367682,0.021852324818239604,0.170082325314973,10.0,75,52.86174752367718
geom_0000,76,22.559153179339326,25.129608945429162,0.8956955285840308,0.32432027367682004,0.8977120666035124,0.52432027367682,0.021852324818239604,0.170082325314973,10.0,76,52.59800074421346
geom_0000,77,22.559153179339326,25.129608945429162,0.8956955285840308,0.32432027367682004,0.8977120666035124,0.52432027367682,0.021852324818239604,0.170082325314973,10.0,77,52.63507259733327
geom_0000,78,22.559153179339326,25.129608945429162,0.8956955285840308,0.32432027367682004,0.8977120666035124,0.52432027367682,0.021852324818239604,0.170082325314973,10.0,78,52.623523887819935
geom_0000,79,22.559153179339326,25.129608945429162,0.8956955285840308,0.32432027367682004,0.8977120666035124,0.52432027367682,0.021852324818239604,0.170082325314973,10.0,79,52.74283241746665
geom_0000,80,22.559153179339326,25.129608945429162,0.8956955285840308,0.32432027367682004,0.8977120666035124,0.52432027367682,0.021852324818239604,0.170082325314973,10.0,80,52.563155526052014
geom_0000,81,22.559153179339326,25.129608945429162,0.8956955285840308,0.32432027367682004,0.8977120666035124,0.52432027367682,0.021852324818239604,0.170082325314973,10.0,81,52.589302563769735
geom_0000,82,22.559153179339326,25.129608945429162,0.8956955285840308,0.32432027367682004,0.8977120666035124,0.52432027367682,0.021852324818239604,0.170082325314973,10.0,82,52.612041748992475
geom_0000,83,22.559153179339326,25.129608945429162,0.8956955285840308,0.32432027367682004,0.8977120666035124,0.52432027367682,0.021852324818239604,0.170082325314973,10.0,83,52.56091813062944
geom_0000,84,22.559153179339326,25.129608945429162,0.8956955285840308,0.32432027367682004,0.8977120666035124,0.52432027367682,0.021852324818239604,0.170082325314973,10.0,84,52.48978753262594
geom_0000,85,22.559153179339326,25.129608945429162,0.8956955285840308,0.32432027367682004,0.8977120666035124,0.52432027367682,0.021852324818239604,0.170082325314973,10.0,85,52.54719527040017
geom_0000,86,22.559153179339326,25.129608945429162,0.8956955285840308,0.32432027367682004,0.8977120666035124,0.52432027367682,0.021852324818239604,0.170082325314973,10.0,86,52.629697676838425
geom_0000,87,22.559153179339326,25.129608945429162,0.8956955285840308,0.32432027367682004,0.8977120666035124,0.52432027367682,0.021852324818239604,0.170082325314973,10.0,87,52.415433200960784
geom_0000,88,22.559153179339326,25.129608945429162,0.8956955285840308,0.32432027367682004,0.8977120666035124,0.52432027367682,0.021852324818239604,0.170082325314973,10.0,88,52.528341050508295
geom_0000,89,22.559153179339326,25.129608945429162,0.8956955285840308,0.32432027367682004,0.8977120666035124,0.52432027367682,0.021852324818239604,0.170082325314973,10.0,89,52.44320557273538
geom_0000,90,22.559153179339326,25.129608945429162,0.8956955285840308,0.32432027367682004,0.8977120666035124,0.52432027367682,0.021852324818239604,0.170082325314973,10.0,90,52.632113167337636
geom_0000,91,22.559153179339326,25.129608945429162,0.8956955285840308,0.32432027367682004,0.8977120666035124,0.52432027367682,0.021852324818239604,0.170082325314973,10.0,91,52.36089896375092
geom_0000,92,22.559153179339326,25.129608945429162,0.8956955285840308,0.32432027367682004,0.8977120666035124,0.52432027367682,0.021852324818239604,0.170082325314973,10.0,92,52.45915189836645
geom_0000,93,22.559153179339326,25.129608945429162,0.8956955285840308,0.32432027367682004,0.8977120666035124,0.52432027367682,0.021852324818239604,0.170082325314973,10.0,93,52.55580591840834
geom_0000,94,22.559153179339326,25.129608945429162,0.8956955285840308,0.32432027367682004,0.8977120666035124,0.52432027367682,0.021852324818239604,0.170082325314973,10.0,94,52.67888690477588
geom_0000,95,22.559153179339326,25.129608945429162,0.8956955285840308,0.32432027367682004,0.8977120666035124,0.52432027367682,0.021852324818239604,0.170082325314973,10.0,95,52.52121124500304
geom_0000,96,22.559153179339326,25.129608945429162,0.8956955285840308,0.32432027367682004,0.8977120666035124,0.52432027367682,0.021852324818239604,0.170082325314973,10.0,96,52.47891094141167
geom_0000,97,22.559153179339326,25.129608945429162,0.8956955285840308,0.32432027367682004,0.8977120666035124,0.52432027367682,0.021852324818239604,0.170082325314973,10.0,97,52.73037292525787
geom_0000,98,22.559153179339326,25.129608945429162,0.8956955285840308,0.32432027367682004,0.8977120666035124,0.52432027367682,0.021852324818239604,0.170082325314973,10.0,98,52.4064507079792
geom_0000,99,22.559153179339326,25.129608945429162,0.8956955285840308,0.32432027367682004,0.8977120666035124,0.52432027367682,0.021852324818239604,0.170082325314973,10.0,99,52.341519815530695
geom_0000,100,22.559153179339326,25.129608945429162,0.8956955285840308,0.32432027367682004,0.8977120666035124,0.52432027367682,0.021852324818239604,0.170082325314973,10.0,100,52.61668652429604
geom_0000,101,22.559153179339326,25.129608945429162,0.8956955285840308,0.32432027367682004,0.8977120666035124,0.52432027367682,0.021852324818239604,0.170082325314973,10.0,101,52.53488166705504
geom_0000,102,22.559153179339326,25.129608945429162,0.8956955285840308,0.32432027367682004,0.8977120666035124,0.52432027367682,0.021852324818239604,0.170082325314973,10.0,102,52.49646223773579
geom_0000,103,22.559153179339326,25.129608945429162,0.8956955285840308,0.32432027367682004,0.8977120666035124,0.52432027367682,0.021852324818239604,0.170082325314973,10.0,103,52.68399320929681
geom_0000,104,22.559153179339326,25.129608945429162,0.8956955285840308,0.32432027367682004,0.8977120666035124,0.52432027367682,0.021852324818239604,0.170082325314973,10.0,104,52.65315863908587
geom_0000,105,22.559153179339326,25.129608945429162,0.8956955285840308,0.32432027367682004,0.8977120666035124,0.52432027367682,0.021852324818239604,0.170082325314973,10.0,105,52.58901418827296
geom_0000,106,22.559153179339326,25.129608945429162,0.8956955285840308,0.32432027367682004,0.8977120666035124,0.52432027367682,0.021852324818239604,0.170082325314973,10.0,106,52.53502931222006
geom_0000,107,22.559153179339326,25.129608945429162,0.8956955285840308,0.32432027367682004,0.8977120666035124,0.52432027367682,0.021852324818239604,0.170082325314973,10.0,107,52.76890739036668
geom_0000,108,22.559153179339326,25.129608945429162,0.8956955285840308,0.32432027367682004,0.8977120666035124,0.52432027367682,0.021852324818239604,0.170082325314973,10.0,108,52.76621616326891
geom_0000,109,22.559153179339326,25.129608945429162,0.8956955285840308,0.32432027367682004,0.8977120666035124,0.52432027367682,0.021852324818239604,0.170082325314973,10.0,109,52.711711938855764
geom_0000,110,22.559153179339326,25.129608945429162,0.8956955285840308,0.32432027367682004,0.8977120666035124,0.52432027367682,0.021852324818239604,0.170082325314973,10.0,110,52.92759078094328
geom_0000,111,22.559153179339326,25.129608945429162,0.8956955285840308,0.32432027367682004,0.8977120666035124,0.52432027367682,0.021852324818239604,0.170082325314973,10.0,111,52.658043642590854
geom_0000,112,22.559153179339326,25.129608945429162,0.8956955285840308,0.32432027367682004,0.8977120666035124,0.52432027367682,0.021852324818239604,0.170082325314973,10.0,112,52.635413995978276
geom_0000,113,22.559153179339326,25.129608945429162,0.8956955285840308,0.32432027367682004,0.8977120666035124,0.52432027367682,0.021852324818239604,0.170082325314973,10.0,113,52.74243984867341
geom_0000,114,22.559153179339326,25.129608945429162,0.8956955285840308,0.32432027367682004,0.8977120666035124,0.52432027367682,0.021852324818239604,0.170082325314973,10.0,114,52.83144490855652
geom_0000,115,22.559153179339326,25.129608945429162,0.8956955285840308,0.32432027367682004,0.8977120666035124,0.52432027367682,0.021852324818239604,0.170082325314973,10.0,115,52.885376608920915
geom_0000,116,22.559153179339326,25.129608945429162,0.8956955285840308,0.32432027367682004,0.8977120666035124,0.52432027367682,0.021852324818239604,0.170082325314973,10.0,116,52.86258077826937
geom_0000,117,22.559153179339326,25.129608945429162,0.8956955285840308,0.32432027367682004,0.8977120666035124,0.52432027367682,0.021852324818239604,0.170082325314973,10.0,117,52.94814921403461
geom_0000,118,22.559153179339326,25.129608945429162,0.8956955285840308,0.32432027367682004,0.8977120666035124,0.52432027367682,0.021852324818239604,0.170082325314973,10.0,118,52.81456039253784
geom_0000,119,22.559153179339326,25.129608945429162,0.8956955285840308,0.32432027367682004,0.8977120666035124,0.52432027367682,0.021852324818239604,0.170082325314973,10.0,119,53.111345482781466
geom_0000,120,22.559153179339326,25.129608945429162,0.8956955285840308,0.32432027367682004,0.8977120666035124,0.52432027367682,0.021852324818239604,0.170082325314973,10.0,120,52.98644419417477
geom_0000,121,22.559153179339326,25.129608945429162,0.8956955285840308,0.32432027367682004,0.8977120666035124,0.52432027367682,0.021852324818239604,0.170082325314973,10.0,121,53.13446534482936
geom_0000,122,22.559153179339326,25.129608945429162,0.8956955285840308,0.32432027367682004,0.8977120666035124,0.52432027367682,0.021852324818239604,0.170082325314973,10.0,122,53.08542051121216
geom_0000,123,22.559153179339326,25.129608945429162,0.8956955285840308,0.32432027367682004,0.8977120666035124,0.52432027367682,0.021852324818239604,0.170082325314973,10.0,123,53.125519997637674
geom_0000,124,22.559153179339326,25.129608945429162,0.8956955285840308,0.32432027367682004,0.8977120666035124,0.52432027367682,0.021852324818239604,0.170082325314973,10.0,124,53.165750487454595
geom_0000,125,22.559153179339326,25.129608945429162,0.8956955285840308,0.32432027367682004,0.8977120666035124,0.52432027367682,0.021852324818239604,0.170082325314973,10.0,125,53.182653234036366
geom_0000,126,22.559153179339326,25.129608945429162,0.8956955285840308,0.32432027367682004,0.8977120666035124,0.52432027367682,0.021852324818239604,0.170082325314973,10.0,126,53.23138927761938
geom_0000,127,22.559153179339326,25.129608945429162,0.8956955285840308,0.32432027367682004,0.8977120666035124,0.52432027367682,0.021852324818239604,0.170082325314973,10.0,127,53.329338743827485
geom_0000,128,22.559153179339326,25.129608945429162,0.8956955285840308,0.32432027367682004,0.8977120666035124,0.52432027367682,0.021852324818239604,0.170082325314973,10.0,128,53.24539928522925
geom_0000,129,22.559153179339326,25.129608945429162,0.8956955285840308,0.32432027367682004,0.8977120666035124,0.52432027367682,0.021852324818239604,0.170082325314973,10.0,129,53.32593326689131
geom_0000,130,22.559153179339326,25.129608945429162,0.8956955285840308,0.32432027367682004,0.8977120666035124,0.52432027367682,0.021852324818239604,0.170082325314973,10.0,130,53.275251554753986
geom_0000,131,22.559153179339326,25.129608945429162,0.8956955285840308,0.32432027367682004,0.8977120666035124,0.52432027367682,0.021852324818239604,0.170082325314973,10.0,131,53.45727973499555
geom_0000,132,22.559153179339326,25.129608945429162,0.8956955285840308,0.32432027367682004,0.8977120666035124,0.52432027367682,0.021852324818239604,0.170082325314973,10.0,132,53.27446623029254
geom_0000,133,22.559153179339326,25.129608945429162,0.8956955285840308,0.32432027367682004,0.8977120666035124,0.52432027367682,0.021852324818239604,0.170082325314973,10.0,133,53.55077524035839
geom_0000,134,22.559153179339326,25.129608945429162,0.8956955285840308,0.32432027367682004,0.8977120666035124,0.52432027367682,0.021852324818239604,0.170082325314973,10.0,134,53.39492306500427
geom_0000,135,22.559153179339326,25.129608945429162,0.8956955285840308,0.32432027367682004,0.8977120666035124,0.52432027367682,0.021852324818239604,0.170082325314973,10.0,135,53.28374455660644
geom_0000,136,22.559153179339326,25.129608945429162,0.8956955285840308,0.32432027367682004,0.8977120666035124,0.52432027367682,0.021852324818239604,0.170082325314973,10.0,136,53.467084931907976
geom_0000,137,22.559153179339326,25.129608945429162,0.8956955285840308,0.32432027367682004,0.8977120666035124,0.52432027367682,0.021852324818239604,0.170082325314973,10.0,137,53.41313476943885
geom_0000,138,22.559153179339326,25.129608945429162,0.8956955285840308,0.32432027367682004,0.8977120666035124,0.52432027367682,0.021852324818239604,0.170082325314973,10.0,138,53.59172676696322
geom_0000,139,22.559153179339326,25.129608945429162,0.8956955285840308,0.32432027367682004,0.8977120666035124,0.52432027367682,0.021852324818239604,0.170082325314973,10.0,139,53.46822381593603
geom_0000,140,22.559153179339326,25.129608945429162,0.8956955285840308,0.32432027367682004,0.8977120666035124,0.52432027367682,0.021852324818239604,0.170082325314973,10.0,140,53.514037646997146
geom_0000,141,22.559153179339326,25.129608945429162,0.8956955285840308,0.32432027367682004,0.8977120666035124,0.52432027367682,0.021852324818239604,0.170082325314973,10.0,141,53.394162749676916
geom_0000,142,22.559153179339326,25.129608945429162,0.8956955285840308,0.32432027367682004,0.8977120666035124,0.52432027367682,0.021852324818239604,0.170082325314973,10.0,142,53.56158366657106
geom_0000,143,22.559153179339326,25.129608945429162,0.8956955285840308,0.32432027367682004,0.8977120666035124,0.52432027367682,0.021852324818239604,0.170082325314973,10.0,143,53.387306651811855
geom_0000,144,22.559153179339326,25.129608945429162,0.8956955285840308,0.32432027367682004,0.8977120666035124,0.52432027367682,0.021852324818239604,0.170082325314973,10.0,144,53.49331421824395
geom_0000,145,22.559153179339326,25.129608945429162,0.8956955285840308,0.32432027367682004,0.8977120666035124,0.52432027367682,0.021852324818239604,0.170082325314973,10.0,145,53.74883305775018
geom_0000,146,22.559153179339326,25.129608945429162,0.8956955285840308,0.32432027367682004,0.8977120666035124,0.52432027367682,0.021852324818239604,0.170082325314973,10.0,146,53.7714842173756
geom_0000,147,22.559153179339326,25.129608945429162,0.8956955285840308,0.32432027367682004,0.8977120666035124,0.52432027367682,0.021852324818239604,0.170082325314973,10.0,147,53.754537295267404
geom_0000,148,22.559153179339326,25.129608945429162,0.8956955285840308,0.32432027367682004,0.8977120666035124,0.52432027367682,0.021852324818239604,0.170082325314973,10.0,148,53.63330613878226
geom_0000,149,22.559153179339326,25.129608945429162,0.8956955285840308,0.32432027367682004,0.8977120666035124,0.52432027367682,0.021852324818239604,0.170082325314973,10.0,149,53.7421208628299
geom_0000,150,22.559153179339326,25.129608945429162,0.8956955285840308,0.32432027367682004,0.8977120666035124,0.52432027367682,0.021852324818239604,0.170082325314973,10.0,150,53.762248250536096
geom_0000,151,22.559153179339326,25.129608945429162,0.8956955285840308,0.32432027367682004,0.8977120666035124,0.52432027367682,0.021852324818239604,0.170082325314973,10.0,151,53.66127017236838
geom_0000,152,22.559153179339326,25.129608945429162,0.8956955285840308,0.32432027367682004,0.8977120666035124,0.52432027367682,0.021852324818239604,0.170082325314973,10.0,152,53.940680815399766
geom_0000,153,22.559153179339326,25.129608945429162,0.8956955285840308,0.32432027367682004,0.8977120666035124,0.52432027367682,0.021852324818239604,0.170082325314973,10.0,153,53.890003611420525
geom_0000,154,22.559153179339326,25.129608945429162,0.8956955285840308,0.32432027367682004,0.8977120666035124,0.52432027367682,0.021852324818239604,0.170082325314973,10.0,154,53.790746593628825
geom_0000,155,22.559153179339326,25.129608945429162,0.8956955285840308,0.32432027367682004,0.8977120666035124,0.52432027367682,0.021852324818239604,0.170082325314973,10.0,155,53.82471502635582
geom_0000,156,22.559153179339326,25.129608945429162,0.8956955285840308,0.32432027367682004,0.8977120666035124,0.52432027367682,0.021852324818239604,0.170082325314973,10.0,156,53.850615980929796
geom_0000,157,22.559153179339326,25.129608945429162,0.8956955285840308,0.32432027367682004,0.8977120666035124,0.52432027367682,0.021852324818239604,0.170082325314973,10.0,157,53.63188483026977
geom_0000,158,22.559153179339326,25.129608945429162,0.8956955285840308,0.32432027367682004,0.8977120666035124,0.52432027367682,0.021852324818239604,0.170082325314973,10.0,158,53.816113653532895
geom_0000,159,22.559153179339326,25.129608945429162,0.8956955285840308,0.32432027367682004,0.8977120666035124,0.52432027367682,0.021852324818239604,0.170082325314973,10.0,159,53.77586321695207
geom_0000,160,22.559153179339326,25.129608945429162,0.8956955285840308,0.32432027367682004,0.8977120666035124,0.52432027367682,0.021852324818239604,0.170082325314973,10.0,160,53.745553454785465
geom_0000,161,22.559153179339326,25.129608945429162,0.8956955285840308,0.32432027367682004,0.8977120666035124,0.52432027367682,0.021852324818239604,0.170082325314973,10.0,161,53.81765091448095
geom_0000,162,22.559153179339326,25.129608945429162,0.8956955285840308,0.32432027367682004,0.8977120666035124,0.52432027367682,0.021852324818239604,0.170082325314973,10.0,162,54.02393663744242
geom_0000,163,22.559153179339326,25.129608945429162,0.8956955285840308,0.32432027367682004,0.8977120666035124,0.52432027367682,0.021852324818239604,0.170082325314973,10.0,163,53.90499255884989
geom_0000,164,22.559153179339326,25.129608945429162,0.8956955285840308,0.32432027367682004,0.8977120666035124,0.52432027367682,0.021852324818239604,0.170082325314973,10.0,164,53.77883746133551
geom_0000,165,22.559153179339326,25.129608945429162,0.8956955285840308,0.32432027367682004,0.8977120666035124,0.52432027367682,0.021852324818239604,0.170082325314973,10.0,165,53.886542978462465
geom_0000,166,22.559153179339326,25.129608945429162,0.8956955285840308,0.32432027367682004,0.8977120666035124,0.52432027367682,0.021852324818239604,0.170082325314973,10.0,166,53.96080922859148
geom_0000,167,22.559153179339326,25.129608945429162,0.8956955285840308,0.32432027367682004,0.8977120666035124,0.52432027367682,0.021852324818239604,0.170082325314973,10.0,167,53.903165050872914
geom_0000,168,22.559153179339326,25.129608945429162,0.8956955285840308,0.32432027367682004,0.8977120666035124,0.52432027367682,0.021852324818239604,0.170082325314973,10.0,168,53.804713109536586
geom_0000,169,22.559153179339326,25.129608945429162,0.8956955285840308,0.32432027367682004,0.8977120666035124,0.52432027367682,0.021852324818239604,0.170082325314973,10.0,169,53.72030859927787
geom_0000,170,22.559153179339326,25.129608945429162,0.8956955285840308,0.32432027367682004,0.8977120666035124,0.52432027367682,0.021852324818239604,0.170082325314973,10.0,170,53.83926612231924
geom_0000,171,22.559153179339326,25.129608945429162,0.8956955285840308,0.32432027367682004,0.8977120666035124,0.52432027367682,0.021852324818239604,0.170082325314973,10.0,171,53.791410747510525
geom_0000,172,22.559153179339326,25.129608945429162,0.8956955285840308,0.32432027367682004,0.8977120666035124,0.52432027367682,0.021852324818239604,0.170082325314973,10.0,172,53.822366572275534
geom_0000,173,22.559153179339326,25.129608945429162,0.8956955285840308,0.32432027367682004,0.8977120666035124,0.52432027367682,0.021852324818239604,0.170082325314973,10.0,173,53.775307960837644
geom_0000,174,22.559153179339326,25.129608945429162,0.8956955285840308,0.32432027367682004,0.8977120666035124,0.52432027367682,0.021852324818239604,0.170082325314973,10.0,174,53.7938421036131
geom_0000,175,22.559153179339326,25.129608945429162,0.8956955285840308,0.32432027367682004,0.8977120666035124,0.52432027367682,0.021852324818239604,0.170082325314973,10.0,175,53.61060809830273
geom_0000,176,22.559153179339326,25.129608945429162,0.8956955285840308,0.32432027367682004,0.8977120666035124,0.52432027367682,0.021852324818239604,0.170082325314973,10.0,176,53.76926296160919
geom_0000,177,22.559153179339326,25.129608945429162,0.8956955285840308,0.32432027367682004,0.8977120666035124,0.52432027367682,0.021852324818239604,0.170082325314973,10.0,177,53.62882322045269
geom_0000,178,22.559153179339326,25.129608945429162,0.8956955285840308,0.32432027367682004,0.8977120666035124,0.52432027367682,0.021852324818239604,0.170082325314973,10.0,178,53.78627966050242
geom_0000,179,22.559153179339326,25.129608945429162,0.8956955285840308,0.32432027367682004,0.8977120666035124,0.52432027367682,0.021852324818239604,0.170082325314973,10.0,179,53.47768077603941
geom_0000,180,22.559153179339326,25.129608945429162,0.8956955285840308,0.32432027367682004,0.8977120666035124,0.52432027367682,0.021852324818239604,0.170082325314973,10.0,180,53.68620488476168
geom_0001,181,22.559153179339326,25.129608945429162,0.8956955285840308,0.32432027367682004,0.8977120666035124,0.52432027367682,0.021852324818239604,0.170082325314973,10.0,0,53.50914001570648
geom_0001,182,22.559153179339326,25.129608945429162,0.8956955285840308,0.32432027367682004,0.8977120666035124,0.52432027367682,0.021852324818239604,0.170082325314973,10.0,1,53.570021031102016
geom_0001,183,22.559153179339326,25.129608945429162,0.8956955285840308,0.32432027367682004,0.8977120666035124,0.52432027367682,0.021852324818239604,0.170082325314973,10.0,2,53.7338036225213
geom_0001,184,22.559153179339326,25.129608945429162,0.8956955285840308,0.32432027367682004,0.8977120666035124,0.52432027367682,0.021852324818239604,0.170082325314973,10.0,3,53.50922785590957
geom_0001,185,22.559153179339326,25.129608945429162,0.8956955285840308,0.32432027367682004,0.8977120666035124,0.52432027367682,0.021852324818239604,0.170082325314973,10.0,4,53.73595579489342
geom_0001,186,22.559153179339326,25.129608945429162,0.8956955285840308,0.32432027367682004,0.8977120666035124,0.52432027367682,0.021852324818239604,0.170082325314973,10.0,5,53.64273273503623
geom_0001,187,22.559153179339326,25.129608945429162,0.8956955285840308,0.32432027367682004,0.8977120666035124,0.52432027367682,0.021852324818239604,0.170082325314973,10.0,6,53.683940461115924
geom_0001,188,22.559153179339326,25.129608945429162,0.8956955285840308,0.32432027367682004,0.8977120666035124,0.52432027367682,0.021852324818239604,0.170082325314973,10.0,7,53.77927272988611
geom_0001,189,22.559153179339326,25.129608945429162,0.8956955285840308,0.32432027367682004,0.8977120666035124,0.52432027367682,0.021852324818239604,0.170082325314973,10.0,8,53.620575048116535
geom_0001,190,22.559153179339326,25.129608945429162,0.8956955285840308,0.32432027367682004,0.8977120666035124,0.52432027367682,0.021852324818239604,0.170082325314973,10.0,9,53.79030318358675
geom_0001,191,22.559153179339326,25.129608945429162,0.8956955285840308,0.32432027367682004,0.8977120666035124,0.52432027367682,0.021852324818239604,0.170082325314973,10.0,10,53.78608901177918
geom_0001,192,22.559153179339326,25.129608945429162,0.8956955285840308,0.32432027367682004,0.8977120666035124,0.52432027367682,0.021852324818239604,0.170082325314973,10.0,11,53.83424740344924
geom_0001,193,22.559153179339326,25.129608945429162,0.8956955285840308,0.32432027367682004,0.8977120666035124,0.52432027367682,0.021852324818239604,0.170082325314973,10.0,12,53.82766693693535
geom_0001,194,22.559153179339326,25.129608945429162,0.8956955285840308,0.32432027367682004,0.8977120666035124,0.52432027367682,0.021852324818239604,0.170082325314973,10.0,13,54.05623169657272
geom_0001,195,22.559153179339326,25.129608945429162,0.8956955285840308,0.32432027367682004,0.8977120666035124,0.52432027367682,0.021852324818239604,0.170082325314973,10.0,14,53.75709968650774
geom_0001,196,22.559153179339326,25.129608945429162,0.8956955285840308,0.32432027367682004,0.8977120666035124,0.52432027367682,0.021852324818239604,0.170082325314973,10.0,15,53.77618500482667
geom_0001,197,22.559153179339326,25.129608945429162,0.8956955285840308,0.32432027367682004,0.8977120666035124,0.52432027367682,0.021852324818239604,0.170082325314973,10.0,16,53.77364130767131
geom_0001,198,22.559153179339326,25.129608945429162,0.8956955285840308,0.32432027367682004,0.8977120666035124,0.52432027367682,0.021852324818239604,0.170082325314973,10.0,17,53.78536056080716
geom_0001,199,22.559153179339326,25.129608945429162,0.8956955285840308,0.32432027367682004,0.8977120666035124,0.52432027367682,0.021852324818239604,0.170082325314973,10.0,18,53.780429272026815
geom_0001,200,22.559153179339326,25.129608945429162,0.8956955285840308,0.32432027367682004,0.8977120666035124,0.52432027367682,0.021852324818239604,0.170082325314973,10.0,19,53.9646625968803
geom_0001,201,22.559153179339326,25.129608945429162,0.8956955285840308,0.32432027367682004,0.8977120666035124,0.52432027367682,0.021852324818239604,0.170082325314973,10.0,20,53.987765880573946
geom_0001,202,22.559153179339326,25.129608945429162,0.8956955285840308,0.32432027367682004,0.8977120666035124,0.52432027367682,0.021852324818239604,0.170082325314973,10.0,21,53.786987012376905
geom_0001,203,22.559153179339326,25.129608945429162,0.8956955285840308,0.32432027367682004,0.8977120666035124,0.52432027367682,0.021852324818239604,0.170082325314973,10.0,22,53.75759583447453
geom_0001,204,22.559153179339326,25.129608945429162,0.8956955285840308,0.32432027367682004,0.8977120666035124,0.52432027367682,0.021852324818239604,0.170082325314973,10.0,23,53.883199872750836
geom_0001,205,22.559153179339326,25.129608945429162,0.8956955285840308,0.32432027367682004,0.8977120666035124,0.52432027367682,0.021852324818239604,0.170082325314973,10.0,24,53.77455539570694
geom_0001,206,22.559153179339326,25.129608945429162,0.8956955285840308,0.32432027367682004,0.8977120666035124,0.52432027367682,0.021852324818239604,0.170082325314973,10.0,25,53.88531962423191
geom_0001,207,22.559153179339326,25.129608945429162,0.8956955285840308,0.32432027367682004,0.8977120666035124,0.52432027367682,0.021852324818239604,0.170082325314973,10.0,26,53.833135313096925
geom_0001,208,22.559153179339326,25.129608945429162,0.8956955285840308,0.32432027367682004,0.8977120666035124,0.52432027367682,0.021852324818239604,0.170082325314973,10.0,27,53.65069297086323
geom_0001,209,22.559153179339326,25.129608945429162,0.8956955285840308,0.32432027367682004,0.8977120666035124,0.52432027367682,0.021852324818239604,0.170082325314973,10.0,28,53.94509150535606
geom_0001,210,22.559153179339326,25.129608945429162,0.8956955285840308,0.32432027367682004,0.8977120666035124,0.52432027367682,0.021852324818239604,0.170082325314973,10.0,29,53.95669440859719
geom_0001,211,22.559153179339326,25.129608945429162,0.8956955285840308,0.32432027367682004,0.8977120666035124,0.52432027367682,0.021852324818239604,0.170082325314973,10.0,30,53.70132963539672
geom_0001,212,22.559153179339326,25.129608945429162,0.8956955285840308,0.32432027367682004,0.8977120666035124,0.52432027367682,0.021852324818239604,0.170082325314973,10.0,31,53.7081218424505
geom_0001,213,22.559153179339326,25.129608945429162,0.8956955285840308,0.32432027367682004,0.8977120666035124,0.52432027367682,0.021852324818239604,0.170082325314973,10.0,32,53.758590292167675
geom_0001,214,22.559153179339326,25.129608945429162,0.8956955285840308,0.32432027367682004,0.8977120666035124,0.52432027367682,0.021852324818239604,0.170082325314973,10.0,33,53.74543721808761
geom_0001,215,22.559153179339326,25.129608945429162,0.8956955285840308,0.32432027367682004,0.8977120666035124,0.52432027367682,0.021852324818239604,0.170082325314973,10.0,34,53.7587586287778
geom_0001,216,22.559153179339326,25.129608945429162,0.8956955285840308,0.32432027367682004,0.8977120666035124,0.52432027367682,0.021852324818239604,0.170082325314973,10.0,35,53.87381204601239
geom_0001,217,22.559153179339326,25.129608945429162,0.8956955285840308,0.32432027367682004,0.8977120666035124,0.52432027367682,0.021852324818239604,0.170082325314973,10.0,36,53.63400977784312
geom_0001,218,22.559153179339326,25.129608945429162,0.8956955285840308,0.32432027367682004,0.8977120666035124,0.52432027367682,0.021852324818239604,0.170082325314973,10.0,37,53.549864860020904
geom_0001,219,22.559153179339326,25.129608945429162,0.8956955285840308,0.32432027367682004,0.8977120666035124,0.52432027367682,0.021852324818239604,0.170082325314973,10.0,38,53.46888237569452
geom_0001,220,22.559153179339326,25.129608945429162,0.8956955285840308,0.32432027367682004,0.8977120666035124,0.52432027367682,0.021852324818239604,0.170082325314973,10.0,39,53.51002381877727
geom_0001,221,22.559153179339326,25.129608945429162,0.8956955285840308,0.32432027367682004,0.8977120666035124,0.52432027367682,0.021852324818239604,0.170082325314973,10.0,40,53.55534329303125
geom_0001,222,22.559153179339326,25.129608945429162,0.8956955285840308,0.32432027367682004,0.8977120666035124,0.52432027367682,0.021852324818239604,0.170082325314973,10.0,41,53.71294200021805
geom_0001,223,22.559153179339326,25.129608945429162,0.8956955285840308,0.32432027367682004,0.8977120666035124,0.52432027367682,0.021852324818239604,0.170082325314973,10.0,42,53.45590128216073
geom_0001,224,22.559153179339326,25.129608945429162,0.8956955285840308,0.32432027367682004,0.8977120666035124,0.52432027367682,0.021852324818239604,0.170082325314973,10.0,43,53.503618730350226
geom_0001,225,22.559153179339326,25.129608945429162,0.8956955285840308,0.32432027367682004,0.8977120666035124,0.52432027367682,0.021852324818239604,0.170082325314973,10.0,44,53.452632200809624
geom_0001,226,22.559153179339326,25.129608945429162,0.8956955285840308,0.32432027367682004,0.8977120666035124,0.52432027367682,0.021852324818239604,0.170082325314973,10.0,45,53.545661394163055
geom_0001,227,22.559153179339326,25.129608945429162,0.8956955285840308,0.32432027367682004,0.8977120666035124,0.52432027367682,0.021852324818239604,0.170082325314973,10.0,46,53.651632102656066
geom_0001,228,22.559153179339326,25.129608945429162,0.8956955285840308,0.32432027367682004,0.8977120666035124,0.52432027367682,0.021852324818239604,0.170082325314973,10.0,47,53.317594319775274
geom_0001,229,22.559153179339326,25.129608945429162,0.8956955285840308,0.32432027367682004,0.8977120666035124,0.52432027367682,0.021852324818239604,0.170082325314973,10.0,48,53.293161516246634
geom_0001,230,22.559153179339326,25.129608945429162,0.8956955285840308,0.32432027367682004,0.8977120666035124,0.52432027367682,0.021852324818239604,0.170082325314973,10.0,49,53.41768410115751
geom_0001,231,22.559153179339326,25.129608945429162,0.8956955285840308,0.32432027367682004,0.8977120666035124,0.52432027367682,0.021852324818239604,0.170082325314973,10.0,50,53.35241427314534
geom_0001,232,22.559153179339326,25.129608945429162,0.8956955285840308,0.32432027367682004,0.8977120666035124,0.52432027367682,0.021852324818239604,0.170082325314973,10.0,51,53.43970362370606
geom_0001,233,22.559153179339326,25.129608945429162,0.8956955285840308,0.32432027367682004,0.8977120666035124,0.52432027367682,0.021852324818239604,0.170082325314973,10.0,52,53.28413998679169
geom_0001,234,22.559153179339326,25.129608945429162,0.8956955285840308,0.32432027367682004,0.8977120666035124,0.52432027367682,0.021852324818239604,0.170082325314973,10.0,53,53.16049428173553
geom_0001,235,22.559153179339326,25.129608945429162,0.8956955285840308,0.32432027367682004,0.8977120666035124,0.52432027367682,0.021852324818239604,0.170082325314973,10.0,54,53.22618248470186
geom_0001,236,22.559153179339326,25.129608945429162,0.8956955285840308,0.32432027367682004,0.8977120666035124,0.52432027367682,0.021852324818239604,0.170082325314973,10.0,55,53.248752736092925
geom_0001,237,22.559153179339326,25.129608945429162,0.8956955285840308,0.32432027367682004,0.8977120666035124,0.52432027367682,0.021852324818239604,0.170082325314973,10.0,56,53.19082197755111
geom_0001,238,22.559153179339326,25.129608945429162,0.8956955285840308,0.32432027367682004,0.8977120666035124,0.52432027367682,0.021852324818239604,0.170082325314973,10.0,57,53.130572078833026
geom_0001,239,22.559153179339326,25.129608945429162,0.8956955285840308,0.32432027367682004,0.8977120666035124,0.52432027367682,0.021852324818239604,0.170082325314973,10.0,58,53.15781544553331
geom_0001,240,22.559153179339326,25.129608945429162,0.8956955285840308,0.32432027367682004,0.8977120666035124,0.52432027367682,0.021852324818239604,0.170082325314973,10.0,59,53.13966532071511
geom_0001,241,22.559153179339326,25.129608945429162,0.8956955285840308,0.32432027367682004,0.8977120666035124,0.52432027367682,0.021852324818239604,0.170082325314973,10.0,60,53.132875211117785
geom_0001,242,22.559153179339326,25.129608945429162,0.8956955285840308,0.32432027367682004,0.8977120666035124,0.52432027367682,0.021852324818239604,0.170082325314973,10.0,61,53.0318400111331
geom_0001,243,22.559153179339326,25.129608945429162,0.8956955285840308,0.32432027367682004,0.8977120666035124,0.52432027367682,0.021852324818239604,0.170082325314973,10.0,62,52.9230025269252
geom_0001,244,22.559153179339326,25.129608945429162,0.8956955285840308,0.32432027367682004,0.8977120666035124,0.52432027367682,0.021852324818239604,0.170082325314973,10.0,63,52.92761504302651
geom_0001,245,22.559153179339326,25.129608945429162,0.8956955285840308,0.32432027367682004,0.8977120666035124,0.52432027367682,0.021852324818239604,0.170082325314973,10.0,64,53.00735528070584
geom_0001,246,22.559153179339326,25.129608945429162,0.8956955285840308,0.32432027367682004,0.8977120666035124,0.52432027367682,0.021852324818239604,0.170082325314973,10.0,65,52.77934909688992
geom_0001,247,22.559153179339326,25.129608945429162,0.8956955285840308,0.32432027367682004,0.8977120666035124,0.52432027367682,0.021852324818239604,0.170082325314973,10.0,66,52.87287084107936
geom_0001,248,22.559153179339326,25.129608945429162,0.8956955285840308,0.32432027367682004,0.8977120666035124,0.52432027367682,0.021852324818239604,0.170082325314973,10.0,67,52.7722967744288
geom_0001,249,22.559153179339326,25.129608945429162,0.8956955285840308,0.32432027367682004,0.8977120666035124,0.52432027367682,0.021852324818239604,0.170082325314973,10.0,68,52.79084099536423
geom_0001,250,22.559153179339326,25.129608945429162,0.8956955285840308,0.32432027367682004,0.8977120666035124,0.52432027367682,0.021852324818239604,0.170082325314973,10.0,69,52.8928973054842
geom_0001,251,22.559153179339326,25.129608945429162,0.8956955285840308,0.32432027367682004,0.8977120666035124,0.52432027367682,0.021852324818239604,0.170082325314973,10.0,70,52.7620369881405
geom_0001,252,22.559153179339326,25.129608945429162,0.8956955285840308,0.32432027367682004,0.8977120666035124,0.52432027367682,0.021852324818239604,0.170082325314973,10.0,71,52.72627318004932
geom_0001,253,22.559153179339326,25.129608945429162,0.8956955285840308,0.32432027367682004,0.8977120666035124,0.52432027367682,0.021852324818239604,0.170082325314973,10.0,72,52.56521043137505
geom_0001,254,22.559153179339326,25.129608945429162,0.8956955285840308,0.32432027367682004,0.8977120666035124,0.52432027367682,0.021852324818239604,0.170082325314973,10.0,73,52.756287014141385
geom_0001,255,22.559153179339326,25.129608945429162,0.8956955285840308,0.32432027367682004,0.8977120666035124,0.52432027367682,0.021852324818239604,0.170082325314973,10.0,74,52.72760817020126
geom_0001,256,22.559153179339326,25.129608945429162,0.8956955285840308,0.32432027367682004,0.8977120666035124,0.52432027367682,0.021852324818239604,0.170082325314973,10.0,75,52.86174752367718
geom_0001,257,22.559153179339326,25.129608945429162,0.8956955285840308,0.32432027367682004,0.8977120666035124,0.52432027367682,0.021852324818239604,0.170082325314973,10.0,76,52.59800074421346
geom_0001,258,22.559153179339326,25.129608945429162,0.8956955285840308,0.32432027367682004,0.8977120666035124,0.52432027367682,0.021852324818239604,0.170082325314973,10.0,77,52.63507259733327
geom_0001,259,22.559153179339326,25.129608945429162,0.8956955285840308,0.32432027367682004,0.8977120666035124,0.52432027367682,0.021852324818239604,0.170082325314973,10.0,78,52.623523887819935
geom_0001,260,22.559153179339326,25.129608945429162,0.8956955285840308,0.32432027367682004,0.8977120666035124,0.52432027367682,0.021852324818239604,0.170082325314973,10.0,79,52.74283241746665
geom_0001,261,22.559153179339326,25.129608945429162,0.8956955285840308,0.32432027367682004,0.8977120666035124,0.52432027367682,0.021852324818239604,0.170082325314973,10.0,80,52.563155526052014
geom_0001,262,22.559153179339326,25.129608945429162,0.8956955285840308,0.32432027367682004,0.8977120666035124,0.52432027367682,0.021852324818239604,0.170082325314973,10.0,81,52.589302563769735
geom_0001,263,22.559153179339326,25.129608945429162,0.8956955285840308,0.32432027367682004,0.8977120666035124,0.52432027367682,0.021852324818239604,0.170082325314973,10.0,82,52.612041748992475
geom_0001,264,22.559153179339326,25.129608945429162,0.8956955285840308,0.32432027367682004,0.8977120666035124,0.52432027367682,0.021852324818239604,0.170082325314973,10.0,83,52.56091813062944
geom_0001,265,22.559153179339326,25.129608945429162,0.8956955285840308,0.32432027367682004,0.8977120666035124,0.52432027367682,0.021852324818239604,0.170082325314973,10.0,84,52.48978753262594
geom_0001,266,22.559153179339326,25.129608945429162,0.8956955285840308,0.32432027367682004,0.8977120666035124,0.52432027367682,0.021852324818239604,0.170082325314973,10.0,85,52.54719527040017
geom_0001,267,22.559153179339326,25.129608945429162,0.8956955285840308,0.32432027367682004,0.8977120666035124,0.52432027367682,0.021852324818239604,0.170082325314973,10.0,86,52.629697676838425
geom_0001,268,22.559153179339326,25.129608945429162,0.8956955285840308,0.32432027367682004,0.8977120666035124,0.52432027367682,0.021852324818239604,0.170082325314973,10.0,87,52.415433200960784
geom_0001,269,22.559153179339326,25.129608945429162,0.8956955285840308,0.32432027367682004,0.8977120666035124,0.52432027367682,0.021852324818239604,0.170082325314973,10.0,88,52.528341050508295
geom_0001,270,22.559153179339326,25.129608945429162,0.8956955285840308,0.32432027367682004,0.8977120666035124,0.52432027367682,0.021852324818239604,0.170082325314973,10.0,89,52.44320557273538
geom_0001,271,22.559153179339326,25.129608945429162,0.8956955285840308,0.32432027367682004,0.8977120666035124,0.52432027367682,0.021852324818239604,0.170082325314973,10.0,90,52.632113167337636
geom_0001,272,22.559153179339326,25.129608945429162,0.8956955285840308,0.32432027367682004,0.8977120666035124,0.52432027367682,0.021852324818239604,0.170082325314973,10.0,91,52.36089896375092
geom_0001,273,22.559153179339326,25.129608945429162,0.8956955285840308,0.32432027367682004,0.8977120666035124,0.52432027367682,0.021852324818239604,0.170082325314973,10.0,92,52.45915189836645
geom_0001,274,22.559153179339326,25.129608945429162,0.8956955285840308,0.32432027367682004,0.8977120666035124,0.52432027367682,0.021852324818239604,0.170082325314973,10.0,93,52.55580591840834
geom_0001,275,22.559153179339326,25.129608945429162,0.8956955285840308,0.32432027367682004,0.8977120666035124,0.52432027367682,0.021852324818239604,0.170082325314973,10.0,94,52.67888690477588
geom_0001,276,22.559153179339326,25.129608945429162,0.8956955285840308,0.32432027367682004,0.8977120666035124,0.52432027367682,0.021852324818239604,0.170082325314973,10.0,95,52.52121124500304
geom_0001,277,22.559153179339326,25.129608945429162,0.8956955285840308,0.32432027367682004,0.8977120666035124,0.52432027367682,0.021852324818239604,0.170082325314973,10.0,96,52.47891094141167
geom_0001,278,22.559153179339326,25.129608945429162,0.8956955285840308,0.32432027367682004,0.8977120666035124,0.52432027367682,0.021852324818239604,0.170082325314973,10.0,97,52.73037292525787
geom_0001,279,22.559153179339326,25.129608945429162,0.8956955285840308,0.32432027367682004,0.8977120666035124,0.52432027367682,0.021852324818239604,0.170082325314973,10.0,98,52.4064507079792
geom_0001,280,22.559153179339326,25.129608945429162,0.8956955285840308,0.32432027367682004,0.8977120666035124,0.52432027367682,0.021852324818239604,0.170082325314973,10.0,99,52.341519815530695
geom_0001,281,22.559153179339326,25.129608945429162,0.8956955285840308,0.32432027367682004,0.8977120666035124,0.52432027367682,0.021852324818239604,0.170082325314973,10.0,100,52.61668652429604
geom_0001,282,22.559153179339326,25.129608945429162,0.8956955285840308,0.32432027367682004,0.8977120666035124,0.52432027367682,0.021852324818239604,0.170082325314973,10.0,101,52.53488166705504
geom_0001,283,22.559153179339326,25.129608945429162,0.8956955285840308,0.32432027367682004,0.8977120666035124,0.52432027367682,0.021852324818239604,0.170082325314973,10.0,102,52.49646223773579
geom_0001,284,22.559153179339326,25.129608945429162,0.8956955285840308,0.32432027367682004,0.8977120666035124,0.52432027367682,0.021852324818239604,0.170082325314973,10.0,103,52.68399320929681
geom_0001,285,22.559153179339326,25.129608945429162,0.8956955285840308,0.32432027367682004,0.8977120666035124,0.52432027367682,0.021852324818239604,0.170082325314973,10.0,104,52.65315863908587
geom_0001,286,22.559153179339326,25.129608945429162,0.8956955285840308,0.32432027367682004,0.8977120666035124,0.52432027367682,0.021852324818239604,0.170082325314973,10.0,105,52.58901418827296
geom_0001,287,22.559153179339326,25.129608945429162,0.8956955285840308,0.32432027367682004,0.8977120666035124,0.52432027367682,0.021852324818239604,0.170082325314973,10.0,106,52.53502931222006
geom_0001,288,22.559153179339326,25.129608945429162,0.8956955285840308,0.32432027367682004,0.8977120666035124,0.52432027367682,0.021852324818239604,0.170082325314973,10.0,107,52.76890739036668
geom_0001,289,22.559153179339326,25.129608945429162,0.8956955285840308,0.32432027367682004,0.8977120666035124,0.52432027367682,0.021852324818239604,0.170082325314973,10.0,108,52.76621616326891
geom_0001,290,22.559153179339326,25.129608945429162,0.8956955285840308,0.32432027367682004,0.8977120666035124,0.52432027367682,0.021852324818239604,0.170082325314973,10.0,109,52.711711938855764
geom_0001,291,22.559153179339326,25.129608945429162,0.8956955285840308,0.32432027367682004,0.8977120666035124,0.52432027367682,0.021852324818239604,0.170082325314973,10.0,110,52.92759078094328
geom_0001,292,22.559153179339326,25.129608945429162,0.8956955285840308,0.32432027367682004,0.8977120666035124,0.52432027367682,0.021852324818239604,0.170082325314973,10.0,111,52.658043642590854
geom_0001,293,22.559153179339326,25.129608945429162,0.8956955285840308,0.32432027367682004,0.8977120666035124,0.52432027367682,0.021852324818239604,0.170082325314973,10.0,112,52.635413995978276
geom_0001,294,22.559153179339326,25.129608945429162,0.8956955285840308,0.32432027367682004,0.8977120666035124,0.52432027367682,0.021852324818239604,0.170082325314973,10.0,113,52.74243984867341
geom_0001,295,22.559153179339326,25.129608945429162,0.8956955285840308,0.32432027367682004,0.8977120666035124,0.52432027367682,0.021852324818239604,0.170082325314973,10.0,114,52.83144490855652
geom_0001,296,22.559153179339326,25.129608945429162,0.8956955285840308,0.32432027367682004,0.8977120666035124,0.52432027367682,0.021852324818239604,0.170082325314973,10.0,115,52.885376608920915
geom_0001,297,22.559153179339326,25.129608945429162,0.8956955285840308,0.32432027367682004,0.8977120666035124,0.52432027367682,0.021852324818239604,0.170082325314973,10.0,116,52.86258077826937
geom_0001,298,22.559153179339326,25.129608945429162,0.8956955285840308,0.32432027367682004,0.8977120666035124,0.52432027367682,0.021852324818239604,0.170082325314973,10.0,117,52.94814921403461
geom_0001,299,22.559153179339326,25.129608945429162,0.8956955285840308,0.32432027367682004,0.8977120666035124,0.52432027367682,0.021852324818239604,0.170082325314973,10.0,118,52.81456039253784
geom_0001,300,22.559153179339326,25.129608945429162,0.8956955285840308,0.32432027367682004,0.8977120666035124,0.52432027367682,0.021852324818239604,0.170082325314973,10.0,119,53.111345482781466
geom_0001,301,22.559153179339326,25.129608945429162,0.8956955285840308,0.32432027367682004,0.8977120666035124,0.52432027367682,0.021852324818239604,0.170082325314973,10.0,120,52.98644419417477
geom_0001,302,22.559153179339326,25.129608945429162,0.8956955285840308,0.32432027367682004,0.8977120666035124,0.52432027367682,0.021852324818239604,0.170082325314973,10.0,121,53.13446534482936
geom_0001,303,22.559153179339326,25.129608945429162,0.8956955285840308,0.32432027367682004,0.8977120666035124,0.52432027367682,0.021852324818239604,0.170082325314973,10.0,122,53.08542051121216
geom_0001,304,22.559153179339326,25.129608945429162,0.8956955285840308,0.32432027367682004,0.8977120666035124,0.52432027367682,0.021852324818239604,0.170082325314973,10.0,123,53.125519997637674
geom_0001,305,22.559153179339326,25.129608945429162,0.8956955285840308,0.32432027367682004,0.8977120666035124,0.52432027367682,0.021852324818239604,0.170082325314973,10.0,124,53.165750487454595
geom_0001,306,22.559153179339326,25.129608945429162,0.8956955285840308,0.32432027367682004,0.8977120666035124,0.52432027367682,0.021852324818239604,0.170082325314973,10.0,125,53.182653234036366
geom_0001,307,22.559153179339326,25.129608945429162,0.8956955285840308,0.32432027367682004,0.8977120666035124,0.52432027367682,0.021852324818239604,0.170082325314973,10.0,126,53.23138927761938
geom_0001,308,22.559153179339326,25.129608945429162,0.8956955285840308,0.32432027367682004,0.8977120666035124,0.52432027367682,0.021852324818239604,0.170082325314973,10.0,127,53.329338743827485
geom_0001,309,22.559153179339326,25.129608945429162,0.8956955285840308,0.32432027367682004,0.8977120666035124,0.52432027367682,0.021852324818239604,0.170082325314973,10.0,128,53.24539928522925
geom_0001,310,22.559153179339326,25.129608945429162,0.8956955285840308,0.32432027367682004,0.8977120666035124,0.52432027367682,0.021852324818239604,0.170082325314973,10.0,129,53.32593326689131
geom_0001,311,22.559153179339326,25.129608945429162,0.8956955285840308,0.32432027367682004,0.8977120666035124,0.52432027367682,0.021852324818239604,0.170082325314973,10.0,130,53.275251554753986
geom_0001,312,22.559153179339326,25.129608945429162,0.8956955285840308,0.32432027367682004,0.8977120666035124,0.52432027367682,0.021852324818239604,0.170082325314973,10.0,131,53.45727973499555
geom_0001,313,22.559153179339326,25.129608945429162,0.8956955285840308,0.32432027367682004,0.8977120666035124,0.52432027367682,0.021852324818239604,0.170082325314973,10.0,132,53.27446623029254
geom_0001,314,22.559153179339326,25.129608945429162,0.8956955285840308,0.32432027367682004,0.8977120666035124,0.52432027367682,0.021852324818239604,0.170082325314973,10.0,133,53.55077524035839
geom_0001,315,22.559153179339326,25.129608945429162,0.8956955285840308,0.32432027367682004,0.8977120666035124,0.52432027367682,0.021852324818239604,0.170082325314973,10.0,134,53.39492306500427
geom_0001,316,22.559153179339326,25.129608945429162,0.8956955285840308,0.32432027367682004,0.8977120666035124,0.52432027367682,0.021852324818239604,0.170082325314973,10.0,135,53.28374455660644
geom_0001,317,22.559153179339326,25.129608945429162,0.8956955285840308,0.32432027367682004,0.8977120666035124,0.52432027367682,0.021852324818239604,0.170082325314973,10.0,136,53.467084931907976
geom_0001,318,22.559153179339326,25.129608945429162,0.8956955285840308,0.32432027367682004,0.8977120666035124,0.52432027367682,0.021852324818239604,0.170082325314973,10.0,137,53.41313476943885
geom_0001,319,22.559153179339326,25.129608945429162,0.8956955285840308,0.32432027367682004,0.8977120666035124,0.52432027367682,0.021852324818239604,0.170082325314973,10.0,138,53.59172676696322
geom_0001,320,22.559153179339326,25.129608945429162,0.8956955285840308,0.32432027367682004,0.8977120666035124,0.52432027367682,0.021852324818239604,0.170082325314973,10.0,139,53.46822381593603
geom_0001,321,22.559153179339326,25.129608945429162,0.8956955285840308,0.32432027367682004,0.8977120666035124,0.52432027367682,0.021852324818239604,0.170082325314973,10.0,140,53.514037646997146
geom_0001,322,22.559153179339326,25.129608945429162,0.8956955285840308,0.32432027367682004,0.8977120666035124,0.52432027367682,0.021852324818239604,0.170082325314973,10.0,141,53.394162749676916
geom_0001,323,22.559153179339326,25.129608945429162,0.8956955285840308,0.32432027367682004,0.8977120666035124,0.52432027367682,0.021852324818239604,0.170082325314973,10.0,142,53.56158366657106
geom_0001,324,22.559153179339326,25.129608945429162,0.8956955285840308,0.32432027367682004,0.8977120666035124,0.52432027367682,0.021852324818239604,0.170082325314973,10.0,143,53.387306651811855
geom_0001,325,22.559153179339326,25.129608945429162,0.8956955285840308,0.32432027367682004,0.8977120666035124,0.52432027367682,0.021852324818239604,0.170082325314973,10.0,144,53.49331421824395
geom_0001,326,22.559153179339326,25.129608945429162,0.8956955285840308,0.32432027367682004,0.8977120666035124,0.52432027367682,0.021852324818239604,0.170082325314973,10.0,145,53.74883305775018
geom_0001,327,22.559153179339326,25.129608945429162,0.8956955285840308,0.32432027367682004,0.8977120666035124,0.52432027367682,0.021852324818239604,0.170082325314973,10.0,146,53.7714842173756
geom_0001,328,22.559153179339326,25.129608945429162,0.8956955285840308,0.32432027367682004,0.8977120666035124,0.52432027367682,0.021852324818239604,0.170082325314973,10.0,147,53.754537295267404
geom_0001,329,22.559153179339326,25.129608945429162,0.8956955285840308,0.32432027367682004,0.8977120666035124,0.52432027367682,0.021852324818239604,0.170082325314973,10.0,148,53.63330613878226
geom_0001,330,22.559153179339326,25.129608945429162,0.8956955285840308,0.32432027367682004,0.8977120666035124,0.52432027367682,0.021852324818239604,0.170082325314973,10.0,149,53.7421208628299
geom_0001,331,22.559153179339326,25.129608945429162,0.8956955285840308,0.32432027367682004,0.8977120666035124,0.52432027367682,0.021852324818239604,0.170082325314973,10.0,150,53.762248250536096
geom_0001,332,22.559153179339326,25.129608945429162,0.8956955285840308,0.32432027367682004,0.8977120666035124,0.52432027367682,0.021852324818239604,0.170082325314973,10.0,151,53.66127017236838
geom_0001,333,22.559153179339326,25.129608945429162,0.8956955285840308,0.32432027367682004,0.8977120666035124,0.52432027367682,0.021852324818239604,0.170082325314973,10.0,152,53.940680815399766
geom_0001,334,22.559153179339326,25.129608945429162,0.8956955285840308,0.32432027367682004,0.8977120666035124,0.52432027367682,0.021852324818239604,0.170082325314973,10.0,153,53.890003611420525
geom_0001,335,22.559153179339326,25.129608945429162,0.8956955285840308,0.32432027367682004,0.8977120666035124,0.52432027367682,0.021852324818239604,0.170082325314973,10.0,154,53.790746593628825
geom_0001,336,22.559153179339326,25.129608945429162,0.8956955285840308,0.32432027367682004,0.8977120666035124,0.52432027367682,0.021852324818239604,0.170082325314973,10.0,155,53.82471502635582
geom_0001,337,22.559153179339326,25.129608945429162,0.8956955285840308,0.32432027367682004,0.8977120666035124,0.52432027367682,0.021852324818239604,0.170082325314973,10.0,156,53.850615980929796
geom_0001,338,22.559153179339326,25.129608945429162,0.8956955285840308,0.32432027367682004,0.8977120666035124,0.52432027367682,0.021852324818239604,0.170082325314973,10.0,157,53.63188483026977
geom_0001,339,22.559153179339326,25.129608945429162,0.8956955285840308,0.32432027367682004,0.8977120666035124,0.52432027367682,0.021852324818239604,0.170082325314973,10.0,158,53.816113653532895
geom_0001,340,22.559153179339326,25.129608945429162,0.8956955285840308,0.32432027367682004,0.8977120666035124,0.52432027367682,0.021852324818239604,0.170082325314973,10.0,159,53.77586321695207
geom_0001,341,22.559153179339326,25.129608945429162,0.8956955285840308,0.32432027367682004,0.8977120666035124,0.52432027367682,0.021852324818239604,0.170082325314973,10.0,160,53.745553454785465
geom_0001,342,22.559153179339326,25.129608945429162,0.8956955285840308,0.32432027367682004,0.8977120666035124,0.52432027367682,0.021852324818239604,0.170082325314973,10.0,161,53.81765091448095
geom_0001,343,22.559153179339326,25.129608945429162,0.8956955285840308,0.32432027367682004,0.8977120666035124,0.52432027367682,0.021852324818239604,0.170082325314973,10.0,162,54.02393663744242
geom_0001,344,22.559153179339326,25.129608945429162,0.8956955285840308,0.32432027367682004,0.8977120666035124,0.52432027367682,0.021852324818239604,0.170082325314973,10.0,163,53.90499255884989
geom_0001,345,22.559153179339326,25.129608945429162,0.8956955285840308,0.32432027367682004,0.8977120666035124,0.52432027367682,0.021852324818239604,0.170082325314973,10.0,164,53.77883746133551
geom_0001,346,22.559153179339326,25.129608945429162,0.8956955285840308,0.32432027367682004,0.8977120666035124,0.52432027367682,0.021852324818239604,0.170082325314973,10.0,165,53.886542978462465
geom_0001,347,22.559153179339326,25.129608945429162,0.8956955285840308,0.32432027367682004,0.8977120666035124,0.52432027367682,0.021852324818239604,0.170082325314973,10.0,166,53.96080922859148
geom_0001,348,22.559153179339326,25.129608945429162,0.8956955285840308,0.32432027367682004,0.8977120666035124,0.52432027367682,0.021852324818239604,0.170082325314973,10.0,167,53.903165050872914
geom_0001,349,22.559153179339326,25.129608945429162,0.8956955285840308,0.32432027367682004,0.8977120666035124,0.52432027367682,0.021852324818239604,0.170082325314973,10.0,168,53.804713109536586
geom_0001,350,22.559153179339326,25.129608945429162,0.8956955285840308,0.32432027367682004,0.8977120666035124,0.52432027367682,0.021852324818239604,0.170082325314973,10.0,169,53.72030859927787
geom_0001,351,22.559153179339326,25.129608945429162,0.8956955285840308,0.32432027367682004,0.8977120666035124,0.52432027367682,0.021852324818239604,0.170082325314973,10.0,170,53.83926612231924
geom_0001,352,22.559153179339326,25.129608945429162,0.8956955285840308,0.32432027367682004,0.8977120666035124,0.52432027367682,0.021852324818239604,0.170082325314973,10.0,171,53.791410747510525
geom_0001,353,22.559153179339326,25.129608945429162,0.8956955285840308,0.32432027367682004,0.8977120666035124,0.52432027367682,0.021852324818239604,0.170082325314973,10.0,172,53.822366572275534
geom_0001,354,22.559153179339326,25.129608945429162,0.8956955285840308,0.32432027367682004,0.8977120666035124,0.52432027367682,0.021852324818239604,0.170082325314973,10.0,173,53.775307960837644
geom_0001,355,22.559153179339326,25.129608945429162,0.8956955285840308,0.32432027367682004,0.8977120666035124,0.52432027367682,0.021852324818239604,0.170082325314973,10.0,174,53.7938421036131
geom_0001,356,22.559153179339326,25.129608945429162,0.8956955285840308,0.32432027367682004,0.8977120666035124,0.52432027367682,0.021852324818239604,0.170082325314973,10.0,175,53.61060809830273
geom_0001,357,22.559153179339326,25.129608945429162,0.8956955285840308,0.32432027367682004,0.8977120666035124,0.52432027367682,0.021852324818239604,0.170082325314973,10.0,176,53.76926296160919
geom_0001,358,22.559153179339326,25.129608945429162,0.8956955285840308,0.32432027367682004,0.8977120666035124,0.52432027367682,0.021852324818239604,0.170082325314973,10.0,177,53.62882322045269
geom_0001,359,22.559153179339326,25.129608945429162,0.8956955285840308,0.32432027367682004,0.8977120666035124,0.52432027367682,0.021852324818239604,0.170082325314973,10.0,178,53.78627966050242
geom_0001,360,22.559153179339326,25.129608945429162,0.8956955285840308,0.32432027367682004,0.8977120666035124,0.52432027367682,0.021852324818239604,0.170082325314973,10.0,179,53.47768077603941
geom_0001,361,22.559153179339326,25.129608945429162,0.8956955285840308,0.32432027367682004,0.8977120666035124,0.52432027367682,0.021852324818239604,0.170082325314973,10.0,180,53.68620488476168
geom_0002,362,22.559153179339326,25.129608945429162,0.8956955285840308,0.32432027367682004,0.8977120666035124,0.52432027367682,0.021852324818239604,0.170082325314973,10.0,0,53.50914001570648
geom_0002,363,22.559153179339326,25.129608945429162,0.8956955285840308,0.32432027367682004,0.8977120666035124,0.52432027367682,0.021852324818239604,0.170082325314973,10.0,1,53.570021031102016
geom_0002,364,22.559153179339326,25.129608945429162,0.8956955285840308,0.32432027367682004,0.8977120666035124,0.52432027367682,0.021852324818239604,0.170082325314973,10.0,2,53.7338036225213
geom_0002,365,22.559153179339326,25.129608945429162,0.8956955285840308,0.32432027367682004,0.8977120666035124,0.52432027367682,0.021852324818239604,0.170082325314973,10.0,3,53.50922785590957
geom_0002,366,22.559153179339326,25.129608945429162,0.8956955285840308,0.32432027367682004,0.8977120666035124,0.52432027367682,0.021852324818239604,0.170082325314973,10.0,4,53.73595579489342
geom_0002,367,22.559153179339326,25.129608945429162,0.8956955285840308,0.32432027367682004,0.8977120666035124,0.52432027367682,0.021852324818239604,0.170082325314973,10.0,5,53.64273273503623
geom_0002,368,22.559153179339326,25.129608945429162,0.8956955285840308,0.32432027367682004,0.8977120666035124,0.52432027367682,0.021852324818239604,0.170082325314973,10.0,6,53.683940461115924
geom_0002,369,22.559153179339326,25.129608945429162,0.8956955285840308,0.32432027367682004,0.8977120666035124,0.52432027367682,0.021852324818239604,0.170082325314973,10.0,7,53.77927272988611
geom_0002,370,22.559153179339326,25.129608945429162,0.8956955285840308,0.32432027367682004,0.8977120666035124,0.52432027367682,0.021852324818239604,0.170082325314973,10.0,8,53.620575048116535
geom_0002,371,22.559153179339326,25.129608945429162,0.8956955285840308,0.32432027367682004,0.8977120666035124,0.52432027367682,0.021852324818239604,0.170082325314973,10.0,9,53.79030318358675
geom_0002,372,22.559153179339326,25.129608945429162,0.8956955285840308,0.32432027367682004,0.8977120666035124,0.52432027367682,0.021852324818239604,0.170082325314973,10.0,10,53.78608901177918
geom_0002,373,22.559153179339326,25.129608945429162,0.8956955285840308,0.32432027367682004,0.8977120666035124,0.52432027367682,0.021852324818239604,0.170082325314973,10.0,11,53.83424740344924
geom_0002,374,22.559153179339326,25.129608945429162,0.8956955285840308,0.32432027367682004,0.8977120666035124,0.52432027367682,0.021852324818239604,0.170082325314973,10.0,12,53.82766693693535
geom_0002,375,22.559153179339326,25.129608945429162,0.8956955285840308,0.32432027367682004,0.8977120666035124,0.52432027367682,0.021852324818239604,0.170082325314973,10.0,13,54.05623169657272
geom_0002,376,22.559153179339326,25.129608945429162,0.8956955285840308,0.32432027367682004,0.8977120666035124,0.52432027367682,0.021852324818239604,0.170082325314973,10.0,14,53.75709968650774
geom_0002,377,22.559153179339326,25.129608945429162,0.8956955285840308,0.32432027367682004,0.8977120666035124,0.52432027367682,0.021852324818239604,0.170082325314973,10.0,15,53.77618500482667
geom_0002,378,22.559153179339326,25.129608945429162,0.8956955285840308,0.32432027367682004,0.8977120666035124,0.52432027367682,0.021852324818239604,0.170082325314973,10.0,16,53.77364130767131
geom_0002,379,22.559153179339326,25.129608945429162,0.8956955285840308,0.32432027367682004,0.8977120666035124,0.52432027367682,0.021852324818239604,0.170082325314973,10.0,17,53.78536056080716
geom_0002,380,22.559153179339326,25.129608945429162,0.8956955285840308,0.32432027367682004,0.8977120666035124,0.52432027367682,0.021852324818239604,0.170082325314973,10.0,18,53.780429272026815
geom_0002,381,22.559153179339326,25.129608945429162,0.8956955285840308,0.32432027367682004,0.8977120666035124,0.52432027367682,0.021852324818239604,0.170082325314973,10.0,19,53.9646625968803
geom_0002,382,22.559153179339326,25.129608945429162,0.8956955285840308,0.32432027367682004,0.8977120666035124,0.52432027367682,0.021852324818239604,0.170082325314973,10.0,20,53.987765880573946
geom_0002,383,22.559153179339326,25.129608945429162,0.8956955285840308,0.32432027367682004,0.8977120666035124,0.52432027367682,0.021852324818239604,0.170082325314973,10.0,21,53.786987012376905
geom_0002,384,22.559153179339326,25.129608945429162,0.8956955285840308,0.32432027367682004,0.8977120666035124,0.52432027367682,0.021852324818239604,0.170082325314973,10.0,22,53.75759583447453
geom_0002,385,22.559153179339326,25.129608945429162,0.8956955285840308,0.32432027367682004,0.8977120666035124,0.52432027367682,0.021852324818239604,0.170082325314973,10.0,23,53.883199872750836
geom_0002,386,22.559153179339326,25.129608945429162,0.8956955285840308,0.32432027367682004,0.8977120666035124,0.52432027367682,0.021852324818239604,0.170082325314973,10.0,24,53.77455539570694
geom_0002,387,22.559153179339326,25.129608945429162,0.8956955285840308,0.32432027367682004,0.8977120666035124,0.52432027367682,0.021852324818239604,0.170082325314973,10.0,25,53.88531962423191
geom_0002,388,22.559153179339326,25.129608945429162,0.8956955285840308,0.32432027367682004,0.8977120666035124,0.52432027367682,0.021852324818239604,0.170082325314973,10.0,26,53.833135313096925
geom_0002,389,22.559153179339326,25.129608945429162,0.8956955285840308,0.32432027367682004,0.8977120666035124,0.52432027367682,0.021852324818239604,0.170082325314973,10.0,27,53.65069297086323
geom_0002,390,22.559153179339326,25.129608945429162,0.8956955285840308,0.32432027367682004,0.8977120666035124,0.52432027367682,0.021852324818239604,0.170082325314973,10.0,28,53.94509150535606
geom_0002,391,22.559153179339326,25.129608945429162,0.8956955285840308,0.32432027367682004,0.8977120666035124,0.52432027367682,0.021852324818239604,0.170082325314973,10.0,29,53.95669440859719
geom_0002,392,22.559153179339326,25.129608945429162,0.8956955285840308,0.32432027367682004,0.8977120666035124,0.52432027367682,0.021852324818239604,0.170082325314973,10.0,30,53.70132963539672
geom_0002,393,22.559153179339326,25.129608945429162,0.8956955285840308,0.32432027367682004,0.8977120666035124,0.52432027367682,0.021852324818239604,0.170082325314973,10.0,31,53.7081218424505
geom_0002,394,22.559153179339326,25.129608945429162,0.8956955285840308,0.32432027367682004,0.8977120666035124,0.52432027367682,0.021852324818239604,0.170082325314973,10.0,32,53.758590292167675
geom_0002,395,22.559153179339326,25.129608945429162,0.8956955285840308,0.32432027367682004,0.8977120666035124,0.52432027367682,0.021852324818239604,0.170082325314973,10.0,33,53.74543721808761
geom_0002,396,22.559153179339326,25.129608945429162,0.8956955285840308,0.32432027367682004,0.8977120666035124,0.52432027367682,0.021852324818239604,0.170082325314973,10.0,34,53.7587586287778
geom_0002,397,22.559153179339326,25.129608945429162,0.8956955285840308,0.32432027367682004,0.8977120666035124,0.52432027367682,0.021852324818239604,0.170082325314973,10.0,35,53.87381204601239
geom_0002,398,22.559153179339326,25.129608945429162,0.8956955285840308,0.32432027367682004,0.8977120666035124,0.52432027367682,0.021852324818239604,0.170082325314973,10.0,36,53.63400977784312
geom_0002,399,22.559153179339326,25.129608945429162,0.8956955285840308,0.32432027367682004,0.8977120666035124,0.52432027367682,0.021852324818239604,0.170082325314973,10.0,37,53.549864860020904
geom_0002,400,22.559153179339326,25.129608945429162,0.8956955285840308,0.32432027367682004,0.8977120666035124,0.52432027367682,0.021852324818239604,0.170082325314973,10.0,38,53.46888237569452
geom_0002,401,22.559153179339326,25.129608945429162,0.8956955285840308,0.32432027367682004,0.8977120666035124,0.52432027367682,0.021852324818239604,0.170082325314973,10.0,39,53.51002381877727
geom_0002,402,22.559153179339326,25.129608945429162,0.8956955285840308,0.32432027367682004,0.8977120666035124,0.52432027367682,0.021852324818239604,0.170082325314973,10.0,40,53.55534329303125
geom_0002,403,22.559153179339326,25.129608945429162,0.8956955285840308,0.32432027367682004,0.8977120666035124,0.52432027367682,0.021852324818239604,0.170082325314973,10.0,41,53.71294200021805
geom_0002,404,22.559153179339326,25.129608945429162,0.8956955285840308,0.32432027367682004,0.8977120666035124,0.52432027367682,0.021852324818239604,0.170082325314973,10.0,42,53.45590128216073
geom_0002,405,22.559153179339326,25.129608945429162,0.8956955285840308,0.32432027367682004,0.8977120666035124,0.52432027367682,0.021852324818239604,0.170082325314973,10.0,43,53.503618730350226
geom_0002,406,22.559153179339326,25.129608945429162,0.8956955285840308,0.32432027367682004,0.8977120666035124,0.52432027367682,0.021852324818239604,0.170082325314973,10.0,44,53.452632200809624
geom_0002,407,22.559153179339326,25.129608945429162,0.8956955285840308,0.32432027367682004,0.8977120666035124,0.52432027367682,0.021852324818239604,0.170082325314973,10.0,45,53.545661394163055
geom_0002,408,22.559153179339326,25.129608945429162,0.8956955285840308,0.32432027367682004,0.8977120666035124,0.52432027367682,0.021852324818239604,0.170082325314973,10.0,46,53.651632102656066
geom_0002,409,22.559153179339326,25.129608945429162,0.8956955285840308,0.32432027367682004,0.8977120666035124,0.52432027367682,0.021852324818239604,0.170082325314973,10.0,47,53.317594319775274
geom_0002,410,22.559153179339326,25.129608945429162,0.8956955285840308,0.32432027367682004,0.8977120666035124,0.52432027367682,0.021852324818239604,0.170082325314973,10.0,48,53.293161516246634
geom_0002,411,22.559153179339326,25.129608945429162,0.8956955285840308,0.32432027367682004,0.8977120666035124,0.52432027367682,0.021852324818239604,0.170082325314973,10.0,49,53.41768410115751
geom_0002,412,22.559153179339326,25.129608945429162,0.8956955285840308,0.32432027367682004,0.8977120666035124,0.52432027367682,0.021852324818239604,0.170082325314973,10.0,50,53.35241427314534
geom_0002,413,22.559153179339326,25.129608945429162,0.8956955285840308,0.32432027367682004,0.8977120666035124,0.52432027367682,0.021852324818239604,0.170082325314973,10.0,51,53.43970362370606
geom_0002,414,22.559153179339326,25.129608945429162,0.8956955285840308,0.32432027367682004,0.8977120666035124,0.52432027367682,0.021852324818239604,0.170082325314973,10.0,52,53.28413998679169
geom_0002,415,22.559153179339326,25.129608945429162,0.8956955285840308,0.32432027367682004,0.8977120666035124,0.52432027367682,0.021852324818239604,0.170082325314973,10.0,53,53.16049428173553
geom_0002,416,22.559153179339326,25.129608945429162,0.8956955285840308,0.32432027367682004,0.8977120666035124,0.52432027367682,0.021852324818239604,0.170082325314973,10.0,54,53.22618248470186
geom_0002,417,22.559153179339326,25.129608945429162,0.8956955285840308,0.32432027367682004,0.8977120666035124,0.52432027367682,0.021852324818239604,0.170082325314973,10.0,55,53.248752736092925
geom_0002,418,22.559153179339326,25.129608945429162,0.8956955285840308,0.32432027367682004,0.8977120666035124,0.52432027367682,0.021852324818239604,0.170082325314973,10.0,56,53.19082197755111
geom_0002,419,22.559153179339326,25.129608945429162,0.8956955285840308,0.32432027367682004,0.8977120666035124,0.52432027367682,0.021852324818239604,0.170082325314973,10.0,57,53.130572078833026
geom_0002,420,22.559153179339326,25.129608945429162,0.8956955285840308,0.32432027367682004,0.8977120666035124,0.52432027367682,0.021852324818239604,0.170082325314973,10.0,58,53.15781544553331
geom_0002,421,22.559153179339326,25.129608945429162,0.8956955285840308,0.32432027367682004,0.8977120666035124,0.52432027367682,0.021852324818239604,0.170082325314973,10.0,59,53.13966532071511
geom_0002,422,22.559153179339326,25.129608945429162,0.8956955285840308,0.32432027367682004,0.8977120666035124,0.52432027367682,0.021852324818239604,0.170082325314973,10.0,60,53.132875211117785
geom_0002,423,22.559153179339326,25.129608945429162,0.8956955285840308,0.32432027367682004,0.8977120666035124,0.52432027367682,0.021852324818239604,0.170082325314973,10.0,61,53.0318400111331
geom_0002,424,22.559153179339326,25.129608945429162,0.8956955285840308,0.32432027367682004,0.8977120666035124,0.52432027367682,0.021852324818239604,0.170082325314973,10.0,62,52.9230025269252
geom_0002,425,22.559153179339326,25.129608945429162,0.8956955285840308,0.32432027367682004,0.8977120666035124,0.52432027367682,0.021852324818239604,0.170082325314973,10.0,63,52.92761504302651
geom_0002,426,22.559153179339326,25.129608945429162,0.8956955285840308,0.32432027367682004,0.8977120666035124,0.52432027367682,0.021852324818239604,0.170082325314973,10.0,64,53.00735528070584
geom_0002,427,22.559153179339326,25.129608945429162,0.8956955285840308,0.32432027367682004,0.8977120666035124,0.52432027367682,0.021852324818239604,0.170082325314973,10.0,65,52.77934909688992
geom_0002,428,22.559153179339326,25.129608945429162,0.8956955285840308,0.32432027367682004,0.8977120666035124,0.52432027367682,0.021852324818239604,0.170082325314973,10.0,66,52.87287084107936
geom_0002,429,22.559153179339326,25.129608945429162,0.8956955285840308,0.32432027367682004,0.8977120666035124,0.52432027367682,0.021852324818239604,0.170082325314973,10.0,67,52.7722967744288
geom_0002,430,22.559153179339326,25.129608945429162,0.8956955285840308,0.32432027367682004,0.8977120666035124,0.52432027367682,0.021852324818239604,0.170082325314973,10.0,68,52.79084099536423
geom_0002,431,22.559153179339326,25.129608945429162,0.8956955285840308,0.32432027367682004,0.8977120666035124,0.52432027367682,0.021852324818239604,0.170082325314973,10.0,69,52.8928973054842
geom_0002,432,22.559153179339326,25.129608945429162,0.8956955285840308,0.32432027367682004,0.8977120666035124,0.52432027367682,0.021852324818239604,0.170082325314973,10.0,70,52.7620369881405
geom_0002,433,22.559153179339326,25.129608945429162,0.8956955285840308,0.32432027367682004,0.8977120666035124,0.52432027367682,0.021852324818239604,0.170082325314973,10.0,71,52.72627318004932
geom_0002,434,22.559153179339326,25.129608945429162,0.8956955285840308,0.32432027367682004,0.8977120666035124,0.52432027367682,0.021852324818239604,0.170082325314973,10.0,72,52.56521043137505
geom_0002,435,22.559153179339326,25.129608945429162,0.8956955285840308,0.32432027367682004,0.8977120666035124,0.52432027367682,0.021852324818239604,0.170082325314973,10.0,73,52.756287014141385
geom_0002,436,22.559153179339326,25.129608945429162,0.8956955285840308,0.32432027367682004,0.8977120666035124,0.52432027367682,0.021852324818239604,0.170082325314973,10.0,74,52.72760817020126
geom_0002,437,22.559153179339326,25.129608945429162,0.8956955285840308,0.32432027367682004,0.8977120666035124,0.52432027367682,0.021852324818239604,0.170082325314973,10.0,75,52.86174752367718
geom_0002,438,22.559153179339326,25.129608945429162,0.8956955285840308,0.32432027367682004,0.8977120666035124,0.52432027367682,0.021852324818239604,0.170082325314973,10.0,76,52.59800074421346
geom_0002,439,22.559153179339326,25.129608945429162,0.8956955285840308,0.32432027367682004,0.8977120666035124,0.52432027367682,0.021852324818239604,0.170082325314973,10.0,77,52.63507259733327
geom_0002,440,22.559153179339326,25.129608945429162,0.8956955285840308,0.32432027367682004,0.8977120666035124,0.52432027367682,0.021852324818239604,0.170082325314973,10.0,78,52.623523887819935
geom_0002,441,22.559153179339326,25.129608945429162,0.8956955285840308,0.32432027367682004,0.8977120666035124,0.52432027367682,0.021852324818239604,0.170082325314973,10.0,79,52.74283241746665
geom_0002,442,22.559153179339326,25.129608945429162,0.8956955285840308,0.32432027367682004,0.8977120666035124,0.52432027367682,0.021852324818239604,0.170082325314973,10.0,80,52.563155526052014
geom_0002,443,22.559153179339326,25.129608945429162,0.8956955285840308,0.32432027367682004,0.8977120666035124,0.52432027367682,0.021852324818239604,0.170082325314973,10.0,81,52.589302563769735
geom_0002,444,22.559153179339326,25.129608945429162,0.8956955285840308,0.32432027367682004,0.8977120666035124,0.52432027367682,0.021852324818239604,0.170082325314973,10.0,82,52.612041748992475
geom_0002,445,22.559153179339326,25.129608945429162,0.8956955285840308,0.32432027367682004,0.8977120666035124,0.52432027367682,0.021852324818239604,0.170082325314973,10.0,83,52.56091813062944
geom_0002,446,22.559153179339326,25.129608945429162,0.8956955285840308,0.32432027367682004,0.8977120666035124,0.52432027367682,0.021852324818239604,0.170082325314973,10.0,84,52.48978753262594
geom_0002,447,22.559153179339326,25.129608945429162,0.8956955285840308,0.32432027367682004,0.8977120666035124,0.52432027367682,0.021852324818239604,0.170082325314973,10.0,85,52.54719527040017
geom_0002,448,22.559153179339326,25.129608945429162,0.8956955285840308,0.32432027367682004,0.8977120666035124,0.52432027367682,0.021852324818239604,0.170082325314973,10.0,86,52.629697676838425
geom_0002,449,22.559153179339326,25.129608945429162,0.8956955285840308,0.32432027367682004,0.8977120666035124,0.52432027367682,0.021852324818239604,0.170082325314973,10.0,87,52.415433200960784
geom_0002,450,22.559153179339326,25.129608945429162,0.8956955285840308,0.32432027367682004,0.8977120666035124,0.52432027367682,0.021852324818239604,0.170082325314973,10.0,88,52.528341050508295
geom_0002,451,22.559153179339326,25.129608945429162,0.8956955285840308,0.32432027367682004,0.8977120666035124,0.52432027367682,0.021852324818239604,0.170082325314973,10.0,89,52.44320557273538
geom_0002,452,22.559153179339326,25.129608945429162,0.8956955285840308,0.32432027367682004,0.8977120666035124,0.52432027367682,0.021852324818239604,0.170082325314973,10.0,90,52.632113167337636
geom_0002,453,22.559153179339326,25.129608945429162,0.8956955285840308,0.32432027367682004,0.8977120666035124,0.52432027367682,0.021852324818239604,0.170082325314973,10.0,91,52.36089896375092
geom_0002,454,22.559153179339326,25.129608945429162,0.8956955285840308,0.32432027367682004,0.8977120666035124,0.52432027367682,0.021852324818239604,0.170082325314973,10.0,92,52.45915189836645
geom_0002,455,22.559153179339326,25.129608945429162,0.8956955285840308,0.32432027367682004,0.8977120666035124,0.52432027367682,0.021852324818239604,0.170082325314973,10.0,93,52.55580591840834
geom_0002,456,22.559153179339326,25.129608945429162,0.8956955285840308,0.32432027367682004,0.8977120666035124,0.52432027367682,0.021852324818239604,0.170082325314973,10.0,94,52.67888690477588
geom_0002,457,22.559153179339326,25.129608945429162,0.8956955285840308,0.32432027367682004,0.8977120666035124,0.52432027367682,0.021852324818239604,0.170082325314973,10.0,95,52.52121124500304
geom_0002,458,22.559153179339326,25.129608945429162,0.8956955285840308,0.32432027367682004,0.8977120666035124,0.52432027367682,0.021852324818239604,0.170082325314973,10.0,96,52.47891094141167
geom_0002,459,22.559153179339326,25.129608945429162,0.8956955285840308,0.32432027367682004,0.8977120666035124,0.52432027367682,0.021852324818239604,0.170082325314973,10.0,97,52.73037292525787
geom_0002,460,22.559153179339326,25.129608945429162,0.8956955285840308,0.32432027367682004,0.8977120666035124,0.52432027367682,0.021852324818239604,0.170082325314973,10.0,98,52.4064507079792
geom_0002,461,22.559153179339326,25.129608945429162,0.8956955285840308,0.32432027367682004,0.8977120666035124,0.52432027367682,0.021852324818239604,0.170082325314973,10.0,99,52.341519815530695
geom_0002,462,22.559153179339326,25.129608945429162,0.8956955285840308,0.32432027367682004,0.8977120666035124,0.52432027367682,0.021852324818239604,0.170082325314973,10.0,100,52.61668652429604
geom_0002,463,22.559153179339326,25.129608945429162,0.8956955285840308,0.32432027367682004,0.8977120666035124,0.52432027367682,0.021852324818239604,0.170082325314973,10.0,101,52.53488166705504
geom_0002,464,22.559153179339326,25.129608945429162,0.8956955285840308,0.32432027367682004,0.8977120666035124,0.52432027367682,0.021852324818239604,0.170082325314973,10.0,102,52.49646223773579
geom_0002,465,22.559153179339326,25.129608945429162,0.8956955285840308,0.32432027367682004,0.8977120666035124,0.52432027367682,0.021852324818239604,0.170082325314973,10.0,103,52.68399320929681
geom_0002,466,22.559153179339326,25.129608945429162,0.8956955285840308,0.32432027367682004,0.8977120666035124,0.52432027367682,0.021852324818239604,0.170082325314973,10.0,104,52.65315863908587
geom_0002,467,22.559153179339326,25.129608945429162,0.8956955285840308,0.32432027367682004,0.8977120666035124,0.52432027367682,0.021852324818239604,0.170082325314973,10.0,105,52.58901418827296
geom_0002,468,22.559153179339326,25.129608945429162,0.8956955285840308,0.32432027367682004,0.8977120666035124,0.52432027367682,0.021852324818239604,0.170082325314973,10.0,106,52.53502931222006
geom_0002,469,22.559153179339326,25.129608945429162,0.8956955285840308,0.32432027367682004,0.8977120666035124,0.52432027367682,0.021852324818239604,0.170082325314973,10.0,107,52.76890739036668
geom_0002,470,22.559153179339326,25.129608945429162,0.8956955285840308,0.32432027367682004,0.8977120666035124,0.52432027367682,0.021852324818239604,0.170082325314973,10.0,108,52.76621616326891
geom_0002,471,22.559153179339326,25.129608945429162,0.8956955285840308,0.32432027367682004,0.8977120666035124,0.52432027367682,0.021852324818239604,0.170082325314973,10.0,109,52.711711938855764
geom_0002,472,22.559153179339326,25.129608945429162,0.8956955285840308,0.32432027367682004,0.8977120666035124,0.52432027367682,0.021852324818239604,0.170082325314973,10.0,110,52.92759078094328
geom_0002,473,22.559153179339326,25.129608945429162,0.8956955285840308,0.32432027367682004,0.8977120666035124,0.52432027367682,0.021852324818239604,0.170082325314973,10.0,111,52.658043642590854
geom_0002,474,22.559153179339326,25.129608945429162,0.8956955285840308,0.32432027367682004,0.8977120666035124,0.52432027367682,0.021852324818239604,0.170082325314973,10.0,112,52.635413995978276
geom_0002,475,22.559153179339326,25.129608945429162,0.8956955285840308,0.32432027367682004,0.8977120666035124,0.52432027367682,0.021852324818239604,0.170082325314973,10.0,113,52.74243984867341
geom_0002,476,22.559153179339326,25.129608945429162,0.8956955285840308,0.32432027367682004,0.8977120666035124,0.52432027367682,0.021852324818239604,0.170082325314973,10.0,114,52.83144490855652
geom_0002,477,22.559153179339326,25.129608945429162,0.8956955285840308,0.32432027367682004,0.8977120666035124,0.52432027367682,0.021852324818239604,0.170082325314973,10.0,115,52.885376608920915
geom_0002,478,22.559153179339326,25.129608945429162,0.8956955285840308,0.32432027367682004,0.8977120666035124,0.52432027367682,0.021852324818239604,0.170082325314973,10.0,116,52.86258077826937
geom_0002,479,22.559153179339326,25.129608945429162,0.8956955285840308,0.32432027367682004,0.8977120666035124,0.52432027367682,0.021852324818239604,0.170082325314973,10.0,117,52.94814921403461
geom_0002,480,22.559153179339326,25.129608945429162,0.8956955285840308,0.32432027367682004,0.8977120666035124,0.52432027367682,0.021852324818239604,0.170082325314973,10.0,118,52.81456039253784
geom_0002,481,22.559153179339326,25.129608945429162,0.8956955285840308,0.32432027367682004,0.8977120666035124,0.52432027367682,0.021852324818239604,0.170082325314973,10.0,119,53.111345482781466
geom_0002,482,22.559153179339326,25.129608945429162,0.8956955285840308,0.32432027367682004,0.8977120666035124,0.52432027367682,0.021852324818239604,0.170082325314973,10.0,120,52.98644419417477
geom_0002,483,22.559153179339326,25.129608945429162,0.8956955285840308,0.32432027367682004,0.8977120666035124,0.52432027367682,0.021852324818239604,0.170082325314973,10.0,121,53.13446534482936
geom_0002,484,22.559153179339326,25.129608945429162,0.8956955285840308,0.32432027367682004,0.8977120666035124,0.52432027367682,0.021852324818239604,0.170082325314973,10.0,122,53.08542051121216
geom_0002,485,22.559153179339326,25.129608945429162,0.8956955285840308,0.32432027367682004,0.8977120666035124,0.52432027367682,0.021852324818239604,0.170082325314973,10.0,123,53.125519997637674
geom_0002,486,22.559153179339326,25.129608945429162,0.8956955285840308,0.32432027367682004,0.8977120666035124,0.52432027367682,0.021852324818239604,0.170082325314973,10.0,124,53.165750487454595
geom_0002,487,22.559153179339326,25.129608945429162,0.8956955285840308,0.32432027367682004,0.8977120666035124,0.52432027367682,0.021852324818239604,0.170082325314973,10.0,125,53.182653234036366
geom_0002,488,22.559153179339326,25.129608945429162,0.8956955285840308,0.32432027367682004,0.8977120666035124,0.52432027367682,0.021852324818239604,0.170082325314973,10.0,126,53.23138927761938
geom_0002,489,22.559153179339326,25.129608945429162,0.8956955285840308,0.32432027367682004,0.8977120666035124,0.52432027367682,0.021852324818239604,0.170082325314973,10.0,127,53.329338743827485
geom_0002,490,22.559153179339326,25.129608945429162,0.8956955285840308,0.32432027367682004,0.8977120666035124,0.52432027367682,0.021852324818239604,0.170082325314973,10.0,128,53.24539928522925
geom_0002,491,22.559153179339326,25.129608945429162,0.8956955285840308,0.32432027367682004,0.8977120666035124,0.52432027367682,0.021852324818239604,0.170082325314973,10.0,129,53.32593326689131
geom_0002,492,22.559153179339326,25.129608945429162,0.8956955285840308,0.32432027367682004,0.8977120666035124,0.52432027367682,0.021852324818239604,0.170082325314973,10.0,130,53.275251554753986
geom_0002,493,22.559153179339326,25.129608945429162,0.8956955285840308,0.32432027367682004,0.8977120666035124,0.52432027367682,0.021852324818239604,0.170082325314973,10.0,131,53.45727973499555
geom_0002,494,22.559153179339326,25.129608945429162,0.8956955285840308,0.32432027367682004,0.8977120666035124,0.52432027367682,0.021852324818239604,0.170082325314973,10.0,132,53.27446623029254
geom_0002,495,22.559153179339326,25.129608945429162,0.8956955285840308,0.32432027367682004,0.8977120666035124,0.52432027367682,0.021852324818239604,0.170082325314973,10.0,133,53.55077524035839
geom_0002,496,22.559153179339326,25.129608945429162,0.8956955285840308,0.32432027367682004,0.8977120666035124,0.52432027367682,0.021852324818239604,0.170082325314973,10.0,134,53.39492306500427
geom_0002,497,22.559153179339326,25.129608945429162,0.8956955285840308,0.32432027367682004,0.8977120666035124,0.52432027367682,0.021852324818239604,0.170082325314973,10.0,135,53.28374455660644
geom_0002,498,22.559153179339326,25.129608945429162,0.8956955285840308,0.32432027367682004,0.8977120666035124,0.52432027367682,0.021852324818239604,0.170082325314973,10.0,136,53.467084931907976
geom_0002,499,22.559153179339326,25.129608945429162,0.8956955285840308,0.32432027367682004,0.8977120666035124,0.52432027367682,0.021852324818239604,0.170082325314973,10.0,137,53.41313476943885
geom_0002,500,22.559153179339326,25.129608945429162,0.8956955285840308,0.32432027367682004,0.8977120666035124,0.52432027367682,0.021852324818239604,0.170082325314973,10.0,138,53.59172676696322
geom_0002,501,22.559153179339326,25.129608945429162,0.8956955285840308,0.32432027367682004,0.8977120666035124,0.52432027367682,0.021852324818239604,0.170082325314973,10.0,139,53.46822381593603
geom_0002,502,22.559153179339326,25.129608945429162,0.8956955285840308,0.32432027367682004,0.8977120666035124,0.52432027367682,0.021852324818239604,0.170082325314973,10.0,140,53.514037646997146
geom_0002,503,22.559153179339326,25.129608945429162,0.8956955285840308,0.32432027367682004,0.8977120666035124,0.52432027367682,0.021852324818239604,0.170082325314973,10.0,141,53.394162749676916
geom_0002,504,22.559153179339326,25.129608945429162,0.8956955285840308,0.32432027367682004,0.8977120666035124,0.52432027367682,0.021852324818239604,0.170082325314973,10.0,142,53.56158366657106
geom_0002,505,22.559153179339326,25.129608945429162,0.8956955285840308,0.32432027367682004,0.8977120666035124,0.52432027367682,0.021852324818239604,0.170082325314973,10.0,143,53.387306651811855
geom_0002,506,22.559153179339326,25.129608945429162,0.8956955285840308,0.32432027367682004,0.8977120666035124,0.52432027367682,0.021852324818239604,0.170082325314973,10.0,144,53.49331421824395
geom_0002,507,22.559153179339326,25.129608945429162,0.8956955285840308,0.32432027367682004,0.8977120666035124,0.52432027367682,0.021852324818239604,0.170082325314973,10.0,145,53.74883305775018
geom_0002,508,22.559153179339326,25.129608945429162,0.8956955285840308,0.32432027367682004,0.8977120666035124,0.52432027367682,0.021852324818239604,0.170082325314973,10.0,146,53.7714842173756
geom_0002,509,22.559153179339326,25.129608945429162,0.8956955285840308,0.32432027367682004,0.8977120666035124,0.52432027367682,0.021852324818239604,0.170082325314973,10.0,147,53.754537295267404
geom_0002,510,22.559153179339326,25.129608945429162,0.8956955285840308,0.32432027367682004,0.8977120666035124,0.52432027367682,0.021852324818239604,0.170082325314973,10.0,148,53.63330613878226
geom_0002,511,22.559153179339326,25.129608945429162,0.8956955285840308,0.32432027367682004,0.8977120666035124,0.52432027367682,0.021852324818239604,0.170082325314973,10.0,149,53.7421208628299
geom_0002,512,22.559153179339326,25.129608945429162,0.8956955285840308,0.32432027367682004,0.8977120666035124,0.52432027367682,0.021852324818239604,0.170082325314973,10.0,150,53.762248250536096
geom_0002,513,22.559153179339326,25.129608945429162,0.8956955285840308,0.32432027367682004,0.8977120666035124,0.52432027367682,0.021852324818239604,0.170082325314973,10.0,151,53.66127017236838
geom_0002,514,22.559153179339326,25.129608945429162,0.8956955285840308,0.32432027367682004,0.8977120666035124,0.52432027367682,0.021852324818239604,0.170082325314973,10.0,152,53.940680815399766
geom_0002,515,22.559153179339326,25.129608945429162,0.8956955285840308,0.32432027367682004,0.8977120666035124,0.52432027367682,0.021852324818239604,0.170082325314973,10.0,153,53.890003611420525
geom_0002,516,22.559153179339326,25.129608945429162,0.8956955285840308,0.32432027367682004,0.8977120666035124,0.52432027367682,0.021852324818239604,0.170082325314973,10.0,154,53.790746593628825
geom_0002,517,22.559153179339326,25.129608945429162,0.8956955285840308,0.32432027367682004,0.8977120666035124,0.52432027367682,0.021852324818239604,0.170082325314973,10.0,155,53.82471502635582
geom_0002,518,22.559153179339326,25.129608945429162,0.8956955285840308,0.32432027367682004,0.8977120666035124,0.52432027367682,0.021852324818239604,0.170082325314973,10.0,156,53.850615980929796
geom_0002,519,22.559153179339326,25.129608945429162,0.8956955285840308,0.32432027367682004,0.8977120666035124,0.52432027367682,0.021852324818239604,0.170082325314973,10.0,157,53.63188483026977
geom_0002,520,22.559153179339326,25.129608945429162,0.8956955285840308,0.32432027367682004,0.8977120666035124,0.52432027367682,0.021852324818239604,0.170082325314973,10.0,158,53.816113653532895
geom_0002,521,22.559153179339326,25.129608945429162,0.8956955285840308,0.32432027367682004,0.8977120666035124,0.52432027367682,0.021852324818239604,0.170082325314973,10.0,159,53.77586321695207
geom_0002,522,22.559153179339326,25.129608945429162,0.8956955285840308,0.32432027367682004,0.8977120666035124,0.52432027367682,0.021852324818239604,0.170082325314973,10.0,160,53.745553454785465
geom_0002,523,22.559153179339326,25.129608945429162,0.8956955285840308,0.32432027367682004,0.8977120666035124,0.52432027367682,0.021852324818239604,0.170082325314973,10.0,161,53.81765091448095
geom_0002,524,22.559153179339326,25.129608945429162,0.8956955285840308,0.32432027367682004,0.8977120666035124,0.52432027367682,0.021852324818239604,0.170082325314973,10.0,162,54.02393663744242
geom_0002,525,22.559153179339326,25.129608945429162,0.8956955285840308,0.32432027367682004,0.8977120666035124,0.52432027367682,0.021852324818239604,0.170082325314973,10.0,163,53.90499255884989
geom_0002,526,22.559153179339326,25.129608945429162,0.8956955285840308,0.32432027367682004,0.8977120666035124,0.52432027367682,0.021852324818239604,0.170082325314973,10.0,164,53.77883746133551
geom_0002,527,22.559153179339326,25.129608945429162,0.8956955285840308,0.32432027367682004,0.8977120666035124,0.52432027367682,0.021852324818239604,0.170082325314973,10.0,165,53.886542978462465
geom_0002,528,22.559153179339326,25.129608945429162,0.8956955285840308,0.32432027367682004,0.8977120666035124,0.52432027367682,0.021852324818239604,0.170082325314973,10.0,166,53.96080922859148
geom_0002,529,22.559153179339326,25.129608945429162,0.8956955285840308,0.32432027367682004,0.8977120666035124,0.52432027367682,0.021852324818239604,0.170082325314973,10.0,167,53.903165050872914
geom_0002,530,22.559153179339326,25.129608945429162,0.8956955285840308,0.32432027367682004,0.8977120666035124,0.52432027367682,0.021852324818239604,0.170082325314973,10.0,168,53.804713109536586
geom_0002,531,22.559153179339326,25.129608945429162,0.8956955285840308,0.32432027367682004,0.8977120666035124,0.52432027367682,0.021852324818239604,0.170082325314973,10.0,169,53.72030859927787
geom_0002,532,22.559153179339326,25.129608945429162,0.8956955285840308,0.32432027367682004,0.8977120666035124,0.52432027367682,0.021852324818239604,0.170082325314973,10.0,170,53.83926612231924
geom_0002,533,22.559153179339326,25.129608945429162,0.8956955285840308,0.32432027367682004,0.8977120666035124,0.52432027367682,0.021852324818239604,0.170082325314973,10.0,171,53.791410747510525
geom_0002,534,22.559153179339326,25.129608945429162,0.8956955285840308,0.32432027367682004,0.8977120666035124,0.52432027367682,0.021852324818239604,0.170082325314973,10.0,172,53.822366572275534
geom_0002,535,22.559153179339326,25.129608945429162,0.8956955285840308,0.32432027367682004,0.8977120666035124,0.52432027367682,0.021852324818239604,0.170082325314973,10.0,173,53.775307960837644
geom_0002,536,22.559153179339326,25.129608945429162,0.8956955285840308,0.32432027367682004,0.8977120666035124,0.52432027367682,0.021852324818239604,0.170082325314973,10.0,174,53.7938421036131
geom_0002,537,22.559153179339326,25.129608945429162,0.8956955285840308,0.32432027367682004,0.8977120666035124,0.52432027367682,0.021852324818239604,0.170082325314973,10.0,175,53.61060809830273
geom_0002,538,22.559153179339326,25.129608945429162,0.8956955285840308,0.32432027367682004,0.8977120666035124,0.52432027367682,0.021852324818239604,0.170082325314973,10.0,176,53.76926296160919
geom_0002,539,22.559153179339326,25.129608945429162,0.8956955285840308,0.32432027367682004,0.8977120666035124,0.52432027367682,0.021852324818239604,0.170082325314973,10.0,177,53.62882322045269
geom_0002,540,22.559153179339326,25.129608945429162,0.8956955285840308,0.32432027367682004,0.8977120666035124,0.52432027367682,0.021852324818239604,0.170082325314973,10.0,178,53.78627966050242
geom_0002,541,22.559153179339326,25.129608945429162,0.8956955285840308,0.32432027367682004,0.8977120666035124,0.52432027367682,0.021852324818239604,0.170082325314973,10.0,179,53.47768077603941
geom_0002,542,22.559153179339326,25.129608945429162,0.8956955285840308,0.32432027367682004,0.8977120666035124,0.52432027367682,0.021852324818239604,0.170082325314973,10.0,180,53.68620488476168
geom_0003,543,22.559153179339326,25.129608945429162,0.8956955285840308,0.32432027367682004,0.8977120666035124,0.52432027367682,0.021852324818239604,0.170082325314973,10.0,0,53.50914001570648
geom_0003,544,22.559153179339326,25.129608945429162,0.8956955285840308,0.32432027367682004,0.8977120666035124,0.52432027367682,0.021852324818239604,0.170082325314973,10.0,1,53.570021031102016
geom_0003,545,22.559153179339326,25.129608945429162,0.8956955285840308,0.32432027367682004,0.8977120666035124,0.52432027367682,0.021852324818239604,0.170082325314973,10.0,2,53.7338036225213
geom_0003,546,22.559153179339326,25.129608945429162,0.8956955285840308,0.32432027367682004,0.8977120666035124,0.52432027367682,0.021852324818239604,0.170082325314973,10.0,3,53.50922785590957
geom_0003,547,22.559153179339326,25.129608945429162,0.8956955285840308,0.32432027367682004,0.8977120666035124,0.52432027367682,0.021852324818239604,0.170082325314973,10.0,4,53.73595579489342
geom_0003,548,22.559153179339326,25.129608945429162,0.8956955285840308,0.32432027367682004,0.8977120666035124,0.52432027367682,0.021852324818239604,0.170082325314973,10.0,5,53.64273273503623
geom_0003,549,22.559153179339326,25.129608945429162,0.8956955285840308,0.32432027367682004,0.8977120666035124,0.52432027367682,0.021852324818239604,0.170082325314973,10.0,6,53.683940461115924
geom_0003,550,22.559153179339326,25.129608945429162,0.8956955285840308,0.32432027367682004,0.8977120666035124,0.52432027367682,0.021852324818239604,0.170082325314973,10.0,7,53.77927272988611
geom_0003,551,22.559153179339326,25.129608945429162,0.8956955285840308,0.32432027367682004,0.8977120666035124,0.52432027367682,0.021852324818239604,0.170082325314973,10.0,8,53.620575048116535
geom_0003,552,22.559153179339326,25.129608945429162,0.8956955285840308,0.32432027367682004,0.8977120666035124,0.52432027367682,0.021852324818239604,0.170082325314973,10.0,9,53.79030318358675
geom_0003,553,22.559153179339326,25.129608945429162,0.8956955285840308,0.32432027367682004,0.8977120666035124,0.52432027367682,0.021852324818239604,0.170082325314973,10.0,10,53.78608901177918
geom_0003,554,22.559153179339326,25.129608945429162,0.8956955285840308,0.32432027367682004,0.8977120666035124,0.52432027367682,0.021852324818239604,0.170082325314973,10.0,11,53.83424740344924
geom_0003,555,22.559153179339326,25.129608945429162,0.8956955285840308,0.32432027367682004,0.8977120666035124,0.52432027367682,0.021852324818239604,0.170082325314973,10.0,12,53.82766693693535
geom_0003,556,22.559153179339326,25.129608945429162,0.8956955285840308,0.32432027367682004,0.8977120666035124,0.52432027367682,0.021852324818239604,0.170082325314973,10.0,13,54.05623169657272
geom_0003,557,22.559153179339326,25.129608945429162,0.8956955285840308,0.32432027367682004,0.8977120666035124,0.52432027367682,0.021852324818239604,0.170082325314973,10.0,14,53.75709968650774
geom_0003,558,22.559153179339326,25.129608945429162,0.8956955285840308,0.32432027367682004,0.8977120666035124,0.52432027367682,0.021852324818239604,0.170082325314973,10.0,15,53.77618500482667
geom_0003,559,22.559153179339326,25.129608945429162,0.8956955285840308,0.32432027367682004,0.8977120666035124,0.52432027367682,0.021852324818239604,0.170082325314973,10.0,16,53.77364130767131
geom_0003,560,22.559153179339326,25.129608945429162,0.8956955285840308,0.32432027367682004,0.8977120666035124,0.52432027367682,0.021852324818239604,0.170082325314973,10.0,17,53.78536056080716
geom_0003,561,22.559153179339326,25.129608945429162,0.8956955285840308,0.32432027367682004,0.8977120666035124,0.52432027367682,0.021852324818239604,0.170082325314973,10.0,18,53.780429272026815
geom_0003,562,22.559153179339326,25.129608945429162,0.8956955285840308,0.32432027367682004,0.8977120666035124,0.52432027367682,0.021852324818239604,0.170082325314973,10.0,19,53.9646625968803
geom_0003,563,22.559153179339326,25.129608945429162,0.8956955285840308,0.32432027367682004,0.8977120666035124,0.52432027367682,0.021852324818239604,0.170082325314973,10.0,20,53.987765880573946
geom_0003,564,22.559153179339326,25.129608945429162,0.8956955285840308,0.32432027367682004,0.8977120666035124,0.52432027367682,0.021852324818239604,0.170082325314973,10.0,21,53.786987012376905
geom_0003,565,22.559153179339326,25.129608945429162,0.8956955285840308,0.32432027367682004,0.8977120666035124,0.52432027367682,0.021852324818239604,0.170082325314973,10.0,22,53.75759583447453
geom_0003,566,22.559153179339326,25.129608945429162,0.8956955285840308,0.32432027367682004,0.8977120666035124,0.52432027367682,0.021852324818239604,0.170082325314973,10.0,23,53.883199872750836
geom_0003,567,22.559153179339326,25.129608945429162,0.8956955285840308,0.32432027367682004,0.8977120666035124,0.52432027367682,0.021852324818239604,0.170082325314973,10.0,24,53.77455539570694
geom_0003,568,22.559153179339326,25.129608945429162,0.8956955285840308,0.32432027367682004,0.8977120666035124,0.52432027367682,0.021852324818239604,0.170082325314973,10.0,25,53.88531962423191
geom_0003,569,22.559153179339326,25.129608945429162,0.8956955285840308,0.32432027367682004,0.8977120666035124,0.52432027367682,0.021852324818239604,0.170082325314973,10.0,26,53.833135313096925
geom_0003,570,22.559153179339326,25.129608945429162,0.8956955285840308,0.32432027367682004,0.8977120666035124,0.52432027367682,0.021852324818239604,0.170082325314973,10.0,27,53.65069297086323
geom_0003,571,22.559153179339326,25.129608945429162,0.8956955285840308,0.32432027367682004,0.8977120666035124,0.52432027367682,0.021852324818239604,0.170082325314973,10.0,28,53.94509150535606
geom_0003,572,22.559153179339326,25.129608945429162,0.8956955285840308,0.32432027367682004,0.8977120666035124,0.52432027367682,0.021852324818239604,0.170082325314973,10.0,29,53.95669440859719
geom_0003,573,22.559153179339326,25.129608945429162,0.8956955285840308,0.32432027367682004,0.8977120666035124,0.52432027367682,0.021852324818239604,0.170082325314973,10.0,30,53.70132963539672
geom_0003,574,22.559153179339326,25.129608945429162,0.8956955285840308,0.32432027367682004,0.8977120666035124,0.52432027367682,0.021852324818239604,0.170082325314973,10.0,31,53.7081218424505
geom_0003,575,22.559153179339326,25.129608945429162,0.8956955285840308,0.32432027367682004,0.8977120666035124,0.52432027367682,0.021852324818239604,0.170082325314973,10.0,32,53.758590292167675
geom_0003,576,22.559153179339326,25.129608945429162,0.8956955285840308,0.32432027367682004,0.8977120666035124,0.52432027367682,0.021852324818239604,0.170082325314973,10.0,33,53.74543721808761
geom_0003,577,22.559153179339326,25.129608945429162,0.8956955285840308,0.32432027367682004,0.8977120666035124,0.52432027367682,0.021852324818239604,0.170082325314973,10.0,34,53.7587586287778
geom_0003,578,22.559153179339326,25.129608945429162,0.8956955285840308,0.32432027367682004,0.8977120666035124,0.52432027367682,0.021852324818239604,0.170082325314973,10.0,35,53.87381204601239
geom_0003,579,22.559153179339326,25.129608945429162,0.8956955285840308,0.32432027367682004,0.8977120666035124,0.52432027367682,0.021852324818239604,0.170082325314973,10.0,36,53.63400977784312
geom_0003,580,22.559153179339326,25.129608945429162,0.8956955285840308,0.32432027367682004,0.8977120666035124,0.52432027367682,0.021852324818239604,0.170082325314973,10.0,37,53.549864860020904
geom_0003,581,22.559153179339326,25.129608945429162,0.8956955285840308,0.32432027367682004,0.8977120666035124,0.52432027367682,0.021852324818239604,0.170082325314973,10.0,38,53.46888237569452
geom_0003,582,22.559153179339326,25.129608945429162,0.8956955285840308,0.32432027367682004,0.8977120666035124,0.52432027367682,0.021852324818239604,0.170082325314973,10.0,39,53.51002381877727
geom_0003,583,22.559153179339326,25.129608945429162,0.8956955285840308,0.32432027367682004,0.8977120666035124,0.52432027367682,0.021852324818239604,0.170082325314973,10.0,40,53.55534329303125
geom_0003,584,22.559153179339326,25.129608945429162,0.8956955285840308,0.32432027367682004,0.8977120666035124,0.52432027367682,0.021852324818239604,0.170082325314973,10.0,41,53.71294200021805
geom_0003,585,22.559153179339326,25.129608945429162,0.8956955285840308,0.32432027367682004,0.8977120666035124,0.52432027367682,0.021852324818239604,0.170082325314973,10.0,42,53.45590128216073
geom_0003,586,22.559153179339326,25.129608945429162,0.8956955285840308,0.32432027367682004,0.8977120666035124,0.52432027367682,0.021852324818239604,0.170082325314973,10.0,43,53.503618730350226
geom_0003,587,22.559153179339326,25.129608945429162,0.8956955285840308,0.32432027367682004,0.8977120666035124,0.52432027367682,0.021852324818239604,0.170082325314973,10.0,44,53.452632200809624
geom_0003,588,22.559153179339326,25.129608945429162,0.8956955285840308,0.32432027367682004,0.8977120666035124,0.52432027367682,0.021852324818239604,0.170082325314973,10.0,45,53.545661394163055
geom_0003,589,22.559153179339326,25.129608945429162,0.8956955285840308,0.32432027367682004,0.8977120666035124,0.52432027367682,0.021852324818239604,0.170082325314973,10.0,46,53.651632102656066
geom_0003,590,22.559153179339326,25.129608945429162,0.8956955285840308,0.32432027367682004,0.8977120666035124,0.52432027367682,0.021852324818239604,0.170082325314973,10.0,47,53.317594319775274
geom_0003,591,22.559153179339326,25.129608945429162,0.8956955285840308,0.32432027367682004,0.8977120666035124,0.52432027367682,0.021852324818239604,0.170082325314973,10.0,48,53.293161516246634
geom_0003,592,22.559153179339326,25.129608945429162,0.8956955285840308,0.32432027367682004,0.8977120666035124,0.52432027367682,0.021852324818239604,0.170082325314973,10.0,49,53.41768410115751
geom_0003,593,22.559153179339326,25.129608945429162,0.8956955285840308,0.32432027367682004,0.8977120666035124,0.52432027367682,0.021852324818239604,0.170082325314973,10.0,50,53.35241427314534
geom_0003,594,22.559153179339326,25.129608945429162,0.8956955285840308,0.32432027367682004,0.8977120666035124,0.52432027367682,0.021852324818239604,0.170082325314973,10.0,51,53.43970362370606
geom_0003,595,22.559153179339326,25.129608945429162,0.8956955285840308,0.32432027367682004,0.8977120666035124,0.52432027367682,0.021852324818239604,0.170082325314973,10.0,52,53.28413998679169
geom_0003,596,22.559153179339326,25.129608945429162,0.8956955285840308,0.32432027367682004,0.8977120666035124,0.52432027367682,0.021852324818239604,0.170082325314973,10.0,53,53.16049428173553
geom_0003,597,22.559153179339326,25.129608945429162,0.8956955285840308,0.32432027367682004,0.8977120666035124,0.52432027367682,0.021852324818239604,0.170082325314973,10.0,54,53.22618248470186
geom_0003,598,22.559153179339326,25.129608945429162,0.8956955285840308,0.32432027367682004,0.8977120666035124,0.52432027367682,0.021852324818239604,0.170082325314973,10.0,55,53.248752736092925
geom_0003,599,22.559153179339326,25.129608945429162,0.8956955285840308,0.32432027367682004,0.8977120666035124,0.52432027367682,0.021852324818239604,0.170082325314973,10.0,56,53.19082197755111
geom_0003,600,22.559153179339326,25.129608945429162,0.8956955285840308,0.32432027367682004,0.8977120666035124,0.52432027367682,0.021852324818239604,0.170082325314973,10.0,57,53.130572078833026
geom_0003,601,22.559153179339326,25.129608945429162,0.8956955285840308,0.32432027367682004,0.8977120666035124,0.52432027367682,0.021852324818239604,0.170082325314973,10.0,58,53.15781544553331
geom_0003,602,22.559153179339326,25.129608945429162,0.8956955285840308,0.32432027367682004,0.8977120666035124,0.52432027367682,0.021852324818239604,0.170082325314973,10.0,59,53.13966532071511
geom_0003,603,22.559153179339326,25.129608945429162,0.8956955285840308,0.32432027367682004,0.8977120666035124,0.52432027367682,0.021852324818239604,0.170082325314973,10.0,60,53.132875211117785
geom_0003,604,22.559153179339326,25.129608945429162,0.8956955285840308,0.32432027367682004,0.8977120666035124,0.52432027367682,0.021852324818239604,0.170082325314973,10.0,61,53.0318400111331
geom_0003,605,22.559153179339326,25.129608945429162,0.8956955285840308,0.32432027367682004,0.8977120666035124,0.52432027367682,0.021852324818239604,0.170082325314973,10.0,62,52.9230025269252
geom_0003,606,22.559153179339326,25.129608945429162,0.8956955285840308,0.32432027367682004,0.8977120666035124,0.52432027367682,0.021852324818239604,0.170082325314973,10.0,63,52.92761504302651
geom_0003,607,22.559153179339326,25.129608945429162,0.8956955285840308,0.32432027367682004,0.8977120666035124,0.52432027367682,0.021852324818239604,0.170082325314973,10.0,64,53.00735528070584
geom_0003,608,22.559153179339326,25.129608945429162,0.8956955285840308,0.32432027367682004,0.8977120666035124,0.52432027367682,0.021852324818239604,0.170082325314973,10.0,65,52.77934909688992
geom_0003,609,22.559153179339326,25.129608945429162,0.8956955285840308,0.32432027367682004,0.8977120666035124,0.52432027367682,0.021852324818239604,0.170082325314973,10.0,66,52.87287084107936
geom_0003,610,22.559153179339326,25.129608945429162,0.8956955285840308,0.32432027367682004,0.8977120666035124,0.52432027367682,0.021852324818239604,0.170082325314973,10.0,67,52.7722967744288
geom_0003,611,22.559153179339326,25.129608945429162,0.8956955285840308,0.32432027367682004,0.8977120666035124,0.52432027367682,0.021852324818239604,0.170082325314973,10.0,68,52.79084099536423
geom_0003,612,22.559153179339326,25.129608945429162,0.8956955285840308,0.32432027367682004,0.8977120666035124,0.52432027367682,0.021852324818239604,0.170082325314973,10.0,69,52.8928973054842
geom_0003,613,22.559153179339326,25.129608945429162,0.8956955285840308,0.32432027367682004,0.8977120666035124,0.52432027367682,0.021852324818239604,0.170082325314973,10.0,70,52.7620369881405
geom_0003,614,22.559153179339326,25.129608945429162,0.8956955285840308,0.32432027367682004,0.8977120666035124,0.52432027367682,0.021852324818239604,0.170082325314973,10.0,71,52.72627318004932
geom_0003,615,22.559153179339326,25.129608945429162,0.8956955285840308,0.32432027367682004,0.8977120666035124,0.52432027367682,0.021852324818239604,0.170082325314973,10.0,72,52.56521043137505
geom_0003,616,22.559153179339326,25.129608945429162,0.8956955285840308,0.32432027367682004,0.8977120666035124,0.52432027367682,0.021852324818239604,0.170082325314973,10.0,73,52.756287014141385
geom_0003,617,22.559153179339326,25.129608945429162,0.8956955285840308,0.32432027367682004,0.8977120666035124,0.52432027367682,0.021852324818239604,0.170082325314973,10.0,74,52.72760817020126
geom_0003,618,22.559153179339326,25.129608945429162,0.8956955285840308,0.32432027367682004,0.8977120666035124,0.52432027367682,0.021852324818239604,0.170082325314973,10.0,75,52.86174752367718
geom_0003,619,22.559153179339326,25.129608945429162,0.8956955285840308,0.32432027367682004,0.8977120666035124,0.52432027367682,0.021852324818239604,0.170082325314973,10.0,76,52.59800074421346
geom_0003,620,22.559153179339326,25.129608945429162,0.8956955285840308,0.32432027367682004,0.8977120666035124,0.52432027367682,0.021852324818239604,0.170082325314973,10.0,77,52.63507259733327
geom_0003,621,22.559153179339326,25.129608945429162,0.8956955285840308,0.32432027367682004,0.8977120666035124,0.52432027367682,0.021852324818239604,0.170082325314973,10.0,78,52.623523887819935
geom_0003,622,22.559153179339326,25.129608945429162,0.8956955285840308,0.32432027367682004,0.8977120666035124,0.52432027367682,0.021852324818239604,0.170082325314973,10.0,79,52.74283241746665
geom_0003,623,22.559153179339326,25.129608945429162,0.8956955285840308,0.32432027367682004,0.8977120666035124,0.52432027367682,0.021852324818239604,0.170082325314973,10.0,80,52.563155526052014
geom_0003,624,22.559153179339326,25.129608945429162,0.8956955285840308,0.32432027367682004,0.8977120666035124,0.52432027367682,0.021852324818239604,0.170082325314973,10.0,81,52.589302563769735
geom_0003,625,22.559153179339326,25.129608945429162,0.8956955285840308,0.32432027367682004,0.8977120666035124,0.52432027367682,0.021852324818239604,0.170082325314973,10.0,82,52.612041748992475
geom_0003,626,22.559153179339326,25.129608945429162,0.8956955285840308,0.32432027367682004,0.8977120666035124,0.52432027367682,0.021852324818239604,0.170082325314973,10.0,83,52.56091813062944
geom_0003,627,22.559153179339326,25.129608945429162,0.8956955285840308,0.32432027367682004,0.8977120666035124,0.52432027367682,0.021852324818239604,0.170082325314973,10.0,84,52.48978753262594
geom_0003,628,22.559153179339326,25.129608945429162,0.8956955285840308,0.32432027367682004,0.8977120666035124,0.52432027367682,0.021852324818239604,0.170082325314973,10.0,85,52.54719527040017
geom_0003,629,22.559153179339326,25.129608945429162,0.8956955285840308,0.32432027367682004,0.8977120666035124,0.52432027367682,0.021852324818239604,0.170082325314973,10.0,86,52.629697676838425
geom_0003,630,22.559153179339326,25.129608945429162,0.8956955285840308,0.32432027367682004,0.8977120666035124,0.52432027367682,0.021852324818239604,0.170082325314973,10.0,87,52.415433200960784
geom_0003,631,22.559153179339326,25.129608945429162,0.8956955285840308,0.32432027367682004,0.8977120666035124,0.52432027367682,0.021852324818239604,0.170082325314973,10.0,88,52.528341050508295
geom_0003,632,22.559153179339326,25.129608945429162,0.8956955285840308,0.32432027367682004,0.8977120666035124,0.52432027367682,0.021852324818239604,0.170082325314973,10.0,89,52.44320557273538
geom_0003,633,22.559153179339326,25.129608945429162,0.8956955285840308,0.32432027367682004,0.8977120666035124,0.52432027367682,0.021852324818239604,0.170082325314973,10.0,90,52.632113167337636
geom_0003,634,22.559153179339326,25.129608945429162,0.8956955285840308,0.32432027367682004,0.8977120666035124,0.52432027367682,0.021852324818239604,0.170082325314973,10.0,91,52.36089896375092
geom_0003,635,22.559153179339326,25.129608945429162,0.8956955285840308,0.32432027367682004,0.8977120666035124,0.52432027367682,0.021852324818239604,0.170082325314973,10.0,92,52.45915189836645
geom_0003,636,22.559153179339326,25.129608945429162,0.8956955285840308,0.32432027367682004,0.8977120666035124,0.52432027367682,0.021852324818239604,0.170082325314973,10.0,93,52.55580591840834
geom_0003,637,22.559153179339326,25.129608945429162,0.8956955285840308,0.32432027367682004,0.8977120666035124,0.52432027367682,0.021852324818239604,0.170082325314973,10.0,94,52.67888690477588
geom_0003,638,22.559153179339326,25.129608945429162,0.8956955285840308,0.32432027367682004,0.8977120666035124,0.52432027367682,0.021852324818239604,0.170082325314973,10.0,95,52.52121124500304
geom_0003,639,22.559153179339326,25.129608945429162,0.8956955285840308,0.32432027367682004,0.8977120666035124,0.52432027367682,0.021852324818239604,0.170082325314973,10.0,96,52.47891094141167
geom_0003,640,22.559153179339326,25.129608945429162,0.8956955285840308,0.32432027367682004,0.8977120666035124,0.52432027367682,0.021852324818239604,0.170082325314973,10.0,97,52.73037292525787
geom_0003,641,22.559153179339326,25.129608945429162,0.8956955285840308,0.32432027367682004,0.8977120666035124,0.52432027367682,0.021852324818239604,0.170082325314973,10.0,98,52.4064507079792
geom_0003,642,22.559153179339326,25.129608945429162,0.8956955285840308,0.32432027367682004,0.8977120666035124,0.52432027367682,0.021852324818239604,0.170082325314973,10.0,99,52.341519815530695
geom_0003,643,22.559153179339326,25.129608945429162,0.8956955285840308,0.32432027367682004,0.8977120666035124,0.52432027367682,0.021852324818239604,0.170082325314973,10.0,100,52.61668652429604
geom_0003,644,22.559153179339326,25.129608945429162,0.8956955285840308,0.32432027367682004,0.8977120666035124,0.52432027367682,0.021852324818239604,0.170082325314973,10.0,101,52.53488166705504
geom_0003,645,22.559153179339326,25.129608945429162,0.8956955285840308,0.32432027367682004,0.8977120666035124,0.52432027367682,0.021852324818239604,0.170082325314973,10.0,102,52.49646223773579
geom_0003,646,22.559153179339326,25.129608945429162,0.8956955285840308,0.32432027367682004,0.8977120666035124,0.52432027367682,0.021852324818239604,0.170082325314973,10.0,103,52.68399320929681
geom_0003,647,22.559153179339326,25.129608945429162,0.8956955285840308,0.32432027367682004,0.8977120666035124,0.52432027367682,0.021852324818239604,0.170082325314973,10.0,104,52.65315863908587
geom_0003,648,22.559153179339326,25.129608945429162,0.8956955285840308,0.32432027367682004,0.8977120666035124,0.52432027367682,0.021852324818239604,0.170082325314973,10.0,105,52.58901418827296
geom_0003,649,22.559153179339326,25.129608945429162,0.8956955285840308,0.32432027367682004,0.8977120666035124,0.52432027367682,0.021852324818239604,0.170082325314973,10.0,106,52.53502931222006
geom_0003,650,22.559153179339326,25.129608945429162,0.8956955285840308,0.32432027367682004,0.8977120666035124,0.52432027367682,0.021852324818239604,0.170082325314973,10.0,107,52.76890739036668
geom_0003,651,22.559153179339326,25.129608945429162,0.8956955285840308,0.32432027367682004,0.8977120666035124,0.52432027367682,0.021852324818239604,0.170082325314973,10.0,108,52.76621616326891
geom_0003,652,22.559153179339326,25.129608945429162,0.8956955285840308,0.32432027367682004,0.8977120666035124,0.52432027367682,0.021852324818239604,0.170082325314973,10.0,109,52.711711938855764
geom_0003,653,22.559153179339326,25.129608945429162,0.8956955285840308,0.32432027367682004,0.8977120666035124,0.52432027367682,0.021852324818239604,0.170082325314973,10.0,110,52.92759078094328
geom_0003,654,22.559153179339326,25.129608945429162,0.8956955285840308,0.32432027367682004,0.8977120666035124,0.52432027367682,0.021852324818239604,0.170082325314973,10.0,111,52.658043642590854
geom_0003,655,22.559153179339326,25.129608945429162,0.8956955285840308,0.32432027367682004,0.8977120666035124,0.52432027367682,0.021852324818239604,0.170082325314973,10.0,112,52.635413995978276
geom_0003,656,22.559153179339326,25.129608945429162,0.8956955285840308,0.32432027367682004,0.8977120666035124,0.52432027367682,0.021852324818239604,0.170082325314973,10.0,113,52.74243984867341
geom_0003,657,22.559153179339326,25.129608945429162,0.8956955285840308,0.32432027367682004,0.8977120666035124,0.52432027367682,0.021852324818239604,0.170082325314973,10.0,114,52.83144490855652
geom_0003,658,22.559153179339326,25.129608945429162,0.8956955285840308,0.32432027367682004,0.8977120666035124,0.52432027367682,0.021852324818239604,0.170082325314973,10.0,115,52.885376608920915
geom_0003,659,22.559153179339326,25.129608945429162,0.8956955285840308,0.32432027367682004,0.8977120666035124,0.52432027367682,0.021852324818239604,0.170082325314973,10.0,116,52.86258077826937
geom_0003,660,22.559153179339326,25.129608945429162,0.8956955285840308,0.32432027367682004,0.8977120666035124,0.52432027367682,0.021852324818239604,0.170082325314973,10.0,117,52.94814921403461
geom_0003,661,22.559153179339326,25.129608945429162,0.8956955285840308,0.32432027367682004,0.8977120666035124,0.52432027367682,0.021852324818239604,0.170082325314973,10.0,118,52.81456039253784
geom_0003,662,22.559153179339326,25.129608945429162,0.8956955285840308,0.32432027367682004,0.8977120666035124,0.52432027367682,0.021852324818239604,0.170082325314973,10.0,119,53.111345482781466
geom_0003,663,22.559153179339326,25.129608945429162,0.8956955285840308,0.32432027367682004,0.8977120666035124,0.52432027367682,0.021852324818239604,0.170082325314973,10.0,120,52.98644419417477
geom_0003,664,22.559153179339326,25.129608945429162,0.8956955285840308,0.32432027367682004,0.8977120666035124,0.52432027367682,0.021852324818239604,0.170082325314973,10.0,121,53.13446534482936
geom_0003,665,22.559153179339326,25.129608945429162,0.8956955285840308,0.32432027367682004,0.8977120666035124,0.52432027367682,0.021852324818239604,0.170082325314973,10.0,122,53.08542051121216
geom_0003,666,22.559153179339326,25.129608945429162,0.8956955285840308,0.32432027367682004,0.8977120666035124,0.52432027367682,0.021852324818239604,0.170082325314973,10.0,123,53.125519997637674
geom_0003,667,22.559153179339326,25.129608945429162,0.8956955285840308,0.32432027367682004,0.8977120666035124,0.52432027367682,0.021852324818239604,0.170082325314973,10.0,124,53.165750487454595
geom_0003,668,22.559153179339326,25.129608945429162,0.8956955285840308,0.32432027367682004,0.8977120666035124,0.52432027367682,0.021852324818239604,0.170082325314973,10.0,125,53.182653234036366
geom_0003,669,22.559153179339326,25.129608945429162,0.8956955285840308,0.32432027367682004,0.8977120666035124,0.52432027367682,0.021852324818239604,0.170082325314973,10.0,126,53.23138927761938
geom_0003,670,22.559153179339326,25.129608945429162,0.8956955285840308,0.32432027367682004,0.8977120666035124,0.52432027367682,0.021852324818239604,0.170082325314973,10.0,127,53.329338743827485
geom_0003,671,22.559153179339326,25.129608945429162,0.8956955285840308,0.32432027367682004,0.8977120666035124,0.52432027367682,0.021852324818239604,0.170082325314973,10.0,128,53.24539928522925
geom_0003,672,22.559153179339326,25.129608945429162,0.8956955285840308,0.32432027367682004,0.8977120666035124,0.52432027367682,0.021852324818239604,0.170082325314973,10.0,129,53.32593326689131
geom_0003,673,22.559153179339326,25.129608945429162,0.8956955285840308,0.32432027367682004,0.8977120666035124,0.52432027367682,0.021852324818239604,0.170082325314973,10.0,130,53.275251554753986
geom_0003,674,22.559153179339326,25.129608945429162,0.8956955285840308,0.32432027367682004,0.8977120666035124,0.52432027367682,0.021852324818239604,0.170082325314973,10.0,131,53.45727973499555
geom_0003,675,22.559153179339326,25.129608945429162,0.8956955285840308,0.32432027367682004,0.8977120666035124,0.52432027367682,0.021852324818239604,0.170082325314973,10.0,132,53.27446623029254
geom_0003,676,22.559153179339326,25.129608945429162,0.8956955285840308,0.32432027367682004,0.8977120666035124,0.52432027367682,0.021852324818239604,0.170082325314973,10.0,133,53.55077524035839
geom_0003,677,22.559153179339326,25.129608945429162,0.8956955285840308,0.32432027367682004,0.8977120666035124,0.52432027367682,0.021852324818239604,0.170082325314973,10.0,134,53.39492306500427
geom_0003,678,22.559153179339326,25.129608945429162,0.8956955285840308,0.32432027367682004,0.8977120666035124,0.52432027367682,0.021852324818239604,0.170082325314973,10.0,135,53.28374455660644
geom_0003,679,22.559153179339326,25.129608945429162,0.8956955285840308,0.32432027367682004,0.8977120666035124,0.52432027367682,0.021852324818239604,0.170082325314973,10.0,136,53.467084931907976
geom_0003,680,22.559153179339326,25.129608945429162,0.8956955285840308,0.32432027367682004,0.8977120666035124,0.52432027367682,0.021852324818239604,0.170082325314973,10.0,137,53.41313476943885
geom_0003,681,22.559153179339326,25.129608945429162,0.8956955285840308,0.32432027367682004,0.8977120666035124,0.52432027367682,0.021852324818239604,0.170082325314973,10.0,138,53.59172676696322
geom_0003,682,22.559153179339326,25.129608945429162,0.8956955285840308,0.32432027367682004,0.8977120666035124,0.52432027367682,0.021852324818239604,0.170082325314973,10.0,139,53.46822381593603
geom_0003,683,22.559153179339326,25.129608945429162,0.8956955285840308,0.32432027367682004,0.8977120666035124,0.52432027367682,0.021852324818239604,0.170082325314973,10.0,140,53.514037646997146
geom_0003,684,22.559153179339326,25.129608945429162,0.8956955285840308,0.32432027367682004,0.8977120666035124,0.52432027367682,0.021852324818239604,0.170082325314973,10.0,141,53.394162749676916
geom_0003,685,22.559153179339326,25.129608945429162,0.8956955285840308,0.32432027367682004,0.8977120666035124,0.52432027367682,0.021852324818239604,0.170082325314973,10.0,142,53.56158366657106
geom_0003,686,22.559153179339326,25.129608945429162,0.8956955285840308,0.32432027367682004,0.8977120666035124,0.52432027367682,0.021852324818239604,0.170082325314973,10.0,143,53.387306651811855
geom_0003,687,22.559153179339326,25.129608945429162,0.8956955285840308,0.32432027367682004,0.8977120666035124,0.52432027367682,0.021852324818239604,0.170082325314973,10.0,144,53.49331421824395
geom_0003,688,22.559153179339326,25.129608945429162,0.8956955285840308,0.32432027367682004,0.8977120666035124,0.52432027367682,0.021852324818239604,0.170082325314973,10.0,145,53.74883305775018
geom_0003,689,22.559153179339326,25.129608945429162,0.8956955285840308,0.32432027367682004,0.8977120666035124,0.52432027367682,0.021852324818239604,0.170082325314973,10.0,146,53.7714842173756
geom_0003,690,22.559153179339326,25.129608945429162,0.8956955285840308,0.32432027367682004,0.8977120666035124,0.52432027367682,0.021852324818239604,0.170082325314973,10.0,147,53.754537295267404
geom_0003,691,22.559153179339326,25.129608945429162,0.8956955285840308,0.32432027367682004,0.8977120666035124,0.52432027367682,0.021852324818239604,0.170082325314973,10.0,148,53.63330613878226
geom_0003,692,22.559153179339326,25.129608945429162,0.8956955285840308,0.32432027367682004,0.8977120666035124,0.52432027367682,0.021852324818239604,0.170082325314973,10.0,149,53.7421208628299
geom_0003,693,22.559153179339326,25.129608945429162,0.8956955285840308,0.32432027367682004,0.8977120666035124,0.52432027367682,0.021852324818239604,0.170082325314973,10.0,150,53.762248250536096
geom_0003,694,22.559153179339326,25.129608945429162,0.8956955285840308,0.32432027367682004,0.8977120666035124,0.52432027367682,0.021852324818239604,0.170082325314973,10.0,151,53.66127017236838
geom_0003,695,22.559153179339326,25.129608945429162,0.8956955285840308,0.32432027367682004,0.8977120666035124,0.52432027367682,0.021852324818239604,0.170082325314973,10.0,152,53.940680815399766
geom_0003,696,22.559153179339326,25.129608945429162,0.8956955285840308,0.32432027367682004,0.8977120666035124,0.52432027367682,0.021852324818239604,0.170082325314973,10.0,153,53.890003611420525
geom_0003,697,22.559153179339326,25.129608945429162,0.8956955285840308,0.32432027367682004,0.8977120666035124,0.52432027367682,0.021852324818239604,0.170082325314973,10.0,154,53.790746593628825
geom_0003,698,22.559153179339326,25.129608945429162,0.8956955285840308,0.32432027367682004,0.8977120666035124,0.52432027367682,0.021852324818239604,0.170082325314973,10.0,155,53.82471502635582
geom_0003,699,22.559153179339326,25.129608945429162,0.8956955285840308,0.32432027367682004,0.8977120666035124,0.52432027367682,0.021852324818239604,0.170082325314973,10.0,156,53.850615980929796
geom_0003,700,22.559153179339326,25.129608945429162,0.8956955285840308,0.32432027367682004,0.8977120666035124,0.52432027367682,0.021852324818239604,0.170082325314973,10.0,157,53.63188483026977
geom_0003,701,22.559153179339326,25.129608945429162,0.8956955285840308,0.32432027367682004,0.8977120666035124,0.52432027367682,0.021852324818239604,0.170082325314973,10.0,158,53.816113653532895
geom_0003,702,22.559153179339326,25.129608945429162,0.8956955285840308,0.32432027367682004,0.8977120666035124,0.52432027367682,0.021852324818239604,0.170082325314973,10.0,159,53.77586321695207
geom_0003,703,22.559153179339326,25.129608945429162,0.8956955285840308,0.32432027367682004,0.8977120666035124,0.52432027367682,0.021852324818239604,0.170082325314973,10.0,160,53.745553454785465
geom_0003,704,22.559153179339326,25.129608945429162,0.8956955285840308,0.32432027367682004,0.8977120666035124,0.52432027367682,0.021852324818239604,0.170082325314973,10.0,161,53.81765091448095
geom_0003,705,22.559153179339326,25.129608945429162,0.8956955285840308,0.32432027367682004,0.8977120666035124,0.52432027367682,0.021852324818239604,0.170082325314973,10.0,162,54.02393663744242
geom_0003,706,22.559153179339326,25.129608945429162,0.8956955285840308,0.32432027367682004,0.8977120666035124,0.52432027367682,0.021852324818239604,0.170082325314973,10.0,163,53.90499255884989
geom_0003,707,22.559153179339326,25.129608945429162,0.8956955285840308,0.32432027367682004,0.8977120666035124,0.52432027367682,0.021852324818239604,0.170082325314973,10.0,164,53.77883746133551
geom_0003,708,22.559153179339326,25.129608945429162,0.8956955285840308,0.32432027367682004,0.8977120666035124,0.52432027367682,0.021852324818239604,0.170082325314973,10.0,165,53.886542978462465
geom_0003,709,22.559153179339326,25.129608945429162,0.8956955285840308,0.32432027367682004,0.8977120666035124,0.52432027367682,0.021852324818239604,0.170082325314973,10.0,166,53.96080922859148
geom_0003,710,22.559153179339326,25.129608945429162,0.8956955285840308,0.32432027367682004,0.8977120666035124,0.52432027367682,0.021852324818239604,0.170082325314973,10.0,167,53.903165050872914
geom_0003,711,22.559153179339326,25.129608945429162,0.8956955285840308,0.32432027367682004,0.8977120666035124,0.52432027367682,0.021852324818239604,0.170082325314973,10.0,168,53.804713109536586
geom_0003,712,22.559153179339326,25.129608945429162,0.8956955285840308,0.32432027367682004,0.8977120666035124,0.52432027367682,0.021852324818239604,0.170082325314973,10.0,169,53.72030859927787
geom_0003,713,22.559153179339326,25.129608945429162,0.8956955285840308,0.32432027367682004,0.8977120666035124,0.52432027367682,0.021852324818239604,0.170082325314973,10.0,170,53.83926612231924
geom_0003,714,22.559153179339326,25.129608945429162,0.8956955285840308,0.32432027367682004,0.8977120666035124,0.52432027367682,0.021852324818239604,0.170082325314973,10.0,171,53.791410747510525
geom_0003,715,22.559153179339326,25.129608945429162,0.8956955285840308,0.32432027367682004,0.8977120666035124,0.52432027367682,0.021852324818239604,0.170082325314973,10.0,172,53.822366572275534
geom_0003,716,22.559153179339326,25.129608945429162,0.8956955285840308,0.32432027367682004,0.8977120666035124,0.52432027367682,0.021852324818239604,0.170082325314973,10.0,173,53.775307960837644
geom_0003,717,22.559153179339326,25.129608945429162,0.8956955285840308,0.32432027367682004,0.8977120666035124,0.52432027367682,0.021852324818239604,0.170082325314973,10.0,174,53.7938421036131
geom_0003,718,22.559153179339326,25.129608945429162,0.8956955285840308,0.32432027367682004,0.8977120666035124,0.52432027367682,0.021852324818239604,0.170082325314973,10.0,175,53.61060809830273
geom_0003,719,22.559153179339326,25.129608945429162,0.8956955285840308,0.32432027367682004,0.8977120666035124,0.52432027367682,0.021852324818239604,0.170082325314973,10.0,176,53.76926296160919
geom_0003,720,22.559153179339326,25.129608945429162,0.8956955285840308,0.32432027367682004,0.8977120666035124,0.52432027367682,0.021852324818239604,0.170082325314973,10.0,177,53.62882322045269
geom_0003,721,22.559153179339326,25.129608945429162,0.8956955285840308,0.32432027367682004,0.8977120666035124,0.52432027367682,0.021852324818239604,0.170082325314973,10.0,178,53.78627966050242
geom_0003,722,22.559153179339326,25.129608945429162,0.8956955285840308,0.32432027367682004,0.8977120666035124,0.52432027367682,0.021852324818239604,0.170082325314973,10.0,179,53.47768077603941
geom_0003,723,22.559153179339326,25.129608945429162,0.8956955285840308,0.32432027367682004,0.8977120666035124,0.52432027367682,0.021852324818239604,0.170082325314973,10.0,180,53.68620488476168
geom_0004,724,22.559153179339326,25.129608945429162,0.8956955285840308,0.32432027367682004,0.8977120666035124,0.52432027367682,0.021852324818239604,0.170082325314973,10.0,0,53.50914001570648
geom_0004,725,22.559153179339326,25.129608945429162,0.8956955285840308,0.32432027367682004,0.8977120666035124,0.52432027367682,0.021852324818239604,0.170082325314973,10.0,1,53.570021031102016
geom_0004,726,22.559153179339326,25.129608945429162,0.8956955285840308,0.32432027367682004,0.8977120666035124,0.52432027367682,0.021852324818239604,0.170082325314973,10.0,2,53.7338036225213
geom_0004,727,22.559153179339326,25.129608945429162,0.8956955285840308,0.32432027367682004,0.8977120666035124,0.52432027367682,0.021852324818239604,0.170082325314973,10.0,3,53.50922785590957
geom_0004,728,22.559153179339326,25.129608945429162,0.8956955285840308,0.32432027367682004,0.8977120666035124,0.52432027367682,0.021852324818239604,0.170082325314973,10.0,4,53.73595579489342
geom_0004,729,22.559153179339326,25.129608945429162,0.8956955285840308,0.32432027367682004,0.8977120666035124,0.52432027367682,0.021852324818239604,0.170082325314973,10.0,5,53.64273273503623
geom_0004,730,22.559153179339326,25.129608945429162,0.8956955285840308,0.32432027367682004,0.8977120666035124,0.52432027367682,0.021852324818239604,0.170082325314973,10.0,6,53.683940461115924
geom_0004,731,22.559153179339326,25.129608945429162,0.8956955285840308,0.32432027367682004,0.8977120666035124,0.52432027367682,0.021852324818239604,0.170082325314973,10.0,7,53.77927272988611
geom_0004,732,22.559153179339326,25.129608945429162,0.8956955285840308,0.32432027367682004,0.8977120666035124,0.52432027367682,0.021852324818239604,0.170082325314973,10.0,8,53.620575048116535
geom_0004,733,22.559153179339326,25.129608945429162,0.8956955285840308,0.32432027367682004,0.8977120666035124,0.52432027367682,0.021852324818239604,0.170082325314973,10.0,9,53.79030318358675
geom_0004,734,22.559153179339326,25.129608945429162,0.8956955285840308,0.32432027367682004,0.8977120666035124,0.52432027367682,0.021852324818239604,0.170082325314973,10.0,10,53.78608901177918
geom_0004,735,22.559153179339326,25.129608945429162,0.8956955285840308,0.32432027367682004,0.8977120666035124,0.52432027367682,0.021852324818239604,0.170082325314973,10.0,11,53.83424740344924
geom_0004,736,22.559153179339326,25.129608945429162,0.8956955285840308,0.32432027367682004,0.8977120666035124,0.52432027367682,0.021852324818239604,0.170082325314973,10.0,12,53.82766693693535
geom_0004,737,22.559153179339326,25.129608945429162,0.8956955285840308,0.32432027367682004,0.8977120666035124,0.52432027367682,0.021852324818239604,0.170082325314973,10.0,13,54.05623169657272
geom_0004,738,22.559153179339326,25.129608945429162,0.8956955285840308,0.32432027367682004,0.8977120666035124,0.52432027367682,0.021852324818239604,0.170082325314973,10.0,14,53.75709968650774
geom_0004,739,22.559153179339326,25.129608945429162,0.8956955285840308,0.32432027367682004,0.8977120666035124,0.52432027367682,0.021852324818239604,0.170082325314973,10.0,15,53.77618500482667
geom_0004,740,22.559153179339326,25.129608945429162,0.8956955285840308,0.32432027367682004,0.8977120666035124,0.52432027367682,0.021852324818239604,0.170082325314973,10.0,16,53.77364130767131
geom_0004,741,22.559153179339326,25.129608945429162,0.8956955285840308,0.32432027367682004,0.8977120666035124,0.52432027367682,0.021852324818239604,0.170082325314973,10.0,17,53.78536056080716
geom_0004,742,22.559153179339326,25.129608945429162,0.8956955285840308,0.32432027367682004,0.8977120666035124,0.52432027367682,0.021852324818239604,0.170082325314973,10.0,18,53.780429272026815
geom_0004,743,22.559153179339326,25.129608945429162,0.8956955285840308,0.32432027367682004,0.8977120666035124,0.52432027367682,0.021852324818239604,0.170082325314973,10.0,19,53.9646625968803
geom_0004,744,22.559153179339326,25.129608945429162,0.8956955285840308,0.32432027367682004,0.8977120666035124,0.52432027367682,0.021852324818239604,0.170082325314973,10.0,20,53.987765880573946
geom_0004,745,22.559153179339326,25.129608945429162,0.8956955285840308,0.32432027367682004,0.8977120666035124,0.52432027367682,0.021852324818239604,0.170082325314973,10.0,21,53.786987012376905
geom_0004,746,22.559153179339326,25.129608945429162,0.8956955285840308,0.32432027367682004,0.8977120666035124,0.52432027367682,0.021852324818239604,0.170082325314973,10.0,22,53.75759583447453
geom_0004,747,22.559153179339326,25.129608945429162,0.8956955285840308,0.32432027367682004,0.8977120666035124,0.52432027367682,0.021852324818239604,0.170082325314973,10.0,23,53.883199872750836
geom_0004,748,22.559153179339326,25.129608945429162,0.8956955285840308,0.32432027367682004,0.8977120666035124,0.52432027367682,0.021852324818239604,0.170082325314973,10.0,24,53.77455539570694
geom_0004,749,22.559153179339326,25.129608945429162,0.8956955285840308,0.32432027367682004,0.8977120666035124,0.52432027367682,0.021852324818239604,0.170082325314973,10.0,25,53.88531962423191
geom_0004,750,22.559153179339326,25.129608945429162,0.8956955285840308,0.32432027367682004,0.8977120666035124,0.52432027367682,0.021852324818239604,0.170082325314973,10.0,26,53.833135313096925
geom_0004,751,22.559153179339326,25.129608945429162,0.8956955285840308,0.32432027367682004,0.8977120666035124,0.52432027367682,0.021852324818239604,0.170082325314973,10.0,27,53.65069297086323
geom_0004,752,22.559153179339326,25.129608945429162,0.8956955285840308,0.32432027367682004,0.8977120666035124,0.52432027367682,0.021852324818239604,0.170082325314973,10.0,28,53.94509150535606
geom_0004,753,22.559153179339326,25.129608945429162,0.8956955285840308,0.32432027367682004,0.8977120666035124,0.52432027367682,0.021852324818239604,0.170082325314973,10.0,29,53.95669440859719
geom_0004,754,22.559153179339326,25.129608945429162,0.8956955285840308,0.32432027367682004,0.8977120666035124,0.52432027367682,0.021852324818239604,0.170082325314973,10.0,30,53.70132963539672
geom_0004,755,22.559153179339326,25.129608945429162,0.8956955285840308,0.32432027367682004,0.8977120666035124,0.52432027367682,0.021852324818239604,0.170082325314973,10.0,31,53.7081218424505
geom_0004,756,22.559153179339326,25.129608945429162,0.8956955285840308,0.32432027367682004,0.8977120666035124,0.52432027367682,0.021852324818239604,0.170082325314973,10.0,32,53.758590292167675
geom_0004,757,22.559153179339326,25.129608945429162,0.8956955285840308,0.32432027367682004,0.8977120666035124,0.52432027367682,0.021852324818239604,0.170082325314973,10.0,33,53.74543721808761
geom_0004,758,22.559153179339326,25.129608945429162,0.8956955285840308,0.32432027367682004,0.8977120666035124,0.52432027367682,0.021852324818239604,0.170082325314973,10.0,34,53.7587586287778
geom_0004,759,22.559153179339326,25.129608945429162,0.8956955285840308,0.32432027367682004,0.8977120666035124,0.52432027367682,0.021852324818239604,0.170082325314973,10.0,35,53.87381204601239
geom_0004,760,22.559153179339326,25.129608945429162,0.8956955285840308,0.32432027367682004,0.8977120666035124,0.52432027367682,0.021852324818239604,0.170082325314973,10.0,36,53.63400977784312
geom_0004,761,22.559153179339326,25.129608945429162,0.8956955285840308,0.32432027367682004,0.8977120666035124,0.52432027367682,0.021852324818239604,0.170082325314973,10.0,37,53.549864860020904
geom_0004,762,22.559153179339326,25.129608945429162,0.8956955285840308,0.32432027367682004,0.8977120666035124,0.52432027367682,0.021852324818239604,0.170082325314973,10.0,38,53.46888237569452
geom_0004,763,22.559153179339326,25.129608945429162,0.8956955285840308,0.32432027367682004,0.8977120666035124,0.52432027367682,0.021852324818239604,0.170082325314973,10.0,39,53.51002381877727
geom_0004,764,22.559153179339326,25.129608945429162,0.8956955285840308,0.32432027367682004,0.8977120666035124,0.52432027367682,0.021852324818239604,0.170082325314973,10.0,40,53.55534329303125
geom_0004,765,22.559153179339326,25.129608945429162,0.8956955285840308,0.32432027367682004,0.8977120666035124,0.52432027367682,0.021852324818239604,0.170082325314973,10.0,41,53.71294200021805
geom_0004,766,22.559153179339326,25.129608945429162,0.8956955285840308,0.32432027367682004,0.8977120666035124,0.52432027367682,0.021852324818239604,0.170082325314973,10.0,42,53.45590128216073
geom_0004,767,22.559153179339326,25.129608945429162,0.8956955285840308,0.32432027367682004,0.8977120666035124,0.52432027367682,0.021852324818239604,0.170082325314973,10.0,43,53.503618730350226
geom_0004,768,22.559153179339326,25.129608945429162,0.8956955285840308,0.32432027367682004,0.8977120666035124,0.52432027367682,0.021852324818239604,0.170082325314973,10.0,44,53.452632200809624
geom_0004,769,22.559153179339326,25.129608945429162,0.8956955285840308,0.32432027367682004,0.8977120666035124,0.52432027367682,0.021852324818239604,0.170082325314973,10.0,45,53.545661394163055
geom_0004,770,22.559153179339326,25.129608945429162,0.8956955285840308,0.32432027367682004,0.8977120666035124,0.52432027367682,0.021852324818239604,0.170082325314973,10.0,46,53.651632102656066
geom_0004,771,22.559153179339326,25.129608945429162,0.8956955285840308,0.32432027367682004,0.8977120666035124,0.52432027367682,0.021852324818239604,0.170082325314973,10.0,47,53.317594319775274
geom_0004,772,22.559153179339326,25.129608945429162,0.8956955285840308,0.32432027367682004,0.8977120666035124,0.52432027367682,0.021852324818239604,0.170082325314973,10.0,48,53.293161516246634
geom_0004,773,22.559153179339326,25.129608945429162,0.8956955285840308,0.32432027367682004,0.8977120666035124,0.52432027367682,0.021852324818239604,0.170082325314973,10.0,49,53.41768410115751
geom_0004,774,22.559153179339326,25.129608945429162,0.8956955285840308,0.32432027367682004,0.8977120666035124,0.52432027367682,0.021852324818239604,0.170082325314973,10.0,50,53.35241427314534
geom_0004,775,22.559153179339326,25.129608945429162,0.8956955285840308,0.32432027367682004,0.8977120666035124,0.52432027367682,0.021852324818239604,0.170082325314973,10.0,51,53.43970362370606
geom_0004,776,22.559153179339326,25.129608945429162,0.8956955285840308,0.32432027367682004,0.8977120666035124,0.52432027367682,0.021852324818239604,0.170082325314973,10.0,52,53.28413998679169
geom_0004,777,22.559153179339326,25.129608945429162,0.8956955285840308,0.32432027367682004,0.8977120666035124,0.52432027367682,0.021852324818239604,0.170082325314973,10.0,53,53.16049428173553
geom_0004,778,22.559153179339326,25.129608945429162,0.8956955285840308,0.32432027367682004,0.8977120666035124,0.52432027367682,0.021852324818239604,0.170082325314973,10.0,54,53.22618248470186
geom_0004,779,22.559153179339326,25.129608945429162,0.8956955285840308,0.32432027367682004,0.8977120666035124,0.52432027367682,0.021852324818239604,0.170082325314973,10.0,55,53.248752736092925
geom_0004,780,22.559153179339326,25.129608945429162,0.8956955285840308,0.32432027367682004,0.8977120666035124,0.52432027367682,0.021852324818239604,0.170082325314973,10.0,56,53.19082197755111
geom_0004,781,22.559153179339326,25.129608945429162,0.8956955285840308,0.32432027367682004,0.8977120666035124,0.52432027367682,0.021852324818239604,0.170082325314973,10.0,57,53.130572078833026
geom_0004,782,22.559153179339326,25.129608945429162,0.8956955285840308,0.32432027367682004,0.8977120666035124,0.52432027367682,0.021852324818239604,0.170082325314973,10.0,58,53.15781544553331
geom_0004,783,22.559153179339326,25.129608945429162,0.8956955285840308,0.32432027367682004,0.8977120666035124,0.52432027367682,0.021852324818239604,0.170082325314973,10.0,59,53.13966532071511
geom_0004,784,22.559153179339326,25.129608945429162,0.8956955285840308,0.32432027367682004,0.8977120666035124,0.52432027367682,0.021852324818239604,0.170082325314973,10.0,60,53.132875211117785
geom_0004,785,22.559153179339326,25.129608945429162,0.8956955285840308,0.32432027367682004,0.8977120666035124,0.52432027367682,0.021852324818239604,0.170082325314973,10.0,61,53.0318400111331
geom_0004,786,22.559153179339326,25.129608945429162,0.8956955285840308,0.32432027367682004,0.8977120666035124,0.52432027367682,0.021852324818239604,0.170082325314973,10.0,62,52.9230025269252
geom_0004,787,22.559153179339326,25.129608945429162,0.8956955285840308,0.32432027367682004,0.8977120666035124,0.52432027367682,0.021852324818239604,0.170082325314973,10.0,63,52.92761504302651
geom_0004,788,22.559153179339326,25.129608945429162,0.8956955285840308,0.32432027367682004,0.8977120666035124,0.52432027367682,0.021852324818239604,0.170082325314973,10.0,64,53.00735528070584
geom_0004,789,22.559153179339326,25.129608945429162,0.8956955285840308,0.32432027367682004,0.8977120666035124,0.52432027367682,0.021852324818239604,0.170082325314973,10.0,65,52.77934909688992
geom_0004,790,22.559153179339326,25.129608945429162,0.8956955285840308,0.32432027367682004,0.8977120666035124,0.52432027367682,0.021852324818239604,0.170082325314973,10.0,66,52.87287084107936
geom_0004,791,22.559153179339326,25.129608945429162,0.8956955285840308,0.32432027367682004,0.8977120666035124,0.52432027367682,0.021852324818239604,0.170082325314973,10.0,67,52.7722967744288
geom_0004,792,22.559153179339326,25.129608945429162,0.8956955285840308,0.32432027367682004,0.8977120666035124,0.52432027367682,0.021852324818239604,0.170082325314973,10.0,68,52.79084099536423
geom_0004,793,22.559153179339326,25.129608945429162,0.8956955285840308,0.32432027367682004,0.8977120666035124,0.52432027367682,0.021852324818239604,0.170082325314973,10.0,69,52.8928973054842
geom_0004,794,22.559153179339326,25.129608945429162,0.8956955285840308,0.32432027367682004,0.8977120666035124,0.52432027367682,0.021852324818239604,0.170082325314973,10.0,70,52.7620369881405
geom_0004,795,22.559153179339326,25.129608945429162,0.8956955285840308,0.32432027367682004,0.8977120666035124,0.52432027367682,0.021852324818239604,0.170082325314973,10.0,71,52.72627318004932
geom_0004,796,22.559153179339326,25.129608945429162,0.8956955285840308,0.32432027367682004,0.8977120666035124,0.52432027367682,0.021852324818239604,0.170082325314973,10.0,72,52.56521043137505
geom_0004,797,22.559153179339326,25.129608945429162,0.8956955285840308,0.32432027367682004,0.8977120666035124,0.52432027367682,0.021852324818239604,0.170082325314973,10.0,73,52.756287014141385
geom_0004,798,22.559153179339326,25.129608945429162,0.8956955285840308,0.32432027367682004,0.8977120666035124,0.52432027367682,0.021852324818239604,0.170082325314973,10.0,74,52.72760817020126
geom_0004,799,22.559153179339326,25.129608945429162,0.8956955285840308,0.32432027367682004,0.8977120666035124,0.52432027367682,0.021852324818239604,0.170082325314973,10.0,75,52.86174752367718
geom_0004,800,22.559153179339326,25.129608945429162,0.8956955285840308,0.32432027367682004,0.8977120666035124,0.52432027367682,0.021852324818239604,0.170082325314973,10.0,76,52.59800074421346
geom_0004,801,22.559153179339326,25.129608945429162,0.8956955285840308,0.32432027367682004,0.8977120666035124,0.52432027367682,0.021852324818239604,0.170082325314973,10.0,77,52.63507259733327
geom_0004,802,22.559153179339326,25.129608945429162,0.8956955285840308,0.32432027367682004,0.8977120666035124,0.52432027367682,0.021852324818239604,0.170082325314973,10.0,78,52.623523887819935
geom_0004,803,22.559153179339326,25.129608945429162,0.8956955285840308,0.32432027367682004,0.8977120666035124,0.52432027367682,0.021852324818239604,0.170082325314973,10.0,79,52.74283241746665
geom_0004,804,22.559153179339326,25.129608945429162,0.8956955285840308,0.32432027367682004,0.8977120666035124,0.52432027367682,0.021852324818239604,0.170082325314973,10.0,80,52.563155526052014
geom_0004,805,22.559153179339326,25.129608945429162,0.8956955285840308,0.32432027367682004,0.8977120666035124,0.52432027367682,0.021852324818239604,0.170082325314973,10.0,81,52.589302563769735
geom_0004,806,22.559153179339326,25.129608945429162,0.8956955285840308,0.32432027367682004,0.8977120666035124,0.52432027367682,0.021852324818239604,0.170082325314973,10.0,82,52.612041748992475
geom_0004,807,22.559153179339326,25.129608945429162,0.8956955285840308,0.32432027367682004,0.8977120666035124,0.52432027367682,0.021852324818239604,0.170082325314973,10.0,83,52.56091813062944
geom_0004,808,22.559153179339326,25.129608945429162,0.8956955285840308,0.32432027367682004,0.8977120666035124,0.52432027367682,0.021852324818239604,0.170082325314973,10.0,84,52.48978753262594
geom_0004,809,22.559153179339326,25.129608945429162,0.8956955285840308,0.32432027367682004,0.8977120666035124,0.52432027367682,0.021852324818239604,0.170082325314973,10.0,85,52.54719527040017
geom_0004,810,22.559153179339326,25.129608945429162,0.8956955285840308,0.32432027367682004,0.8977120666035124,0.52432027367682,0.021852324818239604,0.170082325314973,10.0,86,52.629697676838425
geom_0004,811,22.559153179339326,25.129608945429162,0.8956955285840308,0.32432027367682004,0.8977120666035124,0.52432027367682,0.021852324818239604,0.170082325314973,10.0,87,52.415433200960784
geom_0004,812,22.559153179339326,25.129608945429162,0.8956955285840308,0.32432027367682004,0.8977120666035124,0.52432027367682,0.021852324818239604,0.170082325314973,10.0,88,52.528341050508295
geom_0004,813,22.559153179339326,25.129608945429162,0.8956955285840308,0.32432027367682004,0.8977120666035124,0.52432027367682,0.021852324818239604,0.170082325314973,10.0,89,52.44320557273538
geom_0004,814,22.559153179339326,25.129608945429162,0.8956955285840308,0.32432027367682004,0.8977120666035124,0.52432027367682,0.021852324818239604,0.170082325314973,10.0,90,52.632113167337636
geom_0004,815,22.559153179339326,25.129608945429162,0.8956955285840308,0.32432027367682004,0.8977120666035124,0.52432027367682,0.021852324818239604,0.170082325314973,10.0,91,52.36089896375092
geom_0004,816,22.559153179339326,25.129608945429162,0.8956955285840308,0.32432027367682004,0.8977120666035124,0.52432027367682,0.021852324818239604,0.170082325314973,10.0,92,52.45915189836645
geom_0004,817,22.559153179339326,25.129608945429162,0.8956955285840308,0.32432027367682004,0.8977120666035124,0.52432027367682,0.021852324818239604,0.170082325314973,10.0,93,52.55580591840834
geom_0004,818,22.559153179339326,25.129608945429162,0.8956955285840308,0.32432027367682004,0.8977120666035124,0.52432027367682,0.021852324818239604,0.170082325314973,10.0,94,52.67888690477588
geom_0004,819,22.559153179339326,25.129608945429162,0.8956955285840308,0.32432027367682004,0.8977120666035124,0.52432027367682,0.021852324818239604,0.170082325314973,10.0,95,52.52121124500304
geom_0004,820,22.559153179339326,25.129608945429162,0.8956955285840308,0.32432027367682004,0.8977120666035124,0.52432027367682,0.021852324818239604,0.170082325314973,10.0,96,52.47891094141167
geom_0004,821,22.559153179339326,25.129608945429162,0.8956955285840308,0.32432027367682004,0.8977120666035124,0.52432027367682,0.021852324818239604,0.170082325314973,10.0,97,52.73037292525787
geom_0004,822,22.559153179339326,25.129608945429162,0.8956955285840308,0.32432027367682004,0.8977120666035124,0.52432027367682,0.021852324818239604,0.170082325314973,10.0,98,52.4064507079792
geom_0004,823,22.559153179339326,25.129608945429162,0.8956955285840308,0.32432027367682004,0.8977120666035124,0.52432027367682,0.021852324818239604,0.170082325314973,10.0,99,52.341519815530695
geom_0004,824,22.559153179339326,25.129608945429162,0.8956955285840308,0.32432027367682004,0.8977120666035124,0.52432027367682,0.021852324818239604,0.170082325314973,10.0,100,52.61668652429604
geom_0004,825,22.559153179339326,25.129608945429162,0.8956955285840308,0.32432027367682004,0.8977120666035124,0.52432027367682,0.021852324818239604,0.170082325314973,10.0,101,52.53488166705504
geom_0004,826,22.559153179339326,25.129608945429162,0.8956955285840308,0.32432027367682004,0.8977120666035124,0.52432027367682,0.021852324818239604,0.170082325314973,10.0,102,52.49646223773579
geom_0004,827,22.559153179339326,25.129608945429162,0.8956955285840308,0.32432027367682004,0.8977120666035124,0.52432027367682,0.021852324818239604,0.170082325314973,10.0,103,52.68399320929681
geom_0004,828,22.559153179339326,25.129608945429162,0.8956955285840308,0.32432027367682004,0.8977120666035124,0.52432027367682,0.021852324818239604,0.170082325314973,10.0,104,52.65315863908587
geom_0004,829,22.559153179339326,25.129608945429162,0.8956955285840308,0.32432027367682004,0.8977120666035124,0.52432027367682,0.021852324818239604,0.170082325314973,10.0,105,52.58901418827296
geom_0004,830,22.559153179339326,25.129608945429162,0.8956955285840308,0.32432027367682004,0.8977120666035124,0.52432027367682,0.021852324818239604,0.170082325314973,10.0,106,52.53502931222006
geom_0004,831,22.559153179339326,25.129608945429162,0.8956955285840308,0.32432027367682004,0.8977120666035124,0.52432027367682,0.021852324818239604,0.170082325314973,10.0,107,52.76890739036668
geom_0004,832,22.559153179339326,25.129608945429162,0.8956955285840308,0.32432027367682004,0.8977120666035124,0.52432027367682,0.021852324818239604,0.170082325314973,10.0,108,52.76621616326891
geom_0004,833,22.559153179339326,25.129608945429162,0.8956955285840308,0.32432027367682004,0.8977120666035124,0.52432027367682,0.021852324818239604,0.170082325314973,10.0,109,52.711711938855764
geom_0004,834,22.559153179339326,25.129608945429162,0.8956955285840308,0.32432027367682004,0.8977120666035124,0.52432027367682,0.021852324818239604,0.170082325314973,10.0,110,52.92759078094328
geom_0004,835,22.559153179339326,25.129608945429162,0.8956955285840308,0.32432027367682004,0.8977120666035124,0.52432027367682,0.021852324818239604,0.170082325314973,10.0,111,52.658043642590854
geom_0004,836,22.559153179339326,25.129608945429162,0.8956955285840308,0.32432027367682004,0.8977120666035124,0.52432027367682,0.021852324818239604,0.170082325314973,10.0,112,52.635413995978276
geom_0004,837,22.559153179339326,25.129608945429162,0.8956955285840308,0.32432027367682004,0.8977120666035124,0.52432027367682,0.021852324818239604,0.170082325314973,10.0,113,52.74243984867341
geom_0004,838,22.559153179339326,25.129608945429162,0.8956955285840308,0.32432027367682004,0.8977120666035124,0.52432027367682,0.021852324818239604,0.170082325314973,10.0,114,52.83144490855652
geom_0004,839,22.559153179339326,25.129608945429162,0.8956955285840308,0.32432027367682004,0.8977120666035124,0.52432027367682,0.021852324818239604,0.170082325314973,10.0,115,52.885376608920915
geom_0004,840,22.559153179339326,25.129608945429162,0.8956955285840308,0.32432027367682004,0.8977120666035124,0.52432027367682,0.021852324818239604,0.170082325314973,10.0,116,52.86258077826937
geom_0004,841,22.559153179339326,25.129608945429162,0.8956955285840308,0.32432027367682004,0.8977120666035124,0.52432027367682,0.021852324818239604,0.170082325314973,10.0,117,52.94814921403461
geom_0004,842,22.559153179339326,25.129608945429162,0.8956955285840308,0.32432027367682004,0.8977120666035124,0.52432027367682,0.021852324818239604,0.170082325314973,10.0,118,52.81456039253784
geom_0004,843,22.559153179339326,25.129608945429162,0.8956955285840308,0.32432027367682004,0.8977120666035124,0.52432027367682,0.021852324818239604,0.170082325314973,10.0,119,53.111345482781466
geom_0004,844,22.559153179339326,25.129608945429162,0.8956955285840308,0.32432027367682004,0.8977120666035124,0.52432027367682,0.021852324818239604,0.170082325314973,10.0,120,52.98644419417477
geom_0004,845,22.559153179339326,25.129608945429162,0.8956955285840308,0.32432027367682004,0.8977120666035124,0.52432027367682,0.021852324818239604,0.170082325314973,10.0,121,53.13446534482936
geom_0004,846,22.559153179339326,25.129608945429162,0.8956955285840308,0.32432027367682004,0.8977120666035124,0.52432027367682,0.021852324818239604,0.170082325314973,10.0,122,53.08542051121216
geom_0004,847,22.559153179339326,25.129608945429162,0.8956955285840308,0.32432027367682004,0.8977120666035124,0.52432027367682,0.021852324818239604,0.170082325314973,10.0,123,53.125519997637674
geom_0004,848,22.559153179339326,25.129608945429162,0.8956955285840308,0.32432027367682004,0.8977120666035124,0.52432027367682,0.021852324818239604,0.170082325314973,10.0,124,53.165750487454595
geom_0004,849,22.559153179339326,25.129608945429162,0.8956955285840308,0.32432027367682004,0.8977120666035124,0.52432027367682,0.021852324818239604,0.170082325314973,10.0,125,53.182653234036366
geom_0004,850,22.559153179339326,25.129608945429162,0.8956955285840308,0.32432027367682004,0.8977120666035124,0.52432027367682,0.021852324818239604,0.170082325314973,10.0,126,53.23138927761938
geom_0004,851,22.559153179339326,25.129608945429162,0.8956955285840308,0.32432027367682004,0.8977120666035124,0.52432027367682,0.021852324818239604,0.170082325314973,10.0,127,53.329338743827485
geom_0004,852,22.559153179339326,25.129608945429162,0.8956955285840308,0.32432027367682004,0.8977120666035124,0.52432027367682,0.021852324818239604,0.170082325314973,10.0,128,53.24539928522925
geom_0004,853,22.559153179339326,25.129608945429162,0.8956955285840308,0.32432027367682004,0.8977120666035124,0.52432027367682,0.021852324818239604,0.170082325314973,10.0,129,53.32593326689131
geom_0004,854,22.559153179339326,25.129608945429162,0.8956955285840308,0.32432027367682004,0.8977120666035124,0.52432027367682,0.021852324818239604,0.170082325314973,10.0,130,53.275251554753986
geom_0004,855,22.559153179339326,25.129608945429162,0.8956955285840308,0.32432027367682004,0.8977120666035124,0.52432027367682,0.021852324818239604,0.170082325314973,10.0,131,53.45727973499555
geom_0004,856,22.559153179339326,25.129608945429162,0.8956955285840308,0.32432027367682004,0.8977120666035124,0.52432027367682,0.021852324818239604,0.170082325314973,10.0,132,53.27446623029254
geom_0004,857,22.559153179339326,25.129608945429162,0.8956955285840308,0.32432027367682004,0.8977120666035124,0.52432027367682,0.021852324818239604,0.170082325314973,10.0,133,53.55077524035839
geom_0004,858,22.559153179339326,25.129608945429162,0.8956955285840308,0.32432027367682004,0.8977120666035124,0.52432027367682,0.021852324818239604,0.170082325314973,10.0,134,53.39492306500427
geom_0004,859,22.559153179339326,25.129608945429162,0.8956955285840308,0.32432027367682004,0.8977120666035124,0.52432027367682,0.021852324818239604,0.170082325314973,10.0,135,53.28374455660644
geom_0004,860,22.559153179339326,25.129608945429162,0.8956955285840308,0.32432027367682004,0.8977120666035124,0.52432027367682,0.021852324818239604,0.170082325314973,10.0,136,53.467084931907976
geom_0004,861,22.559153179339326,25.129608945429162,0.8956955285840308,0.32432027367682004,0.8977120666035124,0.52432027367682,0.021852324818239604,0.170082325314973,10.0,137,53.41313476943885
geom_0004,862,22.559153179339326,25.129608945429162,0.8956955285840308,0.32432027367682004,0.8977120666035124,0.52432027367682,0.021852324818239604,0.170082325314973,10.0,138,53.59172676696322
geom_0004,863,22.559153179339326,25.129608945429162,0.8956955285840308,0.32432027367682004,0.8977120666035124,0.52432027367682,0.021852324818239604,0.170082325314973,10.0,139,53.46822381593603
geom_0004,864,22.559153179339326,25.129608945429162,0.8956955285840308,0.32432027367682004,0.8977120666035124,0.52432027367682,0.021852324818239604,0.170082325314973,10.0,140,53.514037646997146
geom_0004,865,22.559153179339326,25.129608945429162,0.8956955285840308,0.32432027367682004,0.8977120666035124,0.52432027367682,0.021852324818239604,0.170082325314973,10.0,141,53.394162749676916
geom_0004,866,22.559153179339326,25.129608945429162,0.8956955285840308,0.32432027367682004,0.8977120666035124,0.52432027367682,0.021852324818239604,0.170082325314973,10.0,142,53.56158366657106
geom_0004,867,22.559153179339326,25.129608945429162,0.8956955285840308,0.32432027367682004,0.8977120666035124,0.52432027367682,0.021852324818239604,0.170082325314973,10.0,143,53.387306651811855
geom_0004,868,22.559153179339326,25.129608945429162,0.8956955285840308,0.32432027367682004,0.8977120666035124,0.52432027367682,0.021852324818239604,0.170082325314973,10.0,144,53.49331421824395
geom_0004,869,22.559153179339326,25.129608945429162,0.8956955285840308,0.32432027367682004,0.8977120666035124,0.52432027367682,0.021852324818239604,0.170082325314973,10.0,145,53.74883305775018
geom_0004,870,22.559153179339326,25.129608945429162,0.8956955285840308,0.32432027367682004,0.8977120666035124,0.52432027367682,0.021852324818239604,0.170082325314973,10.0,146,53.7714842173756
geom_0004,871,22.559153179339326,25.129608945429162,0.8956955285840308,0.32432027367682004,0.8977120666035124,0.52432027367682,0.021852324818239604,0.170082325314973,10.0,147,53.754537295267404
geom_0004,872,22.559153179339326,25.129608945429162,0.8956955285840308,0.32432027367682004,0.8977120666035124,0.52432027367682,0.021852324818239604,0.170082325314973,10.0,148,53.63330613878226
geom_0004,873,22.559153179339326,25.129608945429162,0.8956955285840308,0.32432027367682004,0.8977120666035124,0.52432027367682,0.021852324818239604,0.170082325314973,10.0,149,53.7421208628299
geom_0004,874,22.559153179339326,25.129608945429162,0.8956955285840308,0.32432027367682004,0.8977120666035124,0.52432027367682,0.021852324818239604,0.170082325314973,10.0,150,53.762248250536096
geom_0004,875,22.559153179339326,25.129608945429162,0.8956955285840308,0.32432027367682004,0.8977120666035124,0.52432027367682,0.021852324818239604,0.170082325314973,10.0,151,53.66127017236838
geom_0004,876,22.559153179339326,25.129608945429162,0.8956955285840308,0.32432027367682004,0.8977120666035124,0.52432027367682,0.021852324818239604,0.170082325314973,10.0,152,53.940680815399766
geom_0004,877,22.559153179339326,25.129608945429162,0.8956955285840308,0.32432027367682004,0.8977120666035124,0.52432027367682,0.021852324818239604,0.170082325314973,10.0,153,53.890003611420525
geom_0004,878,22.559153179339326,25.129608945429162,0.8956955285840308,0.32432027367682004,0.8977120666035124,0.52432027367682,0.021852324818239604,0.170082325314973,10.0,154,53.790746593628825
geom_0004,879,22.559153179339326,25.129608945429162,0.8956955285840308,0.32432027367682004,0.8977120666035124,0.52432027367682,0.021852324818239604,0.170082325314973,10.0,155,53.82471502635582
geom_0004,880,22.559153179339326,25.129608945429162,0.8956955285840308,0.32432027367682004,0.8977120666035124,0.52432027367682,0.021852324818239604,0.170082325314973,10.0,156,53.850615980929796
geom_0004,881,22.559153179339326,25.129608945429162,0.8956955285840308,0.32432027367682004,0.8977120666035124,0.52432027367682,0.021852324818239604,0.170082325314973,10.0,157,53.63188483026977
geom_0004,882,22.559153179339326,25.129608945429162,0.8956955285840308,0.32432027367682004,0.8977120666035124,0.52432027367682,0.021852324818239604,0.170082325314973,10.0,158,53.816113653532895
geom_0004,883,22.559153179339326,25.129608945429162,0.8956955285840308,0.32432027367682004,0.8977120666035124,0.52432027367682,0.021852324818239604,0.170082325314973,10.0,159,53.77586321695207
geom_0004,884,22.559153179339326,25.129608945429162,0.8956955285840308,0.32432027367682004,0.8977120666035124,0.52432027367682,0.021852324818239604,0.170082325314973,10.0,160,53.745553454785465
geom_0004,885,22.559153179339326,25.129608945429162,0.8956955285840308,0.32432027367682004,0.8977120666035124,0.52432027367682,0.021852324818239604,0.170082325314973,10.0,161,53.81765091448095
geom_0004,886,22.559153179339326,25.129608945429162,0.8956955285840308,0.32432027367682004,0.8977120666035124,0.52432027367682,0.021852324818239604,0.170082325314973,10.0,162,54.02393663744242
geom_0004,887,22.559153179339326,25.129608945429162,0.8956955285840308,0.32432027367682004,0.8977120666035124,0.52432027367682,0.021852324818239604,0.170082325314973,10.0,163,53.90499255884989
geom_0004,888,22.559153179339326,25.129608945429162,0.8956955285840308,0.32432027367682004,0.8977120666035124,0.52432027367682,0.021852324818239604,0.170082325314973,10.0,164,53.77883746133551
geom_0004,889,22.559153179339326,25.129608945429162,0.8956955285840308,0.32432027367682004,0.8977120666035124,0.52432027367682,0.021852324818239604,0.170082325314973,10.0,165,53.886542978462465
geom_0004,890,22.559153179339326,25.129608945429162,0.8956955285840308,0.32432027367682004,0.8977120666035124,0.52432027367682,0.021852324818239604,0.170082325314973,10.0,166,53.96080922859148
geom_0004,891,22.559153179339326,25.129608945429162,0.8956955285840308,0.32432027367682004,0.8977120666035124,0.52432027367682,0.021852324818239604,0.170082325314973,10.0,167,53.903165050872914
geom_0004,892,22.559153179339326,25.129608945429162,0.8956955285840308,0.32432027367682004,0.8977120666035124,0.52432027367682,0.021852324818239604,0.170082325314973,10.0,168,53.804713109536586
geom_0004,893,22.559153179339326,25.129608945429162,0.8956955285840308,0.32432027367682004,0.8977120666035124,0.52432027367682,0.021852324818239604,0.170082325314973,10.0,169,53.72030859927787
geom_0004,894,22.559153179339326,25.129608945429162,0.8956955285840308,0.32432027367682004,0.8977120666035124,0.52432027367682,0.021852324818239604,0.170082325314973,10.0,170,53.83926612231924
geom_0004,895,22.559153179339326,25.129608945429162,0.8956955285840308,0.32432027367682004,0.8977120666035124,0.52432027367682,0.021852324818239604,0.170082325314973,10.0,171,53.791410747510525
geom_0004,896,22.559153179339326,25.129608945429162,0.8956955285840308,0.32432027367682004,0.8977120666035124,0.52432027367682,0.021852324818239604,0.170082325314973,10.0,172,53.822366572275534
geom_0004,897,22.559153179339326,25.129608945429162,0.8956955285840308,0.32432027367682004,0.8977120666035124,0.52432027367682,0.021852324818239604,0.170082325314973,10.0,173,53.775307960837644
geom_0004,898,22.559153179339326,25.129608945429162,0.8956955285840308,0.32432027367682004,0.8977120666035124,0.52432027367682,0.021852324818239604,0.170082325314973,10.0,174,53.7938421036131
geom_0004,899,22.559153179339326,25.129608945429162,0.8956955285840308,0.32432027367682004,0.8977120666035124,0.52432027367682,0.021852324818239604,0.170082325314973,10.0,175,53.61060809830273
geom_0004,900,22.559153179339326,25.129608945429162,0.8956955285840308,0.32432027367682004,0.8977120666035124,0.52432027367682,0.021852324818239604,0.170082325314973,10.0,176,53.76926296160919
geom_0004,901,22.559153179339326,25.129608945429162,0.8956955285840308,0.32432027367682004,0.8977120666035124,0.52432027367682,0.021852324818239604,0.170082325314973,10.0,177,53.62882322045269
geom_0004,902,22.559153179339326,25.129608945429162,0.8956955285840308,0.32432027367682004,0.8977120666035124,0.52432027367682,0.021852324818239604,0.170082325314973,10.0,178,53.78627966050242
geom_0004,903,22.559153179339326,25.129608945429162,0.8956955285840308,0.32432027367682004,0.8977120666035124,0.52432027367682,0.021852324818239604,0.170082325314973,10.0,179,53.47768077603941
geom_0004,904,22.559153179339326,25.129608945429162,0.8956955285840308,0.32432027367682004,0.8977120666035124,0.52432027367682,0.021852324818239604,0.170082325314973,10.0,180,53.68620488476168
geom_0005,905,22.559153179339326,25.129608945429162,0.8956955285840308,0.32432027367682004,0.8977120666035124,0.52432027367682,0.021852324818239604,0.170082325314973,10.0,0,53.50914001570648
geom_0005,906,22.559153179339326,25.129608945429162,0.8956955285840308,0.32432027367682004,0.8977120666035124,0.52432027367682,0.021852324818239604,0.170082325314973,10.0,1,53.570021031102016
geom_0005,907,22.559153179339326,25.129608945429162,0.8956955285840308,0.32432027367682004,0.8977120666035124,0.52432027367682,0.021852324818239604,0.170082325314973,10.0,2,53.7338036225213
geom_0005,908,22.559153179339326,25.129608945429162,0.8956955285840308,0.32432027367682004,0.8977120666035124,0.52432027367682,0.021852324818239604,0.170082325314973,10.0,3,53.50922785590957
geom_0005,909,22.559153179339326,25.129608945429162,0.8956955285840308,0.32432027367682004,0.8977120666035124,0.52432027367682,0.021852324818239604,0.170082325314973,10.0,4,53.73595579489342
geom_0005,910,22.559153179339326,25.129608945429162,0.8956955285840308,0.32432027367682004,0.8977120666035124,0.52432027367682,0.021852324818239604,0.170082325314973,10.0,5,53.64273273503623
geom_0005,911,22.559153179339326,25.129608945429162,0.8956955285840308,0.32432027367682004,0.8977120666035124,0.52432027367682,0.021852324818239604,0.170082325314973,10.0,6,53.683940461115924
geom_0005,912,22.559153179339326,25.129608945429162,0.8956955285840308,0.32432027367682004,0.8977120666035124,0.52432027367682,0.021852324818239604,0.170082325314973,10.0,7,53.77927272988611
geom_0005,913,22.559153179339326,25.129608945429162,0.8956955285840308,0.32432027367682004,0.8977120666035124,0.52432027367682,0.021852324818239604,0.170082325314973,10.0,8,53.620575048116535
geom_0005,914,22.559153179339326,25.129608945429162,0.8956955285840308,0.32432027367682004,0.8977120666035124,0.52432027367682,0.021852324818239604,0.170082325314973,10.0,9,53.79030318358675
geom_0005,915,22.559153179339326,25.129608945429162,0.8956955285840308,0.32432027367682004,0.8977120666035124,0.52432027367682,0.021852324818239604,0.170082325314973,10.0,10,53.78608901177918
geom_0005,916,22.559153179339326,25.129608945429162,0.8956955285840308,0.32432027367682004,0.8977120666035124,0.52432027367682,0.021852324818239604,0.170082325314973,10.0,11,53.83424740344924
geom_0005,917,22.559153179339326,25.129608945429162,0.8956955285840308,0.32432027367682004,0.8977120666035124,0.52432027367682,0.021852324818239604,0.170082325314973,10.0,12,53.82766693693535
geom_0005,918,22.559153179339326,25.129608945429162,0.8956955285840308,0.32432027367682004,0.8977120666035124,0.52432027367682,0.021852324818239604,0.170082325314973,10.0,13,54.05623169657272
geom_0005,919,22.559153179339326,25.129608945429162,0.8956955285840308,0.32432027367682004,0.8977120666035124,0.52432027367682,0.021852324818239604,0.170082325314973,10.0,14,53.75709968650774
geom_0005,920,22.559153179339326,25.129608945429162,0.8956955285840308,0.32432027367682004,0.8977120666035124,0.52432027367682,0.021852324818239604,0.170082325314973,10.0,15,53.77618500482667
geom_0005,921,22.559153179339326,25.129608945429162,0.8956955285840308,0.32432027367682004,0.8977120666035124,0.52432027367682,0.021852324818239604,0.170082325314973,10.0,16,53.77364130767131
geom_0005,922,22.559153179339326,25.129608945429162,0.8956955285840308,0.32432027367682004,0.8977120666035124,0.52432027367682,0.021852324818239604,0.170082325314973,10.0,17,53.78536056080716
geom_0005,923,22.559153179339326,25.129608945429162,0.8956955285840308,0.32432027367682004,0.8977120666035124,0.52432027367682,0.021852324818239604,0.170082325314973,10.0,18,53.780429272026815
geom_0005,924,22.559153179339326,25.129608945429162,0.8956955285840308,0.32432027367682004,0.8977120666035124,0.52432027367682,0.021852324818239604,0.170082325314973,10.0,19,53.9646625968803
geom_0005,925,22.559153179339326,25.129608945429162,0.8956955285840308,0.32432027367682004,0.8977120666035124,0.52432027367682,0.021852324818239604,0.170082325314973,10.0,20,53.987765880573946
geom_0005,926,22.559153179339326,25.129608945429162,0.8956955285840308,0.32432027367682004,0.8977120666035124,0.52432027367682,0.021852324818239604,0.170082325314973,10.0,21,53.786987012376905
geom_0005,927,22.559153179339326,25.129608945429162,0.8956955285840308,0.32432027367682004,0.8977120666035124,0.52432027367682,0.021852324818239604,0.170082325314973,10.0,22,53.75759583447453
geom_0005,928,22.559153179339326,25.129608945429162,0.8956955285840308,0.32432027367682004,0.8977120666035124,0.52432027367682,0.021852324818239604,0.170082325314973,10.0,23,53.883199872750836
geom_0005,929,22.559153179339326,25.129608945429162,0.8956955285840308,0.32432027367682004,0.8977120666035124,0.52432027367682,0.021852324818239604,0.170082325314973,10.0,24,53.77455539570694
geom_0005,930,22.559153179339326,25.129608945429162,0.8956955285840308,0.32432027367682004,0.8977120666035124,0.52432027367682,0.021852324818239604,0.170082325314973,10.0,25,53.88531962423191
geom_0005,931,22.559153179339326,25.129608945429162,0.8956955285840308,0.32432027367682004,0.8977120666035124,0.52432027367682,0.021852324818239604,0.170082325314973,10.0,26,53.833135313096925
geom_0005,932,22.559153179339326,25.129608945429162,0.8956955285840308,0.32432027367682004,0.8977120666035124,0.52432027367682,0.021852324818239604,0.170082325314973,10.0,27,53.65069297086323
geom_0005,933,22.559153179339326,25.129608945429162,0.8956955285840308,0.32432027367682004,0.8977120666035124,0.52432027367682,0.021852324818239604,0.170082325314973,10.0,28,53.94509150535606
geom_0005,934,22.559153179339326,25.129608945429162,0.8956955285840308,0.32432027367682004,0.8977120666035124,0.52432027367682,0.021852324818239604,0.170082325314973,10.0,29,53.95669440859719
geom_0005,935,22.559153179339326,25.129608945429162,0.8956955285840308,0.32432027367682004,0.8977120666035124,0.52432027367682,0.021852324818239604,0.170082325314973,10.0,30,53.70132963539672
geom_0005,936,22.559153179339326,25.129608945429162,0.8956955285840308,0.32432027367682004,0.8977120666035124,0.52432027367682,0.021852324818239604,0.170082325314973,10.0,31,53.7081218424505
geom_0005,937,22.559153179339326,25.129608945429162,0.8956955285840308,0.32432027367682004,0.8977120666035124,0.52432027367682,0.021852324818239604,0.170082325314973,10.0,32,53.758590292167675
geom_0005,938,22.559153179339326,25.129608945429162,0.8956955285840308,0.32432027367682004,0.8977120666035124,0.52432027367682,0.021852324818239604,0.170082325314973,10.0,33,53.74543721808761
geom_0005,939,22.559153179339326,25.129608945429162,0.8956955285840308,0.32432027367682004,0.8977120666035124,0.52432027367682,0.021852324818239604,0.170082325314973,10.0,34,53.7587586287778
geom_0005,940,22.559153179339326,25.129608945429162,0.8956955285840308,0.32432027367682004,0.8977120666035124,0.52432027367682,0.021852324818239604,0.170082325314973,10.0,35,53.87381204601239
geom_0005,941,22.559153179339326,25.129608945429162,0.8956955285840308,0.32432027367682004,0.8977120666035124,0.52432027367682,0.021852324818239604,0.170082325314973,10.0,36,53.63400977784312
geom_0005,942,22.559153179339326,25.129608945429162,0.8956955285840308,0.32432027367682004,0.8977120666035124,0.52432027367682,0.021852324818239604,0.170082325314973,10.0,37,53.549864860020904
geom_0005,943,22.559153179339326,25.129608945429162,0.8956955285840308,0.32432027367682004,0.8977120666035124,0.52432027367682,0.021852324818239604,0.170082325314973,10.0,38,53.46888237569452
geom_0005,944,22.559153179339326,25.129608945429162,0.8956955285840308,0.32432027367682004,0.8977120666035124,0.52432027367682,0.021852324818239604,0.170082325314973,10.0,39,53.51002381877727
geom_0005,945,22.559153179339326,25.129608945429162,0.8956955285840308,0.32432027367682004,0.8977120666035124,0.52432027367682,0.021852324818239604,0.170082325314973,10.0,40,53.55534329303125
geom_0005,946,22.559153179339326,25.129608945429162,0.8956955285840308,0.32432027367682004,0.8977120666035124,0.52432027367682,0.021852324818239604,0.170082325314973,10.0,41,53.71294200021805
geom_0005,947,22.559153179339326,25.129608945429162,0.8956955285840308,0.32432027367682004,0.8977120666035124,0.52432027367682,0.021852324818239604,0.170082325314973,10.0,42,53.45590128216073
geom_0005,948,22.559153179339326,25.129608945429162,0.8956955285840308,0.32432027367682004,0.8977120666035124,0.52432027367682,0.021852324818239604,0.170082325314973,10.0,43,53.503618730350226
geom_0005,949,22.559153179339326,25.129608945429162,0.8956955285840308,0.32432027367682004,0.8977120666035124,0.52432027367682,0.021852324818239604,0.170082325314973,10.0,44,53.452632200809624
geom_0005,950,22.559153179339326,25.129608945429162,0.8956955285840308,0.32432027367682004,0.8977120666035124,0.52432027367682,0.021852324818239604,0.170082325314973,10.0,45,53.545661394163055
geom_0005,951,22.559153179339326,25.129608945429162,0.8956955285840308,0.32432027367682004,0.8977120666035124,0.52432027367682,0.021852324818239604,0.170082325314973,10.0,46,53.651632102656066
geom_0005,952,22.559153179339326,25.129608945429162,0.8956955285840308,0.32432027367682004,0.8977120666035124,0.52432027367682,0.021852324818239604,0.170082325314973,10.0,47,53.317594319775274
geom_0005,953,22.559153179339326,25.129608945429162,0.8956955285840308,0.32432027367682004,0.8977120666035124,0.52432027367682,0.021852324818239604,0.170082325314973,10.0,48,53.293161516246634
geom_0005,954,22.559153179339326,25.129608945429162,0.8956955285840308,0.32432027367682004,0.8977120666035124,0.52432027367682,0.021852324818239604,0.170082325314973,10.0,49,53.41768410115751
geom_0005,955,22.559153179339326,25.129608945429162,0.8956955285840308,0.32432027367682004,0.8977120666035124,0.52432027367682,0.021852324818239604,0.170082325314973,10.0,50,53.35241427314534
geom_0005,956,22.559153179339326,25.129608945429162,0.8956955285840308,0.32432027367682004,0.8977120666035124,0.52432027367682,0.021852324818239604,0.170082325314973,10.0,51,53.43970362370606
geom_0005,957,22.559153179339326,25.129608945429162,0.8956955285840308,0.32432027367682004,0.8977120666035124,0.52432027367682,0.021852324818239604,0.170082325314973,10.0,52,53.28413998679169
geom_0005,958,22.559153179339326,25.129608945429162,0.8956955285840308,0.32432027367682004,0.8977120666035124,0.52432027367682,0.021852324818239604,0.170082325314973,10.0,53,53.16049428173553
geom_0005,959,22.559153179339326,25.129608945429162,0.8956955285840308,0.32432027367682004,0.8977120666035124,0.52432027367682,0.021852324818239604,0.170082325314973,10.0,54,53.22618248470186
geom_0005,960,22.559153179339326,25.129608945429162,0.8956955285840308,0.32432027367682004,0.8977120666035124,0.52432027367682,0.021852324818239604,0.170082325314973,10.0,55,53.248752736092925
geom_0005,961,22.559153179339326,25.129608945429162,0.8956955285840308,0.32432027367682004,0.8977120666035124,0.52432027367682,0.021852324818239604,0.170082325314973,10.0,56,53.19082197755111
geom_0005,962,22.559153179339326,25.129608945429162,0.8956955285840308,0.32432027367682004,0.8977120666035124,0.52432027367682,0.021852324818239604,0.170082325314973,10.0,57,53.130572078833026
geom_0005,963,22.559153179339326,25.129608945429162,0.8956955285840308,0.32432027367682004,0.8977120666035124,0.52432027367682,0.021852324818239604,0.170082325314973,10.0,58,53.15781544553331
geom_0005,964,22.559153179339326,25.129608945429162,0.8956955285840308,0.32432027367682004,0.8977120666035124,0.52432027367682,0.021852324818239604,0.170082325314973,10.0,59,53.13966532071511
geom_0005,965,22.559153179339326,25.129608945429162,0.8956955285840308,0.32432027367682004,0.8977120666035124,0.52432027367682,0.021852324818239604,0.170082325314973,10.0,60,53.132875211117785
geom_0005,966,22.559153179339326,25.129608945429162,0.8956955285840308,0.32432027367682004,0.8977120666035124,0.52432027367682,0.021852324818239604,0.170082325314973,10.0,61,53.0318400111331
geom_0005,967,22.559153179339326,25.129608945429162,0.8956955285840308,0.32432027367682004,0.8977120666035124,0.52432027367682,0.021852324818239604,0.170082325314973,10.0,62,52.9230025269252
geom_0005,968,22.559153179339326,25.129608945429162,0.8956955285840308,0.32432027367682004,0.8977120666035124,0.52432027367682,0.021852324818239604,0.170082325314973,10.0,63,52.92761504302651
geom_0005,969,22.559153179339326,25.129608945429162,0.8956955285840308,0.32432027367682004,0.8977120666035124,0.52432027367682,0.021852324818239604,0.170082325314973,10.0,64,53.00735528070584
geom_0005,970,22.559153179339326,25.129608945429162,0.8956955285840308,0.32432027367682004,0.8977120666035124,0.52432027367682,0.021852324818239604,0.170082325314973,10.0,65,52.77934909688992
geom_0005,971,22.559153179339326,25.129608945429162,0.8956955285840308,0.32432027367682004,0.8977120666035124,0.52432027367682,0.021852324818239604,0.170082325314973,10.0,66,52.87287084107936
geom_0005,972,22.559153179339326,25.129608945429162,0.8956955285840308,0.32432027367682004,0.8977120666035124,0.52432027367682,0.021852324818239604,0.170082325314973,10.0,67,52.7722967744288
geom_0005,973,22.559153179339326,25.129608945429162,0.8956955285840308,0.32432027367682004,0.8977120666035124,0.52432027367682,0.021852324818239604,0.170082325314973,10.0,68,52.79084099536423
geom_0005,974,22.559153179339326,25.129608945429162,0.8956955285840308,0.32432027367682004,0.8977120666035124,0.52432027367682,0.021852324818239604,0.170082325314973,10.0,69,52.8928973054842
geom_0005,975,22.559153179339326,25.129608945429162,0.8956955285840308,0.32432027367682004,0.8977120666035124,0.52432027367682,0.021852324818239604,0.170082325314973,10.0,70,52.7620369881405
geom_0005,976,22.559153179339326,25.129608945429162,0.8956955285840308,0.32432027367682004,0.8977120666035124,0.52432027367682,0.021852324818239604,0.170082325314973,10.0,71,52.72627318004932
geom_0005,977,22.559153179339326,25.129608945429162,0.8956955285840308,0.32432027367682004,0.8977120666035124,0.52432027367682,0.021852324818239604,0.170082325314973,10.0,72,52.56521043137505
geom_0005,978,22.559153179339326,25.129608945429162,0.8956955285840308,0.32432027367682004,0.8977120666035124,0.52432027367682,0.021852324818239604,0.170082325314973,10.0,73,52.756287014141385
geom_0005,979,22.559153179339326,25.129608945429162,0.8956955285840308,0.32432027367682004,0.8977120666035124,0.52432027367682,0.021852324818239604,0.170082325314973,10.0,74,52.72760817020126
geom_0005,980,22.559153179339326,25.129608945429162,0.8956955285840308,0.32432027367682004,0.8977120666035124,0.52432027367682,0.021852324818239604,0.170082325314973,10.0,75,52.86174752367718
geom_0005,981,22.559153179339326,25.129608945429162,0.8956955285840308,0.32432027367682004,0.8977120666035124,0.52432027367682,0.021852324818239604,0.170082325314973,10.0,76,52.59800074421346
geom_0005,982,22.559153179339326,25.129608945429162,0.8956955285840308,0.32432027367682004,0.8977120666035124,0.52432027367682,0.021852324818239604,0.170082325314973,10.0,77,52.63507259733327
geom_0005,983,22.559153179339326,25.129608945429162,0.8956955285840308,0.32432027367682004,0.8977120666035124,0.52432027367682,0.021852324818239604,0.170082325314973,10.0,78,52.623523887819935
geom_0005,984,22.559153179339326,25.129608945429162,0.8956955285840308,0.32432027367682004,0.8977120666035124,0.52432027367682,0.021852324818239604,0.170082325314973,10.0,79,52.74283241746665
geom_0005,985,22.559153179339326,25.129608945429162,0.8956955285840308,0.32432027367682004,0.8977120666035124,0.52432027367682,0.021852324818239604,0.170082325314973,10.0,80,52.563155526052014
geom_0005,986,22.559153179339326,25.129608945429162,0.8956955285840308,0.32432027367682004,0.8977120666035124,0.52432027367682,0.021852324818239604,0.170082325314973,10.0,81,52.589302563769735
geom_0005,987,22.559153179339326,25.129608945429162,0.8956955285840308,0.32432027367682004,0.8977120666035124,0.52432027367682,0.021852324818239604,0.170082325314973,10.0,82,52.612041748992475
geom_0005,988,22.559153179339326,25.129608945429162,0.8956955285840308,0.32432027367682004,0.8977120666035124,0.52432027367682,0.021852324818239604,0.170082325314973,10.0,83,52.56091813062944
geom_0005,989,22.559153179339326,25.129608945429162,0.8956955285840308,0.32432027367682004,0.8977120666035124,0.52432027367682,0.021852324818239604,0.170082325314973,10.0,84,52.48978753262594
geom_0005,990,22.559153179339326,25.129608945429162,0.8956955285840308,0.32432027367682004,0.8977120666035124,0.52432027367682,0.021852324818239604,0.170082325314973,10.0,85,52.54719527040017
geom_0005,991,22.559153179339326,25.129608945429162,0.8956955285840308,0.32432027367682004,0.8977120666035124,0.52432027367682,0.021852324818239604,0.170082325314973,10.0,86,52.629697676838425
geom_0005,992,22.559153179339326,25.129608945429162,0.8956955285840308,0.32432027367682004,0.8977120666035124,0.52432027367682,0.021852324818239604,0.170082325314973,10.0,87,52.415433200960784
geom_0005,993,22.559153179339326,25.129608945429162,0.8956955285840308,0.32432027367682004,0.8977120666035124,0.52432027367682,0.021852324818239604,0.170082325314973,10.0,88,52.528341050508295
geom_0005,994,22.559153179339326,25.129608945429162,0.8956955285840308,0.32432027367682004,0.8977120666035124,0.52432027367682,0.021852324818239604,0.170082325314973,10.0,89,52.44320557273538
geom_0005,995,22.559153179339326,25.129608945429162,0.8956955285840308,0.32432027367682004,0.8977120666035124,0.52432027367682,0.021852324818239604,0.170082325314973,10.0,90,52.632113167337636
geom_0005,996,22.559153179339326,25.129608945429162,0.8956955285840308,0.32432027367682004,0.8977120666035124,0.52432027367682,0.021852324818239604,0.170082325314973,10.0,91,52.36089896375092
geom_0005,997,22.559153179339326,25.129608945429162,0.8956955285840308,0.32432027367682004,0.8977120666035124,0.52432027367682,0.021852324818239604,0.170082325314973,10.0,92,52.45915189836645
geom_0005,998,22.559153179339326,25.129608945429162,0.8956955285840308,0.32432027367682004,0.8977120666035124,0.52432027367682,0.021852324818239604,0.170082325314973,10.0,93,52.55580591840834
geom_0005,999,22.559153179339326,25.129608945429162,0.8956955285840308,0.32432027367682004,0.8977120666035124,0.52432027367682,0.021852324818239604,0.170082325314973,10.0,94,52.67888690477588
geom_0005,1000,22.559153179339326,25.129608945429162,0.8956955285840308,0.32432027367682004,0.8977120666035124,0.52432027367682,0.021852324818239604,0.170082325314973,10.0,95,52.52121124500304
geom_0005,1001,22.559153179339326,25.129608945429162,0.8956955285840308,0.32432027367682004,0.8977120666035124,0.52432027367682,0.021852324818239604,0.170082325314973,10.0,96,52.47891094141167
geom_0005,1002,22.559153179339326,25.129608945429162,0.8956955285840308,0.32432027367682004,0.8977120666035124,0.52432027367682,0.021852324818239604,0.170082325314973,10.0,97,52.73037292525787
geom_0005,1003,22.559153179339326,25.129608945429162,0.8956955285840308,0.32432027367682004,0.8977120666035124,0.52432027367682,0.021852324818239604,0.170082325314973,10.0,98,52.4064507079792
geom_0005,1004,22.559153179339326,25.129608945429162,0.8956955285840308,0.32432027367682004,0.8977120666035124,0.52432027367682,0.021852324818239604,0.170082325314973,10.0,99,52.341519815530695
geom_0005,1005,22.559153179339326,25.129608945429162,0.8956955285840308,0.32432027367682004,0.8977120666035124,0.52432027367682,0.021852324818239604,0.170082325314973,10.0,100,52.61668652429604
geom_0005,1006,22.559153179339326,25.129608945429162,0.8956955285840308,0.32432027367682004,0.8977120666035124,0.52432027367682,0.021852324818239604,0.170082325314973,10.0,101,52.53488166705504
geom_0005,1007,22.559153179339326,25.129608945429162,0.8956955285840308,0.32432027367682004,0.8977120666035124,0.52432027367682,0.021852324818239604,0.170082325314973,10.0,102,52.49646223773579
geom_0005,1008,22.559153179339326,25.129608945429162,0.8956955285840308,0.32432027367682004,0.8977120666035124,0.52432027367682,0.021852324818239604,0.170082325314973,10.0,103,52.68399320929681
geom_0005,1009,22.559153179339326,25.129608945429162,0.8956955285840308,0.32432027367682004,0.8977120666035124,0.52432027367682,0.021852324818239604,0.170082325314973,10.0,104,52.65315863908587
geom_0005,1010,22.559153179339326,25.129608945429162,0.8956955285840308,0.32432027367682004,0.8977120666035124,0.52432027367682,0.021852324818239604,0.170082325314973,10.0,105,52.58901418827296
geom_0005,1011,22.559153179339326,25.129608945429162,0.8956955285840308,0.32432027367682004,0.8977120666035124,0.52432027367682,0.021852324818239604,0.170082325314973,10.0,106,52.53502931222006
geom_0005,1012,22.559153179339326,25.129608945429162,0.8956955285840308,0.32432027367682004,0.8977120666035124,0.52432027367682,0.021852324818239604,0.170082325314973,10.0,107,52.76890739036668
geom_0005,1013,22.559153179339326,25.129608945429162,0.8956955285840308,0.32432027367682004,0.8977120666035124,0.52432027367682,0.021852324818239604,0.170082325314973,10.0,108,52.76621616326891
geom_0005,1014,22.559153179339326,25.129608945429162,0.8956955285840308,0.32432027367682004,0.8977120666035124,0.52432027367682,0.021852324818239604,0.170082325314973,10.0,109,52.711711938855764
geom_0005,1015,22.559153179339326,25.129608945429162,0.8956955285840308,0.32432027367682004,0.8977120666035124,0.52432027367682,0.021852324818239604,0.170082325314973,10.0,110,52.92759078094328
geom_0005,1016,22.559153179339326,25.129608945429162,0.8956955285840308,0.32432027367682004,0.8977120666035124,0.52432027367682,0.021852324818239604,0.170082325314973,10.0,111,52.658043642590854
geom_0005,1017,22.559153179339326,25.129608945429162,0.8956955285840308,0.32432027367682004,0.8977120666035124,0.52432027367682,0.021852324818239604,0.170082325314973,10.0,112,52.635413995978276
geom_0005,1018,22.559153179339326,25.129608945429162,0.8956955285840308,0.32432027367682004,0.8977120666035124,0.52432027367682,0.021852324818239604,0.170082325314973,10.0,113,52.74243984867341
geom_0005,1019,22.559153179339326,25.129608945429162,0.8956955285840308,0.32432027367682004,0.8977120666035124,0.52432027367682,0.021852324818239604,0.170082325314973,10.0,114,52.83144490855652
geom_0005,1020,22.559153179339326,25.129608945429162,0.8956955285840308,0.32432027367682004,0.8977120666035124,0.52432027367682,0.021852324818239604,0.170082325314973,10.0,115,52.885376608920915
geom_0005,1021,22.559153179339326,25.129608945429162,0.8956955285840308,0.32432027367682004,0.8977120666035124,0.52432027367682,0.021852324818239604,0.170082325314973,10.0,116,52.86258077826937
geom_0005,1022,22.559153179339326,25.129608945429162,0.8956955285840308,0.32432027367682004,0.8977120666035124,0.52432027367682,0.021852324818239604,0.170082325314973,10.0,117,52.94814921403461
geom_0005,1023,22.559153179339326,25.129608945429162,0.8956955285840308,0.32432027367682004,0.8977120666035124,0.52432027367682,0.021852324818239604,0.170082325314973,10.0,118,52.81456039253784
geom_0005,1024,22.559153179339326,25.129608945429162,0.8956955285840308,0.32432027367682004,0.8977120666035124,0.52432027367682,0.021852324818239604,0.170082325314973,10.0,119,53.111345482781466
geom_0005,1025,22.559153179339326,25.129608945429162,0.8956955285840308,0.32432027367682004,0.8977120666035124,0.52432027367682,0.021852324818239604,0.170082325314973,10.0,120,52.98644419417477
geom_0005,1026,22.559153179339326,25.129608945429162,0.8956955285840308,0.32432027367682004,0.8977120666035124,0.52432027367682,0.021852324818239604,0.170082325314973,10.0,121,53.13446534482936
geom_0005,1027,22.559153179339326,25.129608945429162,0.8956955285840308,0.32432027367682004,0.8977120666035124,0.52432027367682,0.021852324818239604,0.170082325314973,10.0,122,53.08542051121216
geom_0005,1028,22.559153179339326,25.129608945429162,0.8956955285840308,0.32432027367682004,0.8977120666035124,0.52432027367682,0.021852324818239604,0.170082325314973,10.0,123,53.125519997637674
geom_0005,1029,22.559153179339326,25.129608945429162,0.8956955285840308,0.32432027367682004,0.8977120666035124,0.52432027367682,0.021852324818239604,0.170082325314973,10.0,124,53.165750487454595
geom_0005,1030,22.559153179339326,25.129608945429162,0.8956955285840308,0.32432027367682004,0.8977120666035124,0.52432027367682,0.021852324818239604,0.170082325314973,10.0,125,53.182653234036366
geom_0005,1031,22.559153179339326,25.129608945429162,0.8956955285840308,0.32432027367682004,0.8977120666035124,0.52432027367682,0.021852324818239604,0.170082325314973,10.0,126,53.23138927761938
geom_0005,1032,22.559153179339326,25.129608945429162,0.8956955285840308,0.32432027367682004,0.8977120666035124,0.52432027367682,0.021852324818239604,0.170082325314973,10.0,127,53.329338743827485
geom_0005,1033,22.559153179339326,25.129608945429162,0.8956955285840308,0.32432027367682004,0.8977120666035124,0.52432027367682,0.021852324818239604,0.170082325314973,10.0,128,53.24539928522925
geom_0005,1034,22.559153179339326,25.129608945429162,0.8956955285840308,0.32432027367682004,0.8977120666035124,0.52432027367682,0.021852324818239604,0.170082325314973,10.0,129,53.32593326689131
geom_0005,1035,22.559153179339326,25.129608945429162,0.8956955285840308,0.32432027367682004,0.8977120666035124,0.52432027367682,0.021852324818239604,0.170082325314973,10.0,130,53.275251554753986
geom_0005,1036,22.559153179339326,25.129608945429162,0.8956955285840308,0.32432027367682004,0.8977120666035124,0.52432027367682,0.021852324818239604,0.170082325314973,10.0,131,53.45727973499555
geom_0005,1037,22.559153179339326,25.129608945429162,0.8956955285840308,0.32432027367682004,0.8977120666035124,0.52432027367682,0.021852324818239604,0.170082325314973,10.0,132,53.27446623029254
geom_0005,1038,22.559153179339326,25.129608945429162,0.8956955285840308,0.32432027367682004,0.8977120666035124,0.52432027367682,0.021852324818239604,0.170082325314973,10.0,133,53.55077524035839
geom_0005,1039,22.559153179339326,25.129608945429162,0.8956955285840308,0.32432027367682004,0.8977120666035124,0.52432027367682,0.021852324818239604,0.170082325314973,10.0,134,53.39492306500427
geom_0005,1040,22.559153179339326,25.129608945429162,0.8956955285840308,0.32432027367682004,0.8977120666035124,0.52432027367682,0.021852324818239604,0.170082325314973,10.0,135,53.28374455660644
geom_0005,1041,22.559153179339326,25.129608945429162,0.8956955285840308,0.32432027367682004,0.8977120666035124,0.52432027367682,0.021852324818239604,0.170082325314973,10.0,136,53.467084931907976
geom_0005,1042,22.559153179339326,25.129608945429162,0.8956955285840308,0.32432027367682004,0.8977120666035124,0.52432027367682,0.021852324818239604,0.170082325314973,10.0,137,53.41313476943885
geom_0005,1043,22.559153179339326,25.129608945429162,0.8956955285840308,0.32432027367682004,0.8977120666035124,0.52432027367682,0.021852324818239604,0.170082325314973,10.0,138,53.59172676696322
geom_0005,1044,22.559153179339326,25.129608945429162,0.8956955285840308,0.32432027367682004,0.8977120666035124,0.52432027367682,0.021852324818239604,0.170082325314973,10.0,139,53.46822381593603
geom_0005,1045,22.559153179339326,25.129608945429162,0.8956955285840308,0.32432027367682004,0.8977120666035124,0.52432027367682,0.021852324818239604,0.170082325314973,10.0,140,53.514037646997146
geom_0005,1046,22.559153179339326,25.129608945429162,0.8956955285840308,0.32432027367682004,0.8977120666035124,0.52432027367682,0.021852324818239604,0.170082325314973,10.0,141,53.394162749676916
geom_0005,1047,22.559153179339326,25.129608945429162,0.8956955285840308,0.32432027367682004,0.8977120666035124,0.52432027367682,0.021852324818239604,0.170082325314973,10.0,142,53.56158366657106
geom_0005,1048,22.559153179339326,25.129608945429162,0.8956955285840308,0.32432027367682004,0.8977120666035124,0.52432027367682,0.021852324818239604,0.170082325314973,10.0,143,53.387306651811855
geom_0005,1049,22.559153179339326,25.129608945429162,0.8956955285840308,0.32432027367682004,0.8977120666035124,0.52432027367682,0.021852324818239604,0.170082325314973,10.0,144,53.49331421824395
geom_0005,1050,22.559153179339326,25.129608945429162,0.8956955285840308,0.32432027367682004,0.8977120666035124,0.52432027367682,0.021852324818239604,0.170082325314973,10.0,145,53.74883305775018
geom_0005,1051,22.559153179339326,25.129608945429162,0.8956955285840308,0.32432027367682004,0.8977120666035124,0.52432027367682,0.021852324818239604,0.170082325314973,10.0,146,53.7714842173756
geom_0005,1052,22.559153179339326,25.129608945429162,0.8956955285840308,0.32432027367682004,0.8977120666035124,0.52432027367682,0.021852324818239604,0.170082325314973,10.0,147,53.754537295267404
geom_0005,1053,22.559153179339326,25.129608945429162,0.8956955285840308,0.32432027367682004,0.8977120666035124,0.52432027367682,0.021852324818239604,0.170082325314973,10.0,148,53.63330613878226
geom_0005,1054,22.559153179339326,25.129608945429162,0.8956955285840308,0.32432027367682004,0.8977120666035124,0.52432027367682,0.021852324818239604,0.170082325314973,10.0,149,53.7421208628299
geom_0005,1055,22.559153179339326,25.129608945429162,0.8956955285840308,0.32432027367682004,0.8977120666035124,0.52432027367682,0.021852324818239604,0.170082325314973,10.0,150,53.762248250536096
geom_0005,1056,22.559153179339326,25.129608945429162,0.8956955285840308,0.32432027367682004,0.8977120666035124,0.52432027367682,0.021852324818239604,0.170082325314973,10.0,151,53.66127017236838
geom_0005,1057,22.559153179339326,25.129608945429162,0.8956955285840308,0.32432027367682004,0.8977120666035124,0.52432027367682,0.021852324818239604,0.170082325314973,10.0,152,53.940680815399766
geom_0005,1058,22.559153179339326,25.129608945429162,0.8956955285840308,0.32432027367682004,0.8977120666035124,0.52432027367682,0.021852324818239604,0.170082325314973,10.0,153,53.890003611420525
geom_0005,1059,22.559153179339326,25.129608945429162,0.8956955285840308,0.32432027367682004,0.8977120666035124,0.52432027367682,0.021852324818239604,0.170082325314973,10.0,154,53.790746593628825
geom_0005,1060,22.559153179339326,25.129608945429162,0.8956955285840308,0.32432027367682004,0.8977120666035124,0.52432027367682,0.021852324818239604,0.170082325314973,10.0,155,53.82471502635582
geom_0005,1061,22.559153179339326,25.129608945429162,0.8956955285840308,0.32432027367682004,0.8977120666035124,0.52432027367682,0.021852324818239604,0.170082325314973,10.0,156,53.850615980929796
geom_0005,1062,22.559153179339326,25.129608945429162,0.8956955285840308,0.32432027367682004,0.8977120666035124,0.52432027367682,0.021852324818239604,0.170082325314973,10.0,157,53.63188483026977
geom_0005,1063,22.559153179339326,25.129608945429162,0.8956955285840308,0.32432027367682004,0.8977120666035124,0.52432027367682,0.021852324818239604,0.170082325314973,10.0,158,53.816113653532895
geom_0005,1064,22.559153179339326,25.129608945429162,0.8956955285840308,0.32432027367682004,0.8977120666035124,0.52432027367682,0.021852324818239604,0.170082325314973,10.0,159,53.77586321695207
geom_0005,1065,22.559153179339326,25.129608945429162,0.8956955285840308,0.32432027367682004,0.8977120666035124,0.52432027367682,0.021852324818239604,0.170082325314973,10.0,160,53.745553454785465
geom_0005,1066,22.559153179339326,25.129608945429162,0.8956955285840308,0.32432027367682004,0.8977120666035124,0.52432027367682,0.021852324818239604,0.170082325314973,10.0,161,53.81765091448095
geom_0005,1067,22.559153179339326,25.129608945429162,0.8956955285840308,0.32432027367682004,0.8977120666035124,0.52432027367682,0.021852324818239604,0.170082325314973,10.0,162,54.02393663744242
geom_0005,1068,22.559153179339326,25.129608945429162,0.8956955285840308,0.32432027367682004,0.8977120666035124,0.52432027367682,0.021852324818239604,0.170082325314973,10.0,163,53.90499255884989
geom_0005,1069,22.559153179339326,25.129608945429162,0.8956955285840308,0.32432027367682004,0.8977120666035124,0.52432027367682,0.021852324818239604,0.170082325314973,10.0,164,53.77883746133551
geom_0005,1070,22.559153179339326,25.129608945429162,0.8956955285840308,0.32432027367682004,0.8977120666035124,0.52432027367682,0.021852324818239604,0.170082325314973,10.0,165,53.886542978462465
geom_0005,1071,22.559153179339326,25.129608945429162,0.8956955285840308,0.32432027367682004,0.8977120666035124,0.52432027367682,0.021852324818239604,0.170082325314973,10.0,166,53.96080922859148
geom_0005,1072,22.559153179339326,25.129608945429162,0.8956955285840308,0.32432027367682004,0.8977120666035124,0.52432027367682,0.021852324818239604,0.170082325314973,10.0,167,53.903165050872914
geom_0005,1073,22.559153179339326,25.129608945429162,0.8956955285840308,0.32432027367682004,0.8977120666035124,0.52432027367682,0.021852324818239604,0.170082325314973,10.0,168,53.804713109536586
geom_0005,1074,22.559153179339326,25.129608945429162,0.8956955285840308,0.32432027367682004,0.8977120666035124,0.52432027367682,0.021852324818239604,0.170082325314973,10.0,169,53.72030859927787
geom_0005,1075,22.559153179339326,25.129608945429162,0.8956955285840308,0.32432027367682004,0.8977120666035124,0.52432027367682,0.021852324818239604,0.170082325314973,10.0,170,53.83926612231924
geom_0005,1076,22.559153179339326,25.129608945429162,0.8956955285840308,0.32432027367682004,0.8977120666035124,0.52432027367682,0.021852324818239604,0.170082325314973,10.0,171,53.791410747510525
geom_0005,1077,22.559153179339326,25.129608945429162,0.8956955285840308,0.32432027367682004,0.8977120666035124,0.52432027367682,0.021852324818239604,0.170082325314973,10.0,172,53.822366572275534
geom_0005,1078,22.559153179339326,25.129608945429162,0.8956955285840308,0.32432027367682004,0.8977120666035124,0.52432027367682,0.021852324818239604,0.170082325314973,10.0,173,53.775307960837644
geom_0005,1079,22.559153179339326,25.129608945429162,0.8956955285840308,0.32432027367682004,0.8977120666035124,0.52432027367682,0.021852324818239604,0.170082325314973,10.0,174,53.7938421036131
geom_0005,1080,22.559153179339326,25.129608945429162,0.8956955285840308,0.32432027367682004,0.8977120666035124,0.52432027367682,0.021852324818239604,0.170082325314973,10.0,175,53.61060809830273
geom_0005,1081,22.559153179339326,25.129608945429162,0.8956955285840308,0.32432027367682004,0.8977120666035124,0.52432027367682,0.021852324818239604,0.170082325314973,10.0,176,53.76926296160919
geom_0005,1082,22.559153179339326,25.129608945429162,0.8956955285840308,0.32432027367682004,0.8977120666035124,0.52432027367682,0.021852324818239604,0.170082325314973,10.0,177,53.62882322045269
geom_0005,1083,22.559153179339326,25.129608945429162,0.8956955285840308,0.32432027367682004,0.8977120666035124,0.52432027367682,0.021852324818239604,0.170082325314973,10.0,178,53.78627966050242
geom_0005,1084,22.559153179339326,25.129608945429162,0.8956955285840308,0.32432027367682004,0.8977120666035124,0.52432027367682,0.021852324818239604,0.170082325314973,10.0,179,53.47768077603941
geom_0005,1085,22.559153179339326,25.129608945429162,0.8956955285840308,0.32432027367682004,0.8977120666035124,0.52432027367682,0.021852324818239604,0.170082325314973,10.0,180,53.68620488476168
geom_0006,1086,22.559153179339326,25.129608945429162,0.8956955285840308,0.32432027367682004,0.8977120666035124,0.52432027367682,0.021852324818239604,0.170082325314973,10.0,0,53.50914001570648
geom_0006,1087,22.559153179339326,25.129608945429162,0.8956955285840308,0.32432027367682004,0.8977120666035124,0.52432027367682,0.021852324818239604,0.170082325314973,10.0,1,53.570021031102016
geom_0006,1088,22.559153179339326,25.129608945429162,0.8956955285840308,0.32432027367682004,0.8977120666035124,0.52432027367682,0.021852324818239604,0.170082325314973,10.0,2,53.7338036225213
geom_0006,1089,22.559153179339326,25.129608945429162,0.8956955285840308,0.32432027367682004,0.8977120666035124,0.52432027367682,0.021852324818239604,0.170082325314973,10.0,3,53.50922785590957
geom_0006,1090,22.559153179339326,25.129608945429162,0.8956955285840308,0.32432027367682004,0.8977120666035124,0.52432027367682,0.021852324818239604,0.170082325314973,10.0,4,53.73595579489342
geom_0006,1091,22.559153179339326,25.129608945429162,0.8956955285840308,0.32432027367682004,0.8977120666035124,0.52432027367682,0.021852324818239604,0.170082325314973,10.0,5,53.64273273503623
geom_0006,1092,22.559153179339326,25.129608945429162,0.8956955285840308,0.32432027367682004,0.8977120666035124,0.52432027367682,0.021852324818239604,0.170082325314973,10.0,6,53.683940461115924
geom_0006,1093,22.559153179339326,25.129608945429162,0.8956955285840308,0.32432027367682004,0.8977120666035124,0.52432027367682,0.021852324818239604,0.170082325314973,10.0,7,53.77927272988611
geom_0006,1094,22.559153179339326,25.129608945429162,0.8956955285840308,0.32432027367682004,0.8977120666035124,0.52432027367682,0.021852324818239604,0.170082325314973,10.0,8,53.620575048116535
geom_0006,1095,22.559153179339326,25.129608945429162,0.8956955285840308,0.32432027367682004,0.8977120666035124,0.52432027367682,0.021852324818239604,0.170082325314973,10.0,9,53.79030318358675
geom_0006,1096,22.559153179339326,25.129608945429162,0.8956955285840308,0.32432027367682004,0.8977120666035124,0.52432027367682,0.021852324818239604,0.170082325314973,10.0,10,53.78608901177918
geom_0006,1097,22.559153179339326,25.129608945429162,0.8956955285840308,0.32432027367682004,0.8977120666035124,0.52432027367682,0.021852324818239604,0.170082325314973,10.0,11,53.83424740344924
geom_0006,1098,22.559153179339326,25.129608945429162,0.8956955285840308,0.32432027367682004,0.8977120666035124,0.52432027367682,0.021852324818239604,0.170082325314973,10.0,12,53.82766693693535
geom_0006,1099,22.559153179339326,25.129608945429162,0.8956955285840308,0.32432027367682004,0.8977120666035124,0.52432027367682,0.021852324818239604,0.170082325314973,10.0,13,54.05623169657272
geom_0006,1100,22.559153179339326,25.129608945429162,0.8956955285840308,0.32432027367682004,0.8977120666035124,0.52432027367682,0.021852324818239604,0.170082325314973,10.0,14,53.75709968650774
geom_0006,1101,22.559153179339326,25.129608945429162,0.8956955285840308,0.32432027367682004,0.8977120666035124,0.52432027367682,0.021852324818239604,0.170082325314973,10.0,15,53.77618500482667
geom_0006,1102,22.559153179339326,25.129608945429162,0.8956955285840308,0.32432027367682004,0.8977120666035124,0.52432027367682,0.021852324818239604,0.170082325314973,10.0,16,53.77364130767131
geom_0006,1103,22.559153179339326,25.129608945429162,0.8956955285840308,0.32432027367682004,0.8977120666035124,0.52432027367682,0.021852324818239604,0.170082325314973,10.0,17,53.78536056080716
geom_0006,1104,22.559153179339326,25.129608945429162,0.8956955285840308,0.32432027367682004,0.8977120666035124,0.52432027367682,0.021852324818239604,0.170082325314973,10.0,18,53.780429272026815
geom_0006,1105,22.559153179339326,25.129608945429162,0.8956955285840308,0.32432027367682004,0.8977120666035124,0.52432027367682,0.021852324818239604,0.170082325314973,10.0,19,53.9646625968803
geom_0006,1106,22.559153179339326,25.129608945429162,0.8956955285840308,0.32432027367682004,0.8977120666035124,0.52432027367682,0.021852324818239604,0.170082325314973,10.0,20,53.987765880573946
geom_0006,1107,22.559153179339326,25.129608945429162,0.8956955285840308,0.32432027367682004,0.8977120666035124,0.52432027367682,0.021852324818239604,0.170082325314973,10.0,21,53.786987012376905
geom_0006,1108,22.559153179339326,25.129608945429162,0.8956955285840308,0.32432027367682004,0.8977120666035124,0.52432027367682,0.021852324818239604,0.170082325314973,10.0,22,53.75759583447453
geom_0006,1109,22.559153179339326,25.129608945429162,0.8956955285840308,0.32432027367682004,0.8977120666035124,0.52432027367682,0.021852324818239604,0.170082325314973,10.0,23,53.883199872750836
geom_0006,1110,22.559153179339326,25.129608945429162,0.8956955285840308,0.32432027367682004,0.8977120666035124,0.52432027367682,0.021852324818239604,0.170082325314973,10.0,24,53.77455539570694
geom_0006,1111,22.559153179339326,25.129608945429162,0.8956955285840308,0.32432027367682004,0.8977120666035124,0.52432027367682,0.021852324818239604,0.170082325314973,10.0,25,53.88531962423191
geom_0006,1112,22.559153179339326,25.129608945429162,0.8956955285840308,0.32432027367682004,0.8977120666035124,0.52432027367682,0.021852324818239604,0.170082325314973,10.0,26,53.833135313096925
geom_0006,1113,22.559153179339326,25.129608945429162,0.8956955285840308,0.32432027367682004,0.8977120666035124,0.52432027367682,0.021852324818239604,0.170082325314973,10.0,27,53.65069297086323
geom_0006,1114,22.559153179339326,25.129608945429162,0.8956955285840308,0.32432027367682004,0.8977120666035124,0.52432027367682,0.021852324818239604,0.170082325314973,10.0,28,53.94509150535606
geom_0006,1115,22.559153179339326,25.129608945429162,0.8956955285840308,0.32432027367682004,0.8977120666035124,0.52432027367682,0.021852324818239604,0.170082325314973,10.0,29,53.95669440859719
geom_0006,1116,22.559153179339326,25.129608945429162,0.8956955285840308,0.32432027367682004,0.8977120666035124,0.52432027367682,0.021852324818239604,0.170082325314973,10.0,30,53.70132963539672
geom_0006,1117,22.559153179339326,25.129608945429162,0.8956955285840308,0.32432027367682004,0.8977120666035124,0.52432027367682,0.021852324818239604,0.170082325314973,10.0,31,53.7081218424505
geom_0006,1118,22.559153179339326,25.129608945429162,0.8956955285840308,0.32432027367682004,0.8977120666035124,0.52432027367682,0.021852324818239604,0.170082325314973,10.0,32,53.758590292167675
geom_0006,1119,22.559153179339326,25.129608945429162,0.8956955285840308,0.32432027367682004,0.8977120666035124,0.52432027367682,0.021852324818239604,0.170082325314973,10.0,33,53.74543721808761
geom_0006,1120,22.559153179339326,25.129608945429162,0.8956955285840308,0.32432027367682004,0.8977120666035124,0.52432027367682,0.021852324818239604,0.170082325314973,10.0,34,53.7587586287778
geom_0006,1121,22.559153179339326,25.129608945429162,0.8956955285840308,0.32432027367682004,0.8977120666035124,0.52432027367682,0.021852324818239604,0.170082325314973,10.0,35,53.87381204601239
geom_0006,1122,22.559153179339326,25.129608945429162,0.8956955285840308,0.32432027367682004,0.8977120666035124,0.52432027367682,0.021852324818239604,0.170082325314973,10.0,36,53.63400977784312
geom_0006,1123,22.559153179339326,25.129608945429162,0.8956955285840308,0.32432027367682004,0.8977120666035124,0.52432027367682,0.021852324818239604,0.170082325314973,10.0,37,53.549864860020904
geom_0006,1124,22.559153179339326,25.129608945429162,0.8956955285840308,0.32432027367682004,0.8977120666035124,0.52432027367682,0.021852324818239604,0.170082325314973,10.0,38,53.46888237569452
geom_0006,1125,22.559153179339326,25.129608945429162,0.8956955285840308,0.32432027367682004,0.8977120666035124,0.52432027367682,0.021852324818239604,0.170082325314973,10.0,39,53.51002381877727
geom_0006,1126,22.559153179339326,25.129608945429162,0.8956955285840308,0.32432027367682004,0.8977120666035124,0.52432027367682,0.021852324818239604,0.170082325314973,10.0,40,53.55534329303125
geom_0006,1127,22.559153179339326,25.129608945429162,0.8956955285840308,0.32432027367682004,0.8977120666035124,0.52432027367682,0.021852324818239604,0.170082325314973,10.0,41,53.71294200021805
geom_0006,1128,22.559153179339326,25.129608945429162,0.8956955285840308,0.32432027367682004,0.8977120666035124,0.52432027367682,0.021852324818239604,0.170082325314973,10.0,42,53.45590128216073
geom_0006,1129,22.559153179339326,25.129608945429162,0.8956955285840308,0.32432027367682004,0.8977120666035124,0.52432027367682,0.021852324818239604,0.170082325314973,10.0,43,53.503618730350226
geom_0006,1130,22.559153179339326,25.129608945429162,0.8956955285840308,0.32432027367682004,0.8977120666035124,0.52432027367682,0.021852324818239604,0.170082325314973,10.0,44,53.452632200809624
geom_0006,1131,22.559153179339326,25.129608945429162,0.8956955285840308,0.32432027367682004,0.8977120666035124,0.52432027367682,0.021852324818239604,0.170082325314973,10.0,45,53.545661394163055
geom_0006,1132,22.559153179339326,25.129608945429162,0.8956955285840308,0.32432027367682004,0.8977120666035124,0.52432027367682,0.021852324818239604,0.170082325314973,10.0,46,53.651632102656066
geom_0006,1133,22.559153179339326,25.129608945429162,0.8956955285840308,0.32432027367682004,0.8977120666035124,0.52432027367682,0.021852324818239604,0.170082325314973,10.0,47,53.317594319775274
geom_0006,1134,22.559153179339326,25.129608945429162,0.8956955285840308,0.32432027367682004,0.8977120666035124,0.52432027367682,0.021852324818239604,0.170082325314973,10.0,48,53.293161516246634
geom_0006,1135,22.559153179339326,25.129608945429162,0.8956955285840308,0.32432027367682004,0.8977120666035124,0.52432027367682,0.021852324818239604,0.170082325314973,10.0,49,53.41768410115751
geom_0006,1136,22.559153179339326,25.129608945429162,0.8956955285840308,0.32432027367682004,0.8977120666035124,0.52432027367682,0.021852324818239604,0.170082325314973,10.0,50,53.35241427314534
geom_0006,1137,22.559153179339326,25.129608945429162,0.8956955285840308,0.32432027367682004,0.8977120666035124,0.52432027367682,0.021852324818239604,0.170082325314973,10.0,51,53.43970362370606
geom_0006,1138,22.559153179339326,25.129608945429162,0.8956955285840308,0.32432027367682004,0.8977120666035124,0.52432027367682,0.021852324818239604,0.170082325314973,10.0,52,53.28413998679169
geom_0006,1139,22.559153179339326,25.129608945429162,0.8956955285840308,0.32432027367682004,0.8977120666035124,0.52432027367682,0.021852324818239604,0.170082325314973,10.0,53,53.16049428173553
geom_0006,1140,22.559153179339326,25.129608945429162,0.8956955285840308,0.32432027367682004,0.8977120666035124,0.52432027367682,0.021852324818239604,0.170082325314973,10.0,54,53.22618248470186
geom_0006,1141,22.559153179339326,25.129608945429162,0.8956955285840308,0.32432027367682004,0.8977120666035124,0.52432027367682,0.021852324818239604,0.170082325314973,10.0,55,53.248752736092925
geom_0006,1142,22.559153179339326,25.129608945429162,0.8956955285840308,0.32432027367682004,0.8977120666035124,0.52432027367682,0.021852324818239604,0.170082325314973,10.0,56,53.19082197755111
geom_0006,1143,22.559153179339326,25.129608945429162,0.8956955285840308,0.32432027367682004,0.8977120666035124,0.52432027367682,0.021852324818239604,0.170082325314973,10.0,57,53.130572078833026
geom_0006,1144,22.559153179339326,25.129608945429162,0.8956955285840308,0.32432027367682004,0.8977120666035124,0.52432027367682,0.021852324818239604,0.170082325314973,10.0,58,53.15781544553331
geom_0006,1145,22.559153179339326,25.129608945429162,0.8956955285840308,0.32432027367682004,0.8977120666035124,0.52432027367682,0.021852324818239604,0.170082325314973,10.0,59,53.13966532071511
geom_0006,1146,22.559153179339326,25.129608945429162,0.8956955285840308,0.32432027367682004,0.8977120666035124,0.52432027367682,0.021852324818239604,0.170082325314973,10.0,60,53.132875211117785
geom_0006,1147,22.559153179339326,25.129608945429162,0.8956955285840308,0.32432027367682004,0.8977120666035124,0.52432027367682,0.021852324818239604,0.170082325314973,10.0,61,53.0318400111331
geom_0006,1148,22.559153179339326,25.129608945429162,0.8956955285840308,0.32432027367682004,0.8977120666035124,0.52432027367682,0.021852324818239604,0.170082325314973,10.0,62,52.9230025269252
geom_0006,1149,22.559153179339326,25.129608945429162,0.8956955285840308,0.32432027367682004,0.8977120666035124,0.52432027367682,0.021852324818239604,0.170082325314973,10.0,63,52.92761504302651
geom_0006,1150,22.559153179339326,25.129608945429162,0.8956955285840308,0.32432027367682004,0.8977120666035124,0.52432027367682,0.021852324818239604,0.170082325314973,10.0,64,53.00735528070584
geom_0006,1151,22.559153179339326,25.129608945429162,0.8956955285840308,0.32432027367682004,0.8977120666035124,0.52432027367682,0.021852324818239604,0.170082325314973,10.0,65,52.77934909688992
geom_0006,1152,22.559153179339326,25.129608945429162,0.8956955285840308,0.32432027367682004,0.8977120666035124,0.52432027367682,0.021852324818239604,0.170082325314973,10.0,66,52.87287084107936
geom_0006,1153,22.559153179339326,25.129608945429162,0.8956955285840308,0.32432027367682004,0.8977120666035124,0.52432027367682,0.021852324818239604,0.170082325314973,10.0,67,52.7722967744288
geom_0006,1154,22.559153179339326,25.129608945429162,0.8956955285840308,0.32432027367682004,0.8977120666035124,0.52432027367682,0.021852324818239604,0.170082325314973,10.0,68,52.79084099536423
geom_0006,1155,22.559153179339326,25.129608945429162,0.8956955285840308,0.32432027367682004,0.8977120666035124,0.52432027367682,0.021852324818239604,0.170082325314973,10.0,69,52.8928973054842
geom_0006,1156,22.559153179339326,25.129608945429162,0.8956955285840308,0.32432027367682004,0.8977120666035124,0.52432027367682,0.021852324818239604,0.170082325314973,10.0,70,52.7620369881405
geom_0006,1157,22.559153179339326,25.129608945429162,0.8956955285840308,0.32432027367682004,0.8977120666035124,0.52432027367682,0.021852324818239604,0.170082325314973,10.0,71,52.72627318004932
geom_0006,1158,22.559153179339326,25.129608945429162,0.8956955285840308,0.32432027367682004,0.8977120666035124,0.52432027367682,0.021852324818239604,0.170082325314973,10.0,72,52.56521043137505
geom_0006,1159,22.559153179339326,25.129608945429162,0.8956955285840308,0.32432027367682004,0.8977120666035124,0.52432027367682,0.021852324818239604,0.170082325314973,10.0,73,52.756287014141385
geom_0006,1160,22.559153179339326,25.129608945429162,0.8956955285840308,0.32432027367682004,0.8977120666035124,0.52432027367682,0.021852324818239604,0.170082325314973,10.0,74,52.72760817020126
geom_0006,1161,22.559153179339326,25.129608945429162,0.8956955285840308,0.32432027367682004,0.8977120666035124,0.52432027367682,0.021852324818239604,0.170082325314973,10.0,75,52.86174752367718
geom_0006,1162,22.559153179339326,25.129608945429162,0.8956955285840308,0.32432027367682004,0.8977120666035124,0.52432027367682,0.021852324818239604,0.170082325314973,10.0,76,52.59800074421346
geom_0006,1163,22.559153179339326,25.129608945429162,0.8956955285840308,0.32432027367682004,0.8977120666035124,0.52432027367682,0.021852324818239604,0.170082325314973,10.0,77,52.63507259733327
geom_0006,1164,22.559153179339326,25.129608945429162,0.8956955285840308,0.32432027367682004,0.8977120666035124,0.52432027367682,0.021852324818239604,0.170082325314973,10.0,78,52.623523887819935
geom_0006,1165,22.559153179339326,25.129608945429162,0.8956955285840308,0.32432027367682004,0.8977120666035124,0.52432027367682,0.021852324818239604,0.170082325314973,10.0,79,52.74283241746665
geom_0006,1166,22.559153179339326,25.129608945429162,0.8956955285840308,0.32432027367682004,0.8977120666035124,0.52432027367682,0.021852324818239604,0.170082325314973,10.0,80,52.563155526052014
geom_0006,1167,22.559153179339326,25.129608945429162,0.8956955285840308,0.32432027367682004,0.8977120666035124,0.52432027367682,0.021852324818239604,0.170082325314973,10.0,81,52.589302563769735
geom_0006,1168,22.559153179339326,25.129608945429162,0.8956955285840308,0.32432027367682004,0.8977120666035124,0.52432027367682,0.021852324818239604,0.170082325314973,10.0,82,52.612041748992475
geom_0006,1169,22.559153179339326,25.129608945429162,0.8956955285840308,0.32432027367682004,0.8977120666035124,0.52432027367682,0.021852324818239604,0.170082325314973,10.0,83,52.56091813062944
geom_0006,1170,22.559153179339326,25.129608945429162,0.8956955285840308,0.32432027367682004,0.8977120666035124,0.52432027367682,0.021852324818239604,0.170082325314973,10.0,84,52.48978753262594
geom_0006,1171,22.559153179339326,25.129608945429162,0.8956955285840308,0.32432027367682004,0.8977120666035124,0.52432027367682,0.021852324818239604,0.170082325314973,10.0,85,52.54719527040017
geom_0006,1172,22.559153179339326,25.129608945429162,0.8956955285840308,0.32432027367682004,0.8977120666035124,0.52432027367682,0.021852324818239604,0.170082325314973,10.0,86,52.629697676838425
geom_0006,1173,22.559153179339326,25.129608945429162,0.8956955285840308,0.32432027367682004,0.8977120666035124,0.52432027367682,0.021852324818239604,0.170082325314973,10.0,87,52.415433200960784
geom_0006,1174,22.559153179339326,25.129608945429162,0.8956955285840308,0.32432027367682004,0.8977120666035124,0.52432027367682,0.021852324818239604,0.170082325314973,10.0,88,52.528341050508295
geom_0006,1175,22.559153179339326,25.129608945429162,0.8956955285840308,0.32432027367682004,0.8977120666035124,0.52432027367682,0.021852324818239604,0.170082325314973,10.0,89,52.44320557273538
geom_0006,1176,22.559153179339326,25.129608945429162,0.8956955285840308,0.32432027367682004,0.8977120666035124,0.52432027367682,0.021852324818239604,0.170082325314973,10.0,90,52.632113167337636
geom_0006,1177,22.559153179339326,25.129608945429162,0.8956955285840308,0.32432027367682004,0.8977120666035124,0.52432027367682,0.021852324818239604,0.170082325314973,10.0,91,52.36089896375092
geom_0006,1178,22.559153179339326,25.129608945429162,0.8956955285840308,0.32432027367682004,0.8977120666035124,0.52432027367682,0.021852324818239604,0.170082325314973,10.0,92,52.45915189836645
geom_0006,1179,22.559153179339326,25.129608945429162,0.8956955285840308,0.32432027367682004,0.8977120666035124,0.52432027367682,0.021852324818239604,0.170082325314973,10.0,93,52.55580591840834
geom_0006,1180,22.559153179339326,25.129608945429162,0.8956955285840308,0.32432027367682004,0.8977120666035124,0.52432027367682,0.021852324818239604,0.170082325314973,10.0,94,52.67888690477588
geom_0006,1181,22.559153179339326,25.129608945429162,0.8956955285840308,0.32432027367682004,0.8977120666035124,0.52432027367682,0.021852324818239604,0.170082325314973,10.0,95,52.52121124500304
geom_0006,1182,22.559153179339326,25.129608945429162,0.8956955285840308,0.32432027367682004,0.8977120666035124,0.52432027367682,0.021852324818239604,0.170082325314973,10.0,96,52.47891094141167
geom_0006,1183,22.559153179339326,25.129608945429162,0.8956955285840308,0.32432027367682004,0.8977120666035124,0.52432027367682,0.021852324818239604,0.170082325314973,10.0,97,52.73037292525787
geom_0006,1184,22.559153179339326,25.129608945429162,0.8956955285840308,0.32432027367682004,0.8977120666035124,0.52432027367682,0.021852324818239604,0.170082325314973,10.0,98,52.4064507079792
geom_0006,1185,22.559153179339326,25.129608945429162,0.8956955285840308,0.32432027367682004,0.8977120666035124,0.52432027367682,0.021852324818239604,0.170082325314973,10.0,99,52.341519815530695
geom_0006,1186,22.559153179339326,25.129608945429162,0.8956955285840308,0.32432027367682004,0.8977120666035124,0.52432027367682,0.021852324818239604,0.170082325314973,10.0,100,52.61668652429604
geom_0006,1187,22.559153179339326,25.129608945429162,0.8956955285840308,0.32432027367682004,0.8977120666035124,0.52432027367682,0.021852324818239604,0.170082325314973,10.0,101,52.53488166705504
geom_0006,1188,22.559153179339326,25.129608945429162,0.8956955285840308,0.32432027367682004,0.8977120666035124,0.52432027367682,0.021852324818239604,0.170082325314973,10.0,102,52.49646223773579
geom_0006,1189,22.559153179339326,25.129608945429162,0.8956955285840308,0.32432027367682004,0.8977120666035124,0.52432027367682,0.021852324818239604,0.170082325314973,10.0,103,52.68399320929681
geom_0006,1190,22.559153179339326,25.129608945429162,0.8956955285840308,0.32432027367682004,0.8977120666035124,0.52432027367682,0.021852324818239604,0.170082325314973,10.0,104,52.65315863908587
geom_0006,1191,22.559153179339326,25.129608945429162,0.8956955285840308,0.32432027367682004,0.8977120666035124,0.52432027367682,0.021852324818239604,0.170082325314973,10.0,105,52.58901418827296
geom_0006,1192,22.559153179339326,25.129608945429162,0.8956955285840308,0.32432027367682004,0.8977120666035124,0.52432027367682,0.021852324818239604,0.170082325314973,10.0,106,52.53502931222006
geom_0006,1193,22.559153179339326,25.129608945429162,0.8956955285840308,0.32432027367682004,0.8977120666035124,0.52432027367682,0.021852324818239604,0.170082325314973,10.0,107,52.76890739036668
geom_0006,1194,22.559153179339326,25.129608945429162,0.8956955285840308,0.32432027367682004,0.8977120666035124,0.52432027367682,0.021852324818239604,0.170082325314973,10.0,108,52.76621616326891
geom_0006,1195,22.559153179339326,25.129608945429162,0.8956955285840308,0.32432027367682004,0.8977120666035124,0.52432027367682,0.021852324818239604,0.170082325314973,10.0,109,52.711711938855764
geom_0006,1196,22.559153179339326,25.129608945429162,0.8956955285840308,0.32432027367682004,0.8977120666035124,0.52432027367682,0.021852324818239604,0.170082325314973,10.0,110,52.92759078094328
geom_0006,1197,22.559153179339326,25.129608945429162,0.8956955285840308,0.32432027367682004,0.8977120666035124,0.52432027367682,0.021852324818239604,0.170082325314973,10.0,111,52.658043642590854
geom_0006,1198,22.559153179339326,25.129608945429162,0.8956955285840308,0.32432027367682004,0.8977120666035124,0.52432027367682,0.021852324818239604,0.170082325314973,10.0,112,52.635413995978276
geom_0006,1199,22.559153179339326,25.129608945429162,0.8956955285840308,0.32432027367682004,0.8977120666035124,0.52432027367682,0.021852324818239604,0.170082325314973,10.0,113,52.74243984867341
geom_0006,1200,22.559153179339326,25.129608945429162,0.8956955285840308,0.32432027367682004,0.8977120666035124,0.52432027367682,0.021852324818239604,0.170082325314973,10.0,114,52.83144490855652
geom_0006,1201,22.559153179339326,25.129608945429162,0.8956955285840308,0.32432027367682004,0.8977120666035124,0.52432027367682,0.021852324818239604,0.170082325314973,10.0,115,52.885376608920915
geom_0006,1202,22.559153179339326,25.129608945429162,0.8956955285840308,0.32432027367682004,0.8977120666035124,0.52432027367682,0.021852324818239604,0.170082325314973,10.0,116,52.86258077826937
geom_0006,1203,22.559153179339326,25.129608945429162,0.8956955285840308,0.32432027367682004,0.8977120666035124,0.52432027367682,0.021852324818239604,0.170082325314973,10.0,117,52.94814921403461
geom_0006,1204,22.559153179339326,25.129608945429162,0.8956955285840308,0.32432027367682004,0.8977120666035124,0.52432027367682,0.021852324818239604,0.170082325314973,10.0,118,52.81456039253784
geom_0006,1205,22.559153179339326,25.129608945429162,0.8956955285840308,0.32432027367682004,0.8977120666035124,0.52432027367682,0.021852324818239604,0.170082325314973,10.0,119,53.111345482781466
geom_0006,1206,22.559153179339326,25.129608945429162,0.8956955285840308,0.32432027367682004,0.8977120666035124,0.52432027367682,0.021852324818239604,0.170082325314973,10.0,120,52.98644419417477
geom_0006,1207,22.559153179339326,25.129608945429162,0.8956955285840308,0.32432027367682004,0.8977120666035124,0.52432027367682,0.021852324818239604,0.170082325314973,10.0,121,53.13446534482936
geom_0006,1208,22.559153179339326,25.129608945429162,0.8956955285840308,0.32432027367682004,0.8977120666035124,0.52432027367682,0.021852324818239604,0.170082325314973,10.0,122,53.08542051121216
geom_0006,1209,22.559153179339326,25.129608945429162,0.8956955285840308,0.32432027367682004,0.8977120666035124,0.52432027367682,0.021852324818239604,0.170082325314973,10.0,123,53.125519997637674
geom_0006,1210,22.559153179339326,25.129608945429162,0.8956955285840308,0.32432027367682004,0.8977120666035124,0.52432027367682,0.021852324818239604,0.170082325314973,10.0,124,53.165750487454595
geom_0006,1211,22.559153179339326,25.129608945429162,0.8956955285840308,0.32432027367682004,0.8977120666035124,0.52432027367682,0.021852324818239604,0.170082325314973,10.0,125,53.182653234036366
geom_0006,1212,22.559153179339326,25.129608945429162,0.8956955285840308,0.32432027367682004,0.8977120666035124,0.52432027367682,0.021852324818239604,0.170082325314973,10.0,126,53.23138927761938
geom_0006,1213,22.559153179339326,25.129608945429162,0.8956955285840308,0.32432027367682004,0.8977120666035124,0.52432027367682,0.021852324818239604,0.170082325314973,10.0,127,53.329338743827485
geom_0006,1214,22.559153179339326,25.129608945429162,0.8956955285840308,0.32432027367682004,0.8977120666035124,0.52432027367682,0.021852324818239604,0.170082325314973,10.0,128,53.24539928522925
geom_0006,1215,22.559153179339326,25.129608945429162,0.8956955285840308,0.32432027367682004,0.8977120666035124,0.52432027367682,0.021852324818239604,0.170082325314973,10.0,129,53.32593326689131
geom_0006,1216,22.559153179339326,25.129608945429162,0.8956955285840308,0.32432027367682004,0.8977120666035124,0.52432027367682,0.021852324818239604,0.170082325314973,10.0,130,53.275251554753986
geom_0006,1217,22.559153179339326,25.129608945429162,0.8956955285840308,0.32432027367682004,0.8977120666035124,0.52432027367682,0.021852324818239604,0.170082325314973,10.0,131,53.45727973499555
geom_0006,1218,22.559153179339326,25.129608945429162,0.8956955285840308,0.32432027367682004,0.8977120666035124,0.52432027367682,0.021852324818239604,0.170082325314973,10.0,132,53.27446623029254
geom_0006,1219,22.559153179339326,25.129608945429162,0.8956955285840308,0.32432027367682004,0.8977120666035124,0.52432027367682,0.021852324818239604,0.170082325314973,10.0,133,53.55077524035839
geom_0006,1220,22.559153179339326,25.129608945429162,0.8956955285840308,0.32432027367682004,0.8977120666035124,0.52432027367682,0.021852324818239604,0.170082325314973,10.0,134,53.39492306500427
geom_0006,1221,22.559153179339326,25.129608945429162,0.8956955285840308,0.32432027367682004,0.8977120666035124,0.52432027367682,0.021852324818239604,0.170082325314973,10.0,135,53.28374455660644
geom_0006,1222,22.559153179339326,25.129608945429162,0.8956955285840308,0.32432027367682004,0.8977120666035124,0.52432027367682,0.021852324818239604,0.170082325314973,10.0,136,53.467084931907976
geom_0006,1223,22.559153179339326,25.129608945429162,0.8956955285840308,0.32432027367682004,0.8977120666035124,0.52432027367682,0.021852324818239604,0.170082325314973,10.0,137,53.41313476943885
geom_0006,1224,22.559153179339326,25.129608945429162,0.8956955285840308,0.32432027367682004,0.8977120666035124,0.52432027367682,0.021852324818239604,0.170082325314973,10.0,138,53.59172676696322
geom_0006,1225,22.559153179339326,25.129608945429162,0.8956955285840308,0.32432027367682004,0.8977120666035124,0.52432027367682,0.021852324818239604,0.170082325314973,10.0,139,53.46822381593603
geom_0006,1226,22.559153179339326,25.129608945429162,0.8956955285840308,0.32432027367682004,0.8977120666035124,0.52432027367682,0.021852324818239604,0.170082325314973,10.0,140,53.514037646997146
geom_0006,1227,22.559153179339326,25.129608945429162,0.8956955285840308,0.32432027367682004,0.8977120666035124,0.52432027367682,0.021852324818239604,0.170082325314973,10.0,141,53.394162749676916
geom_0006,1228,22.559153179339326,25.129608945429162,0.8956955285840308,0.32432027367682004,0.8977120666035124,0.52432027367682,0.021852324818239604,0.170082325314973,10.0,142,53.56158366657106
geom_0006,1229,22.559153179339326,25.129608945429162,0.8956955285840308,0.32432027367682004,0.8977120666035124,0.52432027367682,0.021852324818239604,0.170082325314973,10.0,143,53.387306651811855
geom_0006,1230,22.559153179339326,25.129608945429162,0.8956955285840308,0.32432027367682004,0.8977120666035124,0.52432027367682,0.021852324818239604,0.170082325314973,10.0,144,53.49331421824395
geom_0006,1231,22.559153179339326,25.129608945429162,0.8956955285840308,0.32432027367682004,0.8977120666035124,0.52432027367682,0.021852324818239604,0.170082325314973,10.0,145,53.74883305775018
geom_0006,1232,22.559153179339326,25.129608945429162,0.8956955285840308,0.32432027367682004,0.8977120666035124,0.52432027367682,0.021852324818239604,0.170082325314973,10.0,146,53.7714842173756
geom_0006,1233,22.559153179339326,25.129608945429162,0.8956955285840308,0.32432027367682004,0.8977120666035124,0.52432027367682,0.021852324818239604,0.170082325314973,10.0,147,53.754537295267404
geom_0006,1234,22.559153179339326,25.129608945429162,0.8956955285840308,0.32432027367682004,0.8977120666035124,0.52432027367682,0.021852324818239604,0.170082325314973,10.0,148,53.63330613878226
geom_0006,1235,22.559153179339326,25.129608945429162,0.8956955285840308,0.32432027367682004,0.8977120666035124,0.52432027367682,0.021852324818239604,0.170082325314973,10.0,149,53.7421208628299
geom_0006,1236,22.559153179339326,25.129608945429162,0.8956955285840308,0.32432027367682004,0.8977120666035124,0.52432027367682,0.021852324818239604,0.170082325314973,10.0,150,53.762248250536096
geom_0006,1237,22.559153179339326,25.129608945429162,0.8956955285840308,0.32432027367682004,0.8977120666035124,0.52432027367682,0.021852324818239604,0.170082325314973,10.0,151,53.66127017236838
geom_0006,1238,22.559153179339326,25.129608945429162,0.8956955285840308,0.32432027367682004,0.8977120666035124,0.52432027367682,0.021852324818239604,0.170082325314973,10.0,152,53.940680815399766
geom_0006,1239,22.559153179339326,25.129608945429162,0.8956955285840308,0.32432027367682004,0.8977120666035124,0.52432027367682,0.021852324818239604,0.170082325314973,10.0,153,53.890003611420525
geom_0006,1240,22.559153179339326,25.129608945429162,0.8956955285840308,0.32432027367682004,0.8977120666035124,0.52432027367682,0.021852324818239604,0.170082325314973,10.0,154,53.790746593628825
geom_0006,1241,22.559153179339326,25.129608945429162,0.8956955285840308,0.32432027367682004,0.8977120666035124,0.52432027367682,0.021852324818239604,0.170082325314973,10.0,155,53.82471502635582
geom_0006,1242,22.559153179339326,25.129608945429162,0.8956955285840308,0.32432027367682004,0.8977120666035124,0.52432027367682,0.021852324818239604,0.170082325314973,10.0,156,53.850615980929796
geom_0006,1243,22.559153179339326,25.129608945429162,0.8956955285840308,0.32432027367682004,0.8977120666035124,0.52432027367682,0.021852324818239604,0.170082325314973,10.0,157,53.63188483026977
geom_0006,1244,22.559153179339326,25.129608945429162,0.8956955285840308,0.32432027367682004,0.8977120666035124,0.52432027367682,0.021852324818239604,0.170082325314973,10.0,158,53.816113653532895
geom_0006,1245,22.559153179339326,25.129608945429162,0.8956955285840308,0.32432027367682004,0.8977120666035124,0.52432027367682,0.021852324818239604,0.170082325314973,10.0,159,53.77586321695207
geom_0006,1246,22.559153179339326,25.129608945429162,0.8956955285840308,0.32432027367682004,0.8977120666035124,0.52432027367682,0.021852324818239604,0.170082325314973,10.0,160,53.745553454785465
geom_0006,1247,22.559153179339326,25.129608945429162,0.8956955285840308,0.32432027367682004,0.8977120666035124,0.52432027367682,0.021852324818239604,0.170082325314973,10.0,161,53.81765091448095
geom_0006,1248,22.559153179339326,25.129608945429162,0.8956955285840308,0.32432027367682004,0.8977120666035124,0.52432027367682,0.021852324818239604,0.170082325314973,10.0,162,54.02393663744242
geom_0006,1249,22.559153179339326,25.129608945429162,0.8956955285840308,0.32432027367682004,0.8977120666035124,0.52432027367682,0.021852324818239604,0.170082325314973,10.0,163,53.90499255884989
geom_0006,1250,22.559153179339326,25.129608945429162,0.8956955285840308,0.32432027367682004,0.8977120666035124,0.52432027367682,0.021852324818239604,0.170082325314973,10.0,164,53.77883746133551
geom_0006,1251,22.559153179339326,25.129608945429162,0.8956955285840308,0.32432027367682004,0.8977120666035124,0.52432027367682,0.021852324818239604,0.170082325314973,10.0,165,53.886542978462465
geom_0006,1252,22.559153179339326,25.129608945429162,0.8956955285840308,0.32432027367682004,0.8977120666035124,0.52432027367682,0.021852324818239604,0.170082325314973,10.0,166,53.96080922859148
geom_0006,1253,22.559153179339326,25.129608945429162,0.8956955285840308,0.32432027367682004,0.8977120666035124,0.52432027367682,0.021852324818239604,0.170082325314973,10.0,167,53.903165050872914
geom_0006,1254,22.559153179339326,25.129608945429162,0.8956955285840308,0.32432027367682004,0.8977120666035124,0.52432027367682,0.021852324818239604,0.170082325314973,10.0,168,53.804713109536586
geom_0006,1255,22.559153179339326,25.129608945429162,0.8956955285840308,0.32432027367682004,0.8977120666035124,0.52432027367682,0.021852324818239604,0.170082325314973,10.0,169,53.72030859927787
geom_0006,1256,22.559153179339326,25.129608945429162,0.8956955285840308,0.32432027367682004,0.8977120666035124,0.52432027367682,0.021852324818239604,0.170082325314973,10.0,170,53.83926612231924
geom_0006,1257,22.559153179339326,25.129608945429162,0.8956955285840308,0.32432027367682004,0.8977120666035124,0.52432027367682,0.021852324818239604,0.170082325314973,10.0,171,53.791410747510525
geom_0006,1258,22.559153179339326,25.129608945429162,0.8956955285840308,0.32432027367682004,0.8977120666035124,0.52432027367682,0.021852324818239604,0.170082325314973,10.0,172,53.822366572275534
geom_0006,1259,22.559153179339326,25.129608945429162,0.8956955285840308,0.32432027367682004,0.8977120666035124,0.52432027367682,0.021852324818239604,0.170082325314973,10.0,173,53.775307960837644
geom_0006,1260,22.559153179339326,25.129608945429162,0.8956955285840308,0.32432027367682004,0.8977120666035124,0.52432027367682,0.021852324818239604,0.170082325314973,10.0,174,53.7938421036131
geom_0006,1261,22.559153179339326,25.129608945429162,0.8956955285840308,0.32432027367682004,0.8977120666035124,0.52432027367682,0.021852324818239604,0.170082325314973,10.0,175,53.61060809830273
geom_0006,1262,22.559153179339326,25.129608945429162,0.8956955285840308,0.32432027367682004,0.8977120666035124,0.52432027367682,0.021852324818239604,0.170082325314973,10.0,176,53.76926296160919
geom_0006,1263,22.559153179339326,25.129608945429162,0.8956955285840308,0.32432027367682004,0.8977120666035124,0.52432027367682,0.021852324818239604,0.170082325314973,10.0,177,53.62882322045269
geom_0006,1264,22.559153179339326,25.129608945429162,0.8956955285840308,0.32432027367682004,0.8977120666035124,0.52432027367682,0.021852324818239604,0.170082325314973,10.0,178,53.78627966050242
geom_0006,1265,22.559153179339326,25.129608945429162,0.8956955285840308,0.32432027367682004,0.8977120666035124,0.52432027367682,0.021852324818239604,0.170082325314973,10.0,179,53.47768077603941
geom_0006,1266,22.559153179339326,25.129608945429162,0.8956955285840308,0.32432027367682004,0.8977120666035124,0.52432027367682,0.021852324818239604,0.170082325314973,10.0,180,53.68620488476168
geom_0007,1267,22.559153179339326,25.129608945429162,0.8956955285840308,0.32432027367682004,0.8977120666035124,0.52432027367682,0.021852324818239604,0.170082325314973,10.0,0,53.50914001570648
geom_0007,1268,22.559153179339326,25.129608945429162,0.8956955285840308,0.32432027367682004,0.8977120666035124,0.52432027367682,0.021852324818239604,0.170082325314973,10.0,1,53.570021031102016
geom_0007,1269,22.559153179339326,25.129608945429162,0.8956955285840308,0.32432027367682004,0.8977120666035124,0.52432027367682,0.021852324818239604,0.170082325314973,10.0,2,53.7338036225213
geom_0007,1270,22.559153179339326,25.129608945429162,0.8956955285840308,0.32432027367682004,0.8977120666035124,0.52432027367682,0.021852324818239604,0.170082325314973,10.0,3,53.50922785590957
geom_0007,1271,22.559153179339326,25.129608945429162,0.8956955285840308,0.32432027367682004,0.8977120666035124,0.52432027367682,0.021852324818239604,0.170082325314973,10.0,4,53.73595579489342
geom_0007,1272,22.559153179339326,25.129608945429162,0.8956955285840308,0.32432027367682004,0.8977120666035124,0.52432027367682,0.021852324818239604,0.170082325314973,10.0,5,53.64273273503623
geom_0007,1273,22.559153179339326,25.129608945429162,0.8956955285840308,0.32432027367682004,0.8977120666035124,0.52432027367682,0.021852324818239604,0.170082325314973,10.0,6,53.683940461115924
geom_0007,1274,22.559153179339326,25.129608945429162,0.8956955285840308,0.32432027367682004,0.8977120666035124,0.52432027367682,0.021852324818239604,0.170082325314973,10.0,7,53.77927272988611
geom_0007,1275,22.559153179339326,25.129608945429162,0.8956955285840308,0.32432027367682004,0.8977120666035124,0.52432027367682,0.021852324818239604,0.170082325314973,10.0,8,53.620575048116535
geom_0007,1276,22.559153179339326,25.129608945429162,0.8956955285840308,0.32432027367682004,0.8977120666035124,0.52432027367682,0.021852324818239604,0.170082325314973,10.0,9,53.79030318358675
geom_0007,1277,22.559153179339326,25.129608945429162,0.8956955285840308,0.32432027367682004,0.8977120666035124,0.52432027367682,0.021852324818239604,0.170082325314973,10.0,10,53.78608901177918
geom_0007,1278,22.559153179339326,25.129608945429162,0.8956955285840308,0.32432027367682004,0.8977120666035124,0.52432027367682,0.021852324818239604,0.170082325314973,10.0,11,53.83424740344924
geom_0007,1279,22.559153179339326,25.129608945429162,0.8956955285840308,0.32432027367682004,0.8977120666035124,0.52432027367682,0.021852324818239604,0.170082325314973,10.0,12,53.82766693693535
geom_0007,1280,22.559153179339326,25.129608945429162,0.8956955285840308,0.32432027367682004,0.8977120666035124,0.52432027367682,0.021852324818239604,0.170082325314973,10.0,13,54.05623169657272
geom_0007,1281,22.559153179339326,25.129608945429162,0.8956955285840308,0.32432027367682004,0.8977120666035124,0.52432027367682,0.021852324818239604,0.170082325314973,10.0,14,53.75709968650774
geom_0007,1282,22.559153179339326,25.129608945429162,0.8956955285840308,0.32432027367682004,0.8977120666035124,0.52432027367682,0.021852324818239604,0.170082325314973,10.0,15,53.77618500482667
geom_0007,1283,22.559153179339326,25.129608945429162,0.8956955285840308,0.32432027367682004,0.8977120666035124,0.52432027367682,0.021852324818239604,0.170082325314973,10.0,16,53.77364130767131
geom_0007,1284,22.559153179339326,25.129608945429162,0.8956955285840308,0.32432027367682004,0.8977120666035124,0.52432027367682,0.021852324818239604,0.170082325314973,10.0,17,53.78536056080716
geom_0007,1285,22.559153179339326,25.129608945429162,0.8956955285840308,0.32432027367682004,0.8977120666035124,0.52432027367682,0.021852324818239604,0.170082325314973,10.0,18,53.780429272026815
geom_0007,1286,22.559153179339326,25.129608945429162,0.8956955285840308,0.32432027367682004,0.8977120666035124,0.52432027367682,0.021852324818239604,0.170082325314973,10.0,19,53.9646625968803
geom_0007,1287,22.559153179339326,25.129608945429162,0.8956955285840308,0.32432027367682004,0.8977120666035124,0.52432027367682,0.021852324818239604,0.170082325314973,10.0,20,53.987765880573946
geom_0007,1288,22.559153179339326,25.129608945429162,0.8956955285840308,0.32432027367682004,0.8977120666035124,0.52432027367682,0.021852324818239604,0.170082325314973,10.0,21,53.786987012376905
geom_0007,1289,22.559153179339326,25.129608945429162,0.8956955285840308,0.32432027367682004,0.8977120666035124,0.52432027367682,0.021852324818239604,0.170082325314973,10.0,22,53.75759583447453
geom_0007,1290,22.559153179339326,25.129608945429162,0.8956955285840308,0.32432027367682004,0.8977120666035124,0.52432027367682,0.021852324818239604,0.170082325314973,10.0,23,53.883199872750836
geom_0007,1291,22.559153179339326,25.129608945429162,0.8956955285840308,0.32432027367682004,0.8977120666035124,0.52432027367682,0.021852324818239604,0.170082325314973,10.0,24,53.77455539570694
geom_0007,1292,22.559153179339326,25.129608945429162,0.8956955285840308,0.32432027367682004,0.8977120666035124,0.52432027367682,0.021852324818239604,0.170082325314973,10.0,25,53.88531962423191
geom_0007,1293,22.559153179339326,25.129608945429162,0.8956955285840308,0.32432027367682004,0.8977120666035124,0.52432027367682,0.021852324818239604,0.170082325314973,10.0,26,53.833135313096925
geom_0007,1294,22.559153179339326,25.129608945429162,0.8956955285840308,0.32432027367682004,0.8977120666035124,0.52432027367682,0.021852324818239604,0.170082325314973,10.0,27,53.65069297086323
geom_0007,1295,22.559153179339326,25.129608945429162,0.8956955285840308,0.32432027367682004,0.8977120666035124,0.52432027367682,0.021852324818239604,0.170082325314973,10.0,28,53.94509150535606
geom_0007,1296,22.559153179339326,25.129608945429162,0.8956955285840308,0.32432027367682004,0.8977120666035124,0.52432027367682,0.021852324818239604,0.170082325314973,10.0,29,53.95669440859719
geom_0007,1297,22.559153179339326,25.129608945429162,0.8956955285840308,0.32432027367682004,0.8977120666035124,0.52432027367682,0.021852324818239604,0.170082325314973,10.0,30,53.70132963539672
geom_0007,1298,22.559153179339326,25.129608945429162,0.8956955285840308,0.32432027367682004,0.8977120666035124,0.52432027367682,0.021852324818239604,0.170082325314973,10.0,31,53.7081218424505
geom_0007,1299,22.559153179339326,25.129608945429162,0.8956955285840308,0.32432027367682004,0.8977120666035124,0.52432027367682,0.021852324818239604,0.170082325314973,10.0,32,53.758590292167675
geom_0007,1300,22.559153179339326,25.129608945429162,0.8956955285840308,0.32432027367682004,0.8977120666035124,0.52432027367682,0.021852324818239604,0.170082325314973,10.0,33,53.74543721808761
geom_0007,1301,22.559153179339326,25.129608945429162,0.8956955285840308,0.32432027367682004,0.8977120666035124,0.52432027367682,0.021852324818239604,0.170082325314973,10.0,34,53.7587586287778
geom_0007,1302,22.559153179339326,25.129608945429162,0.8956955285840308,0.32432027367682004,0.8977120666035124,0.52432027367682,0.021852324818239604,0.170082325314973,10.0,35,53.87381204601239
geom_0007,1303,22.559153179339326,25.129608945429162,0.8956955285840308,0.32432027367682004,0.8977120666035124,0.52432027367682,0.021852324818239604,0.170082325314973,10.0,36,53.63400977784312
geom_0007,1304,22.559153179339326,25.129608945429162,0.8956955285840308,0.32432027367682004,0.8977120666035124,0.52432027367682,0.021852324818239604,0.170082325314973,10.0,37,53.549864860020904
geom_0007,1305,22.559153179339326,25.129608945429162,0.8956955285840308,0.32432027367682004,0.8977120666035124,0.52432027367682,0.021852324818239604,0.170082325314973,10.0,38,53.46888237569452
geom_0007,1306,22.559153179339326,25.129608945429162,0.8956955285840308,0.32432027367682004,0.8977120666035124,0.52432027367682,0.021852324818239604,0.170082325314973,10.0,39,53.51002381877727
geom_0007,1307,22.559153179339326,25.129608945429162,0.8956955285840308,0.32432027367682004,0.8977120666035124,0.52432027367682,0.021852324818239604,0.170082325314973,10.0,40,53.55534329303125
geom_0007,1308,22.559153179339326,25.129608945429162,0.8956955285840308,0.32432027367682004,0.8977120666035124,0.52432027367682,0.021852324818239604,0.170082325314973,10.0,41,53.71294200021805
geom_0007,1309,22.559153179339326,25.129608945429162,0.8956955285840308,0.32432027367682004,0.8977120666035124,0.52432027367682,0.021852324818239604,0.170082325314973,10.0,42,53.45590128216073
geom_0007,1310,22.559153179339326,25.129608945429162,0.8956955285840308,0.32432027367682004,0.8977120666035124,0.52432027367682,0.021852324818239604,0.170082325314973,10.0,43,53.503618730350226
geom_0007,1311,22.559153179339326,25.129608945429162,0.8956955285840308,0.32432027367682004,0.8977120666035124,0.52432027367682,0.021852324818239604,0.170082325314973,10.0,44,53.452632200809624
geom_0007,1312,22.559153179339326,25.129608945429162,0.8956955285840308,0.32432027367682004,0.8977120666035124,0.52432027367682,0.021852324818239604,0.170082325314973,10.0,45,53.545661394163055
geom_0007,1313,22.559153179339326,25.129608945429162,0.8956955285840308,0.32432027367682004,0.8977120666035124,0.52432027367682,0.021852324818239604,0.170082325314973,10.0,46,53.651632102656066
geom_0007,1314,22.559153179339326,25.129608945429162,0.8956955285840308,0.32432027367682004,0.8977120666035124,0.52432027367682,0.021852324818239604,0.170082325314973,10.0,47,53.317594319775274
geom_0007,1315,22.559153179339326,25.129608945429162,0.8956955285840308,0.32432027367682004,0.8977120666035124,0.52432027367682,0.021852324818239604,0.170082325314973,10.0,48,53.293161516246634
geom_0007,1316,22.559153179339326,25.129608945429162,0.8956955285840308,0.32432027367682004,0.8977120666035124,0.52432027367682,0.021852324818239604,0.170082325314973,10.0,49,53.41768410115751
geom_0007,1317,22.559153179339326,25.129608945429162,0.8956955285840308,0.32432027367682004,0.8977120666035124,0.52432027367682,0.021852324818239604,0.170082325314973,10.0,50,53.35241427314534
geom_0007,1318,22.559153179339326,25.129608945429162,0.8956955285840308,0.32432027367682004,0.8977120666035124,0.52432027367682,0.021852324818239604,0.170082325314973,10.0,51,53.43970362370606
geom_0007,1319,22.559153179339326,25.129608945429162,0.8956955285840308,0.32432027367682004,0.8977120666035124,0.52432027367682,0.021852324818239604,0.170082325314973,10.0,52,53.28413998679169
geom_0007,1320,22.559153179339326,25.129608945429162,0.8956955285840308,0.32432027367682004,0.8977120666035124,0.52432027367682,0.021852324818239604,0.170082325314973,10.0,53,53.16049428173553
geom_0007,1321,22.559153179339326,25.129608945429162,0.8956955285840308,0.32432027367682004,0.8977120666035124,0.52432027367682,0.021852324818239604,0.170082325314973,10.0,54,53.22618248470186
geom_0007,1322,22.559153179339326,25.129608945429162,0.8956955285840308,0.32432027367682004,0.8977120666035124,0.52432027367682,0.021852324818239604,0.170082325314973,10.0,55,53.248752736092925
geom_0007,1323,22.559153179339326,25.129608945429162,0.8956955285840308,0.32432027367682004,0.8977120666035124,0.52432027367682,0.021852324818239604,0.170082325314973,10.0,56,53.19082197755111
geom_0007,1324,22.559153179339326,25.129608945429162,0.8956955285840308,0.32432027367682004,0.8977120666035124,0.52432027367682,0.021852324818239604,0.170082325314973,10.0,57,53.130572078833026
geom_0007,1325,22.559153179339326,25.129608945429162,0.8956955285840308,0.32432027367682004,0.8977120666035124,0.52432027367682,0.021852324818239604,0.170082325314973,10.0,58,53.15781544553331
geom_0007,1326,22.559153179339326,25.129608945429162,0.8956955285840308,0.32432027367682004,0.8977120666035124,0.52432027367682,0.021852324818239604,0.170082325314973,10.0,59,53.13966532071511
geom_0007,1327,22.559153179339326,25.129608945429162,0.8956955285840308,0.32432027367682004,0.8977120666035124,0.52432027367682,0.021852324818239604,0.170082325314973,10.0,60,53.132875211117785
geom_0007,1328,22.559153179339326,25.129608945429162,0.8956955285840308,0.32432027367682004,0.8977120666035124,0.52432027367682,0.021852324818239604,0.170082325314973,10.0,61,53.0318400111331
geom_0007,1329,22.559153179339326,25.129608945429162,0.8956955285840308,0.32432027367682004,0.8977120666035124,0.52432027367682,0.021852324818239604,0.170082325314973,10.0,62,52.9230025269252
geom_0007,1330,22.559153179339326,25.129608945429162,0.8956955285840308,0.32432027367682004,0.8977120666035124,0.52432027367682,0.021852324818239604,0.170082325314973,10.0,63,52.92761504302651
geom_0007,1331,22.559153179339326,25.129608945429162,0.8956955285840308,0.32432027367682004,0.8977120666035124,0.52432027367682,0.021852324818239604,0.170082325314973,10.0,64,53.00735528070584
geom_0007,1332,22.559153179339326,25.129608945429162,0.8956955285840308,0.32432027367682004,0.8977120666035124,0.52432027367682,0.021852324818239604,0.170082325314973,10.0,65,52.77934909688992
geom_0007,1333,22.559153179339326,25.129608945429162,0.8956955285840308,0.32432027367682004,0.8977120666035124,0.52432027367682,0.021852324818239604,0.170082325314973,10.0,66,52.87287084107936
geom_0007,1334,22.559153179339326,25.129608945429162,0.8956955285840308,0.32432027367682004,0.8977120666035124,0.52432027367682,0.021852324818239604,0.170082325314973,10.0,67,52.7722967744288
geom_0007,1335,22.559153179339326,25.129608945429162,0.8956955285840308,0.32432027367682004,0.8977120666035124,0.52432027367682,0.021852324818239604,0.170082325314973,10.0,68,52.79084099536423
geom_0007,1336,22.559153179339326,25.129608945429162,0.8956955285840308,0.32432027367682004,0.8977120666035124,0.52432027367682,0.021852324818239604,0.170082325314973,10.0,69,52.8928973054842
geom_0007,1337,22.559153179339326,25.129608945429162,0.8956955285840308,0.32432027367682004,0.8977120666035124,0.52432027367682,0.021852324818239604,0.170082325314973,10.0,70,52.7620369881405
geom_0007,1338,22.559153179339326,25.129608945429162,0.8956955285840308,0.32432027367682004,0.8977120666035124,0.52432027367682,0.021852324818239604,0.170082325314973,10.0,71,52.72627318004932
geom_0007,1339,22.559153179339326,25.129608945429162,0.8956955285840308,0.32432027367682004,0.8977120666035124,0.52432027367682,0.021852324818239604,0.170082325314973,10.0,72,52.56521043137505
geom_0007,1340,22.559153179339326,25.129608945429162,0.8956955285840308,0.32432027367682004,0.8977120666035124,0.52432027367682,0.021852324818239604,0.170082325314973,10.0,73,52.756287014141385
geom_0007,1341,22.559153179339326,25.129608945429162,0.8956955285840308,0.32432027367682004,0.8977120666035124,0.52432027367682,0.021852324818239604,0.170082325314973,10.0,74,52.72760817020126
geom_0007,1342,22.559153179339326,25.129608945429162,0.8956955285840308,0.32432027367682004,0.8977120666035124,0.52432027367682,0.021852324818239604,0.170082325314973,10.0,75,52.86174752367718
geom_0007,1343,22.559153179339326,25.129608945429162,0.8956955285840308,0.32432027367682004,0.8977120666035124,0.52432027367682,0.021852324818239604,0.170082325314973,10.0,76,52.59800074421346
geom_0007,1344,22.559153179339326,25.129608945429162,0.8956955285840308,0.32432027367682004,0.8977120666035124,0.52432027367682,0.021852324818239604,0.170082325314973,10.0,77,52.63507259733327
geom_0007,1345,22.559153179339326,25.129608945429162,0.8956955285840308,0.32432027367682004,0.8977120666035124,0.52432027367682,0.021852324818239604,0.170082325314973,10.0,78,52.623523887819935
geom_0007,1346,22.559153179339326,25.129608945429162,0.8956955285840308,0.32432027367682004,0.8977120666035124,0.52432027367682,0.021852324818239604,0.170082325314973,10.0,79,52.74283241746665
geom_0007,1347,22.559153179339326,25.129608945429162,0.8956955285840308,0.32432027367682004,0.8977120666035124,0.52432027367682,0.021852324818239604,0.170082325314973,10.0,80,52.563155526052014
geom_0007,1348,22.559153179339326,25.129608945429162,0.8956955285840308,0.32432027367682004,0.8977120666035124,0.52432027367682,0.021852324818239604,0.170082325314973,10.0,81,52.589302563769735
geom_0007,1349,22.559153179339326,25.129608945429162,0.8956955285840308,0.32432027367682004,0.8977120666035124,0.52432027367682,0.021852324818239604,0.170082325314973,10.0,82,52.612041748992475
geom_0007,1350,22.559153179339326,25.129608945429162,0.8956955285840308,0.32432027367682004,0.8977120666035124,0.52432027367682,0.021852324818239604,0.170082325314973,10.0,83,52.56091813062944
geom_0007,1351,22.559153179339326,25.129608945429162,0.8956955285840308,0.32432027367682004,0.8977120666035124,0.52432027367682,0.021852324818239604,0.170082325314973,10.0,84,52.48978753262594
geom_0007,1352,22.559153179339326,25.129608945429162,0.8956955285840308,0.32432027367682004,0.8977120666035124,0.52432027367682,0.021852324818239604,0.170082325314973,10.0,85,52.54719527040017
geom_0007,1353,22.559153179339326,25.129608945429162,0.8956955285840308,0.32432027367682004,0.8977120666035124,0.52432027367682,0.021852324818239604,0.170082325314973,10.0,86,52.629697676838425
geom_0007,1354,22.559153179339326,25.129608945429162,0.8956955285840308,0.32432027367682004,0.8977120666035124,0.52432027367682,0.021852324818239604,0.170082325314973,10.0,87,52.415433200960784
geom_0007,1355,22.559153179339326,25.129608945429162,0.8956955285840308,0.32432027367682004,0.8977120666035124,0.52432027367682,0.021852324818239604,0.170082325314973,10.0,88,52.528341050508295
geom_0007,1356,22.559153179339326,25.129608945429162,0.8956955285840308,0.32432027367682004,0.8977120666035124,0.52432027367682,0.021852324818239604,0.170082325314973,10.0,89,52.44320557273538
geom_0007,1357,22.559153179339326,25.129608945429162,0.8956955285840308,0.32432027367682004,0.8977120666035124,0.52432027367682,0.021852324818239604,0.170082325314973,10.0,90,52.632113167337636
geom_0007,1358,22.559153179339326,25.129608945429162,0.8956955285840308,0.32432027367682004,0.8977120666035124,0.52432027367682,0.021852324818239604,0.170082325314973,10.0,91,52.36089896375092
geom_0007,1359,22.559153179339326,25.129608945429162,0.8956955285840308,0.32432027367682004,0.8977120666035124,0.52432027367682,0.021852324818239604,0.170082325314973,10.0,92,52.45915189836645
geom_0007,1360,22.559153179339326,25.129608945429162,0.8956955285840308,0.32432027367682004,0.8977120666035124,0.52432027367682,0.021852324818239604,0.170082325314973,10.0,93,52.55580591840834
geom_0007,1361,22.559153179339326,25.129608945429162,0.8956955285840308,0.32432027367682004,0.8977120666035124,0.52432027367682,0.021852324818239604,0.170082325314973,10.0,94,52.67888690477588
geom_0007,1362,22.559153179339326,25.129608945429162,0.8956955285840308,0.32432027367682004,0.8977120666035124,0.52432027367682,0.021852324818239604,0.170082325314973,10.0,95,52.52121124500304
geom_0007,1363,22.559153179339326,25.129608945429162,0.8956955285840308,0.32432027367682004,0.8977120666035124,0.52432027367682,0.021852324818239604,0.170082325314973,10.0,96,52.47891094141167
geom_0007,1364,22.559153179339326,25.129608945429162,0.8956955285840308,0.32432027367682004,0.8977120666035124,0.52432027367682,0.021852324818239604,0.170082325314973,10.0,97,52.73037292525787
geom_0007,1365,22.559153179339326,25.129608945429162,0.8956955285840308,0.32432027367682004,0.8977120666035124,0.52432027367682,0.021852324818239604,0.170082325314973,10.0,98,52.4064507079792
geom_0007,1366,22.559153179339326,25.129608945429162,0.8956955285840308,0.32432027367682004,0.8977120666035124,0.52432027367682,0.021852324818239604,0.170082325314973,10.0,99,52.341519815530695
geom_0007,1367,22.559153179339326,25.129608945429162,0.8956955285840308,0.32432027367682004,0.8977120666035124,0.52432027367682,0.021852324818239604,0.170082325314973,10.0,100,52.61668652429604
geom_0007,1368,22.559153179339326,25.129608945429162,0.8956955285840308,0.32432027367682004,0.8977120666035124,0.52432027367682,0.021852324818239604,0.170082325314973,10.0,101,52.53488166705504
geom_0007,1369,22.559153179339326,25.129608945429162,0.8956955285840308,0.32432027367682004,0.8977120666035124,0.52432027367682,0.021852324818239604,0.170082325314973,10.0,102,52.49646223773579
geom_0007,1370,22.559153179339326,25.129608945429162,0.8956955285840308,0.32432027367682004,0.8977120666035124,0.52432027367682,0.021852324818239604,0.170082325314973,10.0,103,52.68399320929681
geom_0007,1371,22.559153179339326,25.129608945429162,0.8956955285840308,0.32432027367682004,0.8977120666035124,0.52432027367682,0.021852324818239604,0.170082325314973,10.0,104,52.65315863908587
geom_0007,1372,22.559153179339326,25.129608945429162,0.8956955285840308,0.32432027367682004,0.8977120666035124,0.52432027367682,0.021852324818239604,0.170082325314973,10.0,105,52.58901418827296
geom_0007,1373,22.559153179339326,25.129608945429162,0.8956955285840308,0.32432027367682004,0.8977120666035124,0.52432027367682,0.021852324818239604,0.170082325314973,10.0,106,52.53502931222006
geom_0007,1374,22.559153179339326,25.129608945429162,0.8956955285840308,0.32432027367682004,0.8977120666035124,0.52432027367682,0.021852324818239604,0.170082325314973,10.0,107,52.76890739036668
geom_0007,1375,22.559153179339326,25.129608945429162,0.8956955285840308,0.32432027367682004,0.8977120666035124,0.52432027367682,0.021852324818239604,0.170082325314973,10.0,108,52.76621616326891
geom_0007,1376,22.559153179339326,25.129608945429162,0.8956955285840308,0.32432027367682004,0.8977120666035124,0.52432027367682,0.021852324818239604,0.170082325314973,10.0,109,52.711711938855764
geom_0007,1377,22.559153179339326,25.129608945429162,0.8956955285840308,0.32432027367682004,0.8977120666035124,0.52432027367682,0.021852324818239604,0.170082325314973,10.0,110,52.92759078094328
geom_0007,1378,22.559153179339326,25.129608945429162,0.8956955285840308,0.32432027367682004,0.8977120666035124,0.52432027367682,0.021852324818239604,0.170082325314973,10.0,111,52.658043642590854
geom_0007,1379,22.559153179339326,25.129608945429162,0.8956955285840308,0.32432027367682004,0.8977120666035124,0.52432027367682,0.021852324818239604,0.170082325314973,10.0,112,52.635413995978276
geom_0007,1380,22.559153179339326,25.129608945429162,0.8956955285840308,0.32432027367682004,0.8977120666035124,0.52432027367682,0.021852324818239604,0.170082325314973,10.0,113,52.74243984867341
geom_0007,1381,22.559153179339326,25.129608945429162,0.8956955285840308,0.32432027367682004,0.8977120666035124,0.52432027367682,0.021852324818239604,0.170082325314973,10.0,114,52.83144490855652
geom_0007,1382,22.559153179339326,25.129608945429162,0.8956955285840308,0.32432027367682004,0.8977120666035124,0.52432027367682,0.021852324818239604,0.170082325314973,10.0,115,52.885376608920915
geom_0007,1383,22.559153179339326,25.129608945429162,0.8956955285840308,0.32432027367682004,0.8977120666035124,0.52432027367682,0.021852324818239604,0.170082325314973,10.0,116,52.86258077826937
geom_0007,1384,22.559153179339326,25.129608945429162,0.8956955285840308,0.32432027367682004,0.8977120666035124,0.52432027367682,0.021852324818239604,0.170082325314973,10.0,117,52.94814921403461
geom_0007,1385,22.559153179339326,25.129608945429162,0.8956955285840308,0.32432027367682004,0.8977120666035124,0.52432027367682,0.021852324818239604,0.170082325314973,10.0,118,52.81456039253784
geom_0007,1386,22.559153179339326,25.129608945429162,0.8956955285840308,0.32432027367682004,0.8977120666035124,0.52432027367682,0.021852324818239604,0.170082325314973,10.0,119,53.111345482781466
geom_0007,1387,22.559153179339326,25.129608945429162,0.8956955285840308,0.32432027367682004,0.8977120666035124,0.52432027367682,0.021852324818239604,0.170082325314973,10.0,120,52.98644419417477
geom_0007,1388,22.559153179339326,25.129608945429162,0.8956955285840308,0.32432027367682004,0.8977120666035124,0.52432027367682,0.021852324818239604,0.170082325314973,10.0,121,53.13446534482936
geom_0007,1389,22.559153179339326,25.129608945429162,0.8956955285840308,0.32432027367682004,0.8977120666035124,0.52432027367682,0.021852324818239604,0.170082325314973,10.0,122,53.08542051121216
geom_0007,1390,22.559153179339326,25.129608945429162,0.8956955285840308,0.32432027367682004,0.8977120666035124,0.52432027367682,0.021852324818239604,0.170082325314973,10.0,123,53.125519997637674
geom_0007,1391,22.559153179339326,25.129608945429162,0.8956955285840308,0.32432027367682004,0.8977120666035124,0.52432027367682,0.021852324818239604,0.170082325314973,10.0,124,53.165750487454595
geom_0007,1392,22.559153179339326,25.129608945429162,0.8956955285840308,0.32432027367682004,0.8977120666035124,0.52432027367682,0.021852324818239604,0.170082325314973,10.0,125,53.182653234036366
geom_0007,1393,22.559153179339326,25.129608945429162,0.8956955285840308,0.32432027367682004,0.8977120666035124,0.52432027367682,0.021852324818239604,0.170082325314973,10.0,126,53.23138927761938
geom_0007,1394,22.559153179339326,25.129608945429162,0.8956955285840308,0.32432027367682004,0.8977120666035124,0.52432027367682,0.021852324818239604,0.170082325314973,10.0,127,53.329338743827485
geom_0007,1395,22.559153179339326,25.129608945429162,0.8956955285840308,0.32432027367682004,0.8977120666035124,0.52432027367682,0.021852324818239604,0.170082325314973,10.0,128,53.24539928522925
geom_0007,1396,22.559153179339326,25.129608945429162,0.8956955285840308,0.32432027367682004,0.8977120666035124,0.52432027367682,0.021852324818239604,0.170082325314973,10.0,129,53.32593326689131
geom_0007,1397,22.559153179339326,25.129608945429162,0.8956955285840308,0.32432027367682004,0.8977120666035124,0.52432027367682,0.021852324818239604,0.170082325314973,10.0,130,53.275251554753986
geom_0007,1398,22.559153179339326,25.129608945429162,0.8956955285840308,0.32432027367682004,0.8977120666035124,0.52432027367682,0.021852324818239604,0.170082325314973,10.0,131,53.45727973499555
geom_0007,1399,22.559153179339326,25.129608945429162,0.8956955285840308,0.32432027367682004,0.8977120666035124,0.52432027367682,0.021852324818239604,0.170082325314973,10.0,132,53.27446623029254
geom_0007,1400,22.559153179339326,25.129608945429162,0.8956955285840308,0.32432027367682004,0.8977120666035124,0.52432027367682,0.021852324818239604,0.170082325314973,10.0,133,53.55077524035839
geom_0007,1401,22.559153179339326,25.129608945429162,0.8956955285840308,0.32432027367682004,0.8977120666035124,0.52432027367682,0.021852324818239604,0.170082325314973,10.0,134,53.39492306500427
geom_0007,1402,22.559153179339326,25.129608945429162,0.8956955285840308,0.32432027367682004,0.8977120666035124,0.52432027367682,0.021852324818239604,0.170082325314973,10.0,135,53.28374455660644
geom_0007,1403,22.559153179339326,25.129608945429162,0.8956955285840308,0.32432027367682004,0.8977120666035124,0.52432027367682,0.021852324818239604,0.170082325314973,10.0,136,53.467084931907976
geom_0007,1404,22.559153179339326,25.129608945429162,0.8956955285840308,0.32432027367682004,0.8977120666035124,0.52432027367682,0.021852324818239604,0.170082325314973,10.0,137,53.41313476943885
geom_0007,1405,22.559153179339326,25.129608945429162,0.8956955285840308,0.32432027367682004,0.8977120666035124,0.52432027367682,0.021852324818239604,0.170082325314973,10.0,138,53.59172676696322
geom_0007,1406,22.559153179339326,25.129608945429162,0.8956955285840308,0.32432027367682004,0.8977120666035124,0.52432027367682,0.021852324818239604,0.170082325314973,10.0,139,53.46822381593603
geom_0007,1407,22.559153179339326,25.129608945429162,0.8956955285840308,0.32432027367682004,0.8977120666035124,0.52432027367682,0.021852324818239604,0.170082325314973,10.0,140,53.514037646997146
geom_0007,1408,22.559153179339326,25.129608945429162,0.8956955285840308,0.32432027367682004,0.8977120666035124,0.52432027367682,0.021852324818239604,0.170082325314973,10.0,141,53.394162749676916
geom_0007,1409,22.559153179339326,25.129608945429162,0.8956955285840308,0.32432027367682004,0.8977120666035124,0.52432027367682,0.021852324818239604,0.170082325314973,10.0,142,53.56158366657106
geom_0007,1410,22.559153179339326,25.129608945429162,0.8956955285840308,0.32432027367682004,0.8977120666035124,0.52432027367682,0.021852324818239604,0.170082325314973,10.0,143,53.387306651811855
geom_0007,1411,22.559153179339326,25.129608945429162,0.8956955285840308,0.32432027367682004,0.8977120666035124,0.52432027367682,0.021852324818239604,0.170082325314973,10.0,144,53.49331421824395
geom_0007,1412,22.559153179339326,25.129608945429162,0.8956955285840308,0.32432027367682004,0.8977120666035124,0.52432027367682,0.021852324818239604,0.170082325314973,10.0,145,53.74883305775018
geom_0007,1413,22.559153179339326,25.129608945429162,0.8956955285840308,0.32432027367682004,0.8977120666035124,0.52432027367682,0.021852324818239604,0.170082325314973,10.0,146,53.7714842173756
geom_0007,1414,22.559153179339326,25.129608945429162,0.8956955285840308,0.32432027367682004,0.8977120666035124,0.52432027367682,0.021852324818239604,0.170082325314973,10.0,147,53.754537295267404
geom_0007,1415,22.559153179339326,25.129608945429162,0.8956955285840308,0.32432027367682004,0.8977120666035124,0.52432027367682,0.021852324818239604,0.170082325314973,10.0,148,53.63330613878226
geom_0007,1416,22.559153179339326,25.129608945429162,0.8956955285840308,0.32432027367682004,0.8977120666035124,0.52432027367682,0.021852324818239604,0.170082325314973,10.0,149,53.7421208628299
geom_0007,1417,22.559153179339326,25.129608945429162,0.8956955285840308,0.32432027367682004,0.8977120666035124,0.52432027367682,0.021852324818239604,0.170082325314973,10.0,150,53.762248250536096
geom_0007,1418,22.559153179339326,25.129608945429162,0.8956955285840308,0.32432027367682004,0.8977120666035124,0.52432027367682,0.021852324818239604,0.170082325314973,10.0,151,53.66127017236838
geom_0007,1419,22.559153179339326,25.129608945429162,0.8956955285840308,0.32432027367682004,0.8977120666035124,0.52432027367682,0.021852324818239604,0.170082325314973,10.0,152,53.940680815399766
geom_0007,1420,22.559153179339326,25.129608945429162,0.8956955285840308,0.32432027367682004,0.8977120666035124,0.52432027367682,0.021852324818239604,0.170082325314973,10.0,153,53.890003611420525
geom_0007,1421,22.559153179339326,25.129608945429162,0.8956955285840308,0.32432027367682004,0.8977120666035124,0.52432027367682,0.021852324818239604,0.170082325314973,10.0,154,53.790746593628825
geom_0007,1422,22.559153179339326,25.129608945429162,0.8956955285840308,0.32432027367682004,0.8977120666035124,0.52432027367682,0.021852324818239604,0.170082325314973,10.0,155,53.82471502635582
geom_0007,1423,22.559153179339326,25.129608945429162,0.8956955285840308,0.32432027367682004,0.8977120666035124,0.52432027367682,0.021852324818239604,0.170082325314973,10.0,156,53.850615980929796
geom_0007,1424,22.559153179339326,25.129608945429162,0.8956955285840308,0.32432027367682004,0.8977120666035124,0.52432027367682,0.021852324818239604,0.170082325314973,10.0,157,53.63188483026977
geom_0007,1425,22.559153179339326,25.129608945429162,0.8956955285840308,0.32432027367682004,0.8977120666035124,0.52432027367682,0.021852324818239604,0.170082325314973,10.0,158,53.816113653532895
geom_0007,1426,22.559153179339326,25.129608945429162,0.8956955285840308,0.32432027367682004,0.8977120666035124,0.52432027367682,0.021852324818239604,0.170082325314973,10.0,159,53.77586321695207
geom_0007,1427,22.559153179339326,25.129608945429162,0.8956955285840308,0.32432027367682004,0.8977120666035124,0.52432027367682,0.021852324818239604,0.170082325314973,10.0,160,53.745553454785465
geom_0007,1428,22.559153179339326,25.129608945429162,0.8956955285840308,0.32432027367682004,0.8977120666035124,0.52432027367682,0.021852324818239604,0.170082325314973,10.0,161,53.81765091448095
geom_0007,1429,22.559153179339326,25.129608945429162,0.8956955285840308,0.32432027367682004,0.8977120666035124,0.52432027367682,0.021852324818239604,0.170082325314973,10.0,162,54.02393663744242
geom_0007,1430,22.559153179339326,25.129608945429162,0.8956955285840308,0.32432027367682004,0.8977120666035124,0.52432027367682,0.021852324818239604,0.170082325314973,10.0,163,53.90499255884989
geom_0007,1431,22.559153179339326,25.129608945429162,0.8956955285840308,0.32432027367682004,0.8977120666035124,0.52432027367682,0.021852324818239604,0.170082325314973,10.0,164,53.77883746133551
geom_0007,1432,22.559153179339326,25.129608945429162,0.8956955285840308,0.32432027367682004,0.8977120666035124,0.52432027367682,0.021852324818239604,0.170082325314973,10.0,165,53.886542978462465
geom_0007,1433,22.559153179339326,25.129608945429162,0.8956955285840308,0.32432027367682004,0.8977120666035124,0.52432027367682,0.021852324818239604,0.170082325314973,10.0,166,53.96080922859148
geom_0007,1434,22.559153179339326,25.129608945429162,0.8956955285840308,0.32432027367682004,0.8977120666035124,0.52432027367682,0.021852324818239604,0.170082325314973,10.0,167,53.903165050872914
geom_0007,1435,22.559153179339326,25.129608945429162,0.8956955285840308,0.32432027367682004,0.8977120666035124,0.52432027367682,0.021852324818239604,0.170082325314973,10.0,168,53.804713109536586
geom_0007,1436,22.559153179339326,25.129608945429162,0.8956955285840308,0.32432027367682004,0.8977120666035124,0.52432027367682,0.021852324818239604,0.170082325314973,10.0,169,53.72030859927787
geom_0007,1437,22.559153179339326,25.129608945429162,0.8956955285840308,0.32432027367682004,0.8977120666035124,0.52432027367682,0.021852324818239604,0.170082325314973,10.0,170,53.83926612231924
geom_0007,1438,22.559153179339326,25.129608945429162,0.8956955285840308,0.32432027367682004,0.8977120666035124,0.52432027367682,0.021852324818239604,0.170082325314973,10.0,171,53.791410747510525
geom_0007,1439,22.559153179339326,25.129608945429162,0.8956955285840308,0.32432027367682004,0.8977120666035124,0.52432027367682,0.021852324818239604,0.170082325314973,10.0,172,53.822366572275534
geom_0007,1440,22.559153179339326,25.129608945429162,0.8956955285840308,0.32432027367682004,0.8977120666035124,0.52432027367682,0.021852324818239604,0.170082325314973,10.0,173,53.775307960837644
geom_0007,1441,22.559153179339326,25.129608945429162,0.8956955285840308,0.32432027367682004,0.8977120666035124,0.52432027367682,0.021852324818239604,0.170082325314973,10.0,174,53.7938421036131
geom_0007,1442,22.559153179339326,25.129608945429162,0.8956955285840308,0.32432027367682004,0.8977120666035124,0.52432027367682,0.021852324818239604,0.170082325314973,10.0,175,53.61060809830273
geom_0007,1443,22.559153179339326,25.129608945429162,0.8956955285840308,0.32432027367682004,0.8977120666035124,0.52432027367682,0.021852324818239604,0.170082325314973,10.0,176,53.76926296160919
geom_0007,1444,22.559153179339326,25.129608945429162,0.8956955285840308,0.32432027367682004,0.8977120666035124,0.52432027367682,0.021852324818239604,0.170082325314973,10.0,177,53.62882322045269
geom_0007,1445,22.559153179339326,25.129608945429162,0.8956955285840308,0.32432027367682004,0.8977120666035124,0.52432027367682,0.021852324818239604,0.170082325314973,10.0,178,53.78627966050242
geom_0007,1446,22.559153179339326,25.129608945429162,0.8956955285840308,0.32432027367682004,0.8977120666035124,0.52432027367682,0.021852324818239604,0.170082325314973,10.0,179,53.47768077603941
geom_0007,1447,22.559153179339326,25.129608945429162,0.8956955285840308,0.32432027367682004,0.8977120666035124,0.52432027367682,0.021852324818239604,0.170082325314973,10.0,180,53.68620488476168
geom_0008,1448,22.559153179339326,25.129608945429162,0.8956955285840308,0.32432027367682004,0.8977120666035124,0.52432027367682,0.021852324818239604,0.170082325314973,10.0,0,53.50914001570648
geom_0008,1449,22.559153179339326,25.129608945429162,0.8956955285840308,0.32432027367682004,0.8977120666035124,0.52432027367682,0.021852324818239604,0.170082325314973,10.0,1,53.570021031102016
geom_0008,1450,22.559153179339326,25.129608945429162,0.8956955285840308,0.32432027367682004,0.8977120666035124,0.52432027367682,0.021852324818239604,0.170082325314973,10.0,2,53.7338036225213
geom_0008,1451,22.559153179339326,25.129608945429162,0.8956955285840308,0.32432027367682004,0.8977120666035124,0.52432027367682,0.021852324818239604,0.170082325314973,10.0,3,53.50922785590957
geom_0008,1452,22.559153179339326,25.129608945429162,0.8956955285840308,0.32432027367682004,0.8977120666035124,0.52432027367682,0.021852324818239604,0.170082325314973,10.0,4,53.73595579489342
geom_0008,1453,22.559153179339326,25.129608945429162,0.8956955285840308,0.32432027367682004,0.8977120666035124,0.52432027367682,0.021852324818239604,0.170082325314973,10.0,5,53.64273273503623
geom_0008,1454,22.559153179339326,25.129608945429162,0.8956955285840308,0.32432027367682004,0.8977120666035124,0.52432027367682,0.021852324818239604,0.170082325314973,10.0,6,53.683940461115924
geom_0008,1455,22.559153179339326,25.129608945429162,0.8956955285840308,0.32432027367682004,0.8977120666035124,0.52432027367682,0.021852324818239604,0.170082325314973,10.0,7,53.77927272988611
geom_0008,1456,22.559153179339326,25.129608945429162,0.8956955285840308,0.32432027367682004,0.8977120666035124,0.52432027367682,0.021852324818239604,0.170082325314973,10.0,8,53.620575048116535
geom_0008,1457,22.559153179339326,25.129608945429162,0.8956955285840308,0.32432027367682004,0.8977120666035124,0.52432027367682,0.021852324818239604,0.170082325314973,10.0,9,53.79030318358675
geom_0008,1458,22.559153179339326,25.129608945429162,0.8956955285840308,0.32432027367682004,0.8977120666035124,0.52432027367682,0.021852324818239604,0.170082325314973,10.0,10,53.78608901177918
geom_0008,1459,22.559153179339326,25.129608945429162,0.8956955285840308,0.32432027367682004,0.8977120666035124,0.52432027367682,0.021852324818239604,0.170082325314973,10.0,11,53.83424740344924
geom_0008,1460,22.559153179339326,25.129608945429162,0.8956955285840308,0.32432027367682004,0.8977120666035124,0.52432027367682,0.021852324818239604,0.170082325314973,10.0,12,53.82766693693535
geom_0008,1461,22.559153179339326,25.129608945429162,0.8956955285840308,0.32432027367682004,0.8977120666035124,0.52432027367682,0.021852324818239604,0.170082325314973,10.0,13,54.05623169657272
geom_0008,1462,22.559153179339326,25.129608945429162,0.8956955285840308,0.32432027367682004,0.8977120666035124,0.52432027367682,0.021852324818239604,0.170082325314973,10.0,14,53.75709968650774
geom_0008,1463,22.559153179339326,25.129608945429162,0.8956955285840308,0.32432027367682004,0.8977120666035124,0.52432027367682,0.021852324818239604,0.170082325314973,10.0,15,53.77618500482667
geom_0008,1464,22.559153179339326,25.129608945429162,0.8956955285840308,0.32432027367682004,0.8977120666035124,0.52432027367682,0.021852324818239604,0.170082325314973,10.0,16,53.77364130767131
geom_0008,1465,22.559153179339326,25.129608945429162,0.8956955285840308,0.32432027367682004,0.8977120666035124,0.52432027367682,0.021852324818239604,0.170082325314973,10.0,17,53.78536056080716
geom_0008,1466,22.559153179339326,25.129608945429162,0.8956955285840308,0.32432027367682004,0.8977120666035124,0.52432027367682,0.021852324818239604,0.170082325314973,10.0,18,53.780429272026815
geom_0008,1467,22.559153179339326,25.129608945429162,0.8956955285840308,0.32432027367682004,0.8977120666035124,0.52432027367682,0.021852324818239604,0.170082325314973,10.0,19,53.9646625968803
geom_0008,1468,22.559153179339326,25.129608945429162,0.8956955285840308,0.32432027367682004,0.8977120666035124,0.52432027367682,0.021852324818239604,0.170082325314973,10.0,20,53.987765880573946
geom_0008,1469,22.559153179339326,25.129608945429162,0.8956955285840308,0.32432027367682004,0.8977120666035124,0.52432027367682,0.021852324818239604,0.170082325314973,10.0,21,53.786987012376905
geom_0008,1470,22.559153179339326,25.129608945429162,0.8956955285840308,0.32432027367682004,0.8977120666035124,0.52432027367682,0.021852324818239604,0.170082325314973,10.0,22,53.75759583447453
geom_0008,1471,22.559153179339326,25.129608945429162,0.8956955285840308,0.32432027367682004,0.8977120666035124,0.52432027367682,0.021852324818239604,0.170082325314973,10.0,23,53.883199872750836
geom_0008,1472,22.559153179339326,25.129608945429162,0.8956955285840308,0.32432027367682004,0.8977120666035124,0.52432027367682,0.021852324818239604,0.170082325314973,10.0,24,53.77455539570694
geom_0008,1473,22.559153179339326,25.129608945429162,0.8956955285840308,0.32432027367682004,0.8977120666035124,0.52432027367682,0.021852324818239604,0.170082325314973,10.0,25,53.88531962423191
geom_0008,1474,22.559153179339326,25.129608945429162,0.8956955285840308,0.32432027367682004,0.8977120666035124,0.52432027367682,0.021852324818239604,0.170082325314973,10.0,26,53.833135313096925
geom_0008,1475,22.559153179339326,25.129608945429162,0.8956955285840308,0.32432027367682004,0.8977120666035124,0.52432027367682,0.021852324818239604,0.170082325314973,10.0,27,53.65069297086323
geom_0008,1476,22.559153179339326,25.129608945429162,0.8956955285840308,0.32432027367682004,0.8977120666035124,0.52432027367682,0.021852324818239604,0.170082325314973,10.0,28,53.94509150535606
geom_0008,1477,22.559153179339326,25.129608945429162,0.8956955285840308,0.32432027367682004,0.8977120666035124,0.52432027367682,0.021852324818239604,0.170082325314973,10.0,29,53.95669440859719
geom_0008,1478,22.559153179339326,25.129608945429162,0.8956955285840308,0.32432027367682004,0.8977120666035124,0.52432027367682,0.021852324818239604,0.170082325314973,10.0,30,53.70132963539672
geom_0008,1479,22.559153179339326,25.129608945429162,0.8956955285840308,0.32432027367682004,0.8977120666035124,0.52432027367682,0.021852324818239604,0.170082325314973,10.0,31,53.7081218424505
geom_0008,1480,22.559153179339326,25.129608945429162,0.8956955285840308,0.32432027367682004,0.8977120666035124,0.52432027367682,0.021852324818239604,0.170082325314973,10.0,32,53.758590292167675
geom_0008,1481,22.559153179339326,25.129608945429162,0.8956955285840308,0.32432027367682004,0.8977120666035124,0.52432027367682,0.021852324818239604,0.170082325314973,10.0,33,53.74543721808761
geom_0008,1482,22.559153179339326,25.129608945429162,0.8956955285840308,0.32432027367682004,0.8977120666035124,0.52432027367682,0.021852324818239604,0.170082325314973,10.0,34,53.7587586287778
geom_0008,1483,22.559153179339326,25.129608945429162,0.8956955285840308,0.32432027367682004,0.8977120666035124,0.52432027367682,0.021852324818239604,0.170082325314973,10.0,35,53.87381204601239
geom_0008,1484,22.559153179339326,25.129608945429162,0.8956955285840308,0.32432027367682004,0.8977120666035124,0.52432027367682,0.021852324818239604,0.170082325314973,10.0,36,53.63400977784312
geom_0008,1485,22.559153179339326,25.129608945429162,0.8956955285840308,0.32432027367682004,0.8977120666035124,0.52432027367682,0.021852324818239604,0.170082325314973,10.0,37,53.549864860020904
geom_0008,1486,22.559153179339326,25.129608945429162,0.8956955285840308,0.32432027367682004,0.8977120666035124,0.52432027367682,0.021852324818239604,0.170082325314973,10.0,38,53.46888237569452
geom_0008,1487,22.559153179339326,25.129608945429162,0.8956955285840308,0.32432027367682004,0.8977120666035124,0.52432027367682,0.021852324818239604,0.170082325314973,10.0,39,53.51002381877727
geom_0008,1488,22.559153179339326,25.129608945429162,0.8956955285840308,0.32432027367682004,0.8977120666035124,0.52432027367682,0.021852324818239604,0.170082325314973,10.0,40,53.55534329303125
geom_0008,1489,22.559153179339326,25.129608945429162,0.8956955285840308,0.32432027367682004,0.8977120666035124,0.52432027367682,0.021852324818239604,0.170082325314973,10.0,41,53.71294200021805
geom_0008,1490,22.559153179339326,25.129608945429162,0.8956955285840308,0.32432027367682004,0.8977120666035124,0.52432027367682,0.021852324818239604,0.170082325314973,10.0,42,53.45590128216073
geom_0008,1491,22.559153179339326,25.129608945429162,0.8956955285840308,0.32432027367682004,0.8977120666035124,0.52432027367682,0.021852324818239604,0.170082325314973,10.0,43,53.503618730350226
geom_0008,1492,22.559153179339326,25.129608945429162,0.8956955285840308,0.32432027367682004,0.8977120666035124,0.52432027367682,0.021852324818239604,0.170082325314973,10.0,44,53.452632200809624
geom_0008,1493,22.559153179339326,25.129608945429162,0.8956955285840308,0.32432027367682004,0.8977120666035124,0.52432027367682,0.021852324818239604,0.170082325314973,10.0,45,53.545661394163055
geom_0008,1494,22.559153179339326,25.129608945429162,0.8956955285840308,0.32432027367682004,0.8977120666035124,0.52432027367682,0.021852324818239604,0.170082325314973,10.0,46,53.651632102656066
geom_0008,1495,22.559153179339326,25.129608945429162,0.8956955285840308,0.32432027367682004,0.8977120666035124,0.52432027367682,0.021852324818239604,0.170082325314973,10.0,47,53.317594319775274
geom_0008,1496,22.559153179339326,25.129608945429162,0.8956955285840308,0.32432027367682004,0.8977120666035124,0.52432027367682,0.021852324818239604,0.170082325314973,10.0,48,53.293161516246634
geom_0008,1497,22.559153179339326,25.129608945429162,0.8956955285840308,0.32432027367682004,0.8977120666035124,0.52432027367682,0.021852324818239604,0.170082325314973,10.0,49,53.41768410115751
geom_0008,1498,22.559153179339326,25.129608945429162,0.8956955285840308,0.32432027367682004,0.8977120666035124,0.52432027367682,0.021852324818239604,0.170082325314973,10.0,50,53.35241427314534
geom_0008,1499,22.559153179339326,25.129608945429162,0.8956955285840308,0.32432027367682004,0.8977120666035124,0.52432027367682,0.021852324818239604,0.170082325314973,10.0,51,53.43970362370606
geom_0008,1500,22.559153179339326,25.129608945429162,0.8956955285840308,0.32432027367682004,0.8977120666035124,0.52432027367682,0.021852324818239604,0.170082325314973,10.0,52,53.28413998679169
geom_0008,1501,22.559153179339326,25.129608945429162,0.8956955285840308,0.32432027367682004,0.8977120666035124,0.52432027367682,0.021852324818239604,0.170082325314973,10.0,53,53.16049428173553
geom_0008,1502,22.559153179339326,25.129608945429162,0.8956955285840308,0.32432027367682004,0.8977120666035124,0.52432027367682,0.021852324818239604,0.170082325314973,10.0,54,53.22618248470186
geom_0008,1503,22.559153179339326,25.129608945429162,0.8956955285840308,0.32432027367682004,0.8977120666035124,0.52432027367682,0.021852324818239604,0.170082325314973,10.0,55,53.248752736092925
geom_0008,1504,22.559153179339326,25.129608945429162,0.8956955285840308,0.32432027367682004,0.8977120666035124,0.52432027367682,0.021852324818239604,0.170082325314973,10.0,56,53.19082197755111
geom_0008,1505,22.559153179339326,25.129608945429162,0.8956955285840308,0.32432027367682004,0.8977120666035124,0.52432027367682,0.021852324818239604,0.170082325314973,10.0,57,53.130572078833026
geom_0008,1506,22.559153179339326,25.129608945429162,0.8956955285840308,0.32432027367682004,0.8977120666035124,0.52432027367682,0.021852324818239604,0.170082325314973,10.0,58,53.15781544553331
geom_0008,1507,22.559153179339326,25.129608945429162,0.8956955285840308,0.32432027367682004,0.8977120666035124,0.52432027367682,0.021852324818239604,0.170082325314973,10.0,59,53.13966532071511
geom_0008,1508,22.559153179339326,25.129608945429162,0.8956955285840308,0.32432027367682004,0.8977120666035124,0.52432027367682,0.021852324818239604,0.170082325314973,10.0,60,53.132875211117785
geom_0008,1509,22.559153179339326,25.129608945429162,0.8956955285840308,0.32432027367682004,0.8977120666035124,0.52432027367682,0.021852324818239604,0.170082325314973,10.0,61,53.0318400111331
geom_0008,1510,22.559153179339326,25.129608945429162,0.8956955285840308,0.32432027367682004,0.8977120666035124,0.52432027367682,0.021852324818239604,0.170082325314973,10.0,62,52.9230025269252
geom_0008,1511,22.559153179339326,25.129608945429162,0.8956955285840308,0.32432027367682004,0.8977120666035124,0.52432027367682,0.021852324818239604,0.170082325314973,10.0,63,52.92761504302651
geom_0008,1512,22.559153179339326,25.129608945429162,0.8956955285840308,0.32432027367682004,0.8977120666035124,0.52432027367682,0.021852324818239604,0.170082325314973,10.0,64,53.00735528070584
geom_0008,1513,22.559153179339326,25.129608945429162,0.8956955285840308,0.32432027367682004,0.8977120666035124,0.52432027367682,0.021852324818239604,0.170082325314973,10.0,65,52.77934909688992
geom_0008,1514,22.559153179339326,25.129608945429162,0.8956955285840308,0.32432027367682004,0.8977120666035124,0.52432027367682,0.021852324818239604,0.170082325314973,10.0,66,52.87287084107936
geom_0008,1515,22.559153179339326,25.129608945429162,0.8956955285840308,0.32432027367682004,0.8977120666035124,0.52432027367682,0.021852324818239604,0.170082325314973,10.0,67,52.7722967744288
geom_0008,1516,22.559153179339326,25.129608945429162,0.8956955285840308,0.32432027367682004,0.8977120666035124,0.52432027367682,0.021852324818239604,0.170082325314973,10.0,68,52.79084099536423
geom_0008,1517,22.559153179339326,25.129608945429162,0.8956955285840308,0.32432027367682004,0.8977120666035124,0.52432027367682,0.021852324818239604,0.170082325314973,10.0,69,52.8928973054842
geom_0008,1518,22.559153179339326,25.129608945429162,0.8956955285840308,0.32432027367682004,0.8977120666035124,0.52432027367682,0.021852324818239604,0.170082325314973,10.0,70,52.7620369881405
geom_0008,1519,22.559153179339326,25.129608945429162,0.8956955285840308,0.32432027367682004,0.8977120666035124,0.52432027367682,0.021852324818239604,0.170082325314973,10.0,71,52.72627318004932
geom_0008,1520,22.559153179339326,25.129608945429162,0.8956955285840308,0.32432027367682004,0.8977120666035124,0.52432027367682,0.021852324818239604,0.170082325314973,10.0,72,52.56521043137505
geom_0008,1521,22.559153179339326,25.129608945429162,0.8956955285840308,0.32432027367682004,0.8977120666035124,0.52432027367682,0.021852324818239604,0.170082325314973,10.0,73,52.756287014141385
geom_0008,1522,22.559153179339326,25.129608945429162,0.8956955285840308,0.32432027367682004,0.8977120666035124,0.52432027367682,0.021852324818239604,0.170082325314973,10.0,74,52.72760817020126
geom_0008,1523,22.559153179339326,25.129608945429162,0.8956955285840308,0.32432027367682004,0.8977120666035124,0.52432027367682,0.021852324818239604,0.170082325314973,10.0,75,52.86174752367718
geom_0008,1524,22.559153179339326,25.129608945429162,0.8956955285840308,0.32432027367682004,0.8977120666035124,0.52432027367682,0.021852324818239604,0.170082325314973,10.0,76,52.59800074421346
geom_0008,1525,22.559153179339326,25.129608945429162,0.8956955285840308,0.32432027367682004,0.8977120666035124,0.52432027367682,0.021852324818239604,0.170082325314973,10.0,77,52.63507259733327
geom_0008,1526,22.559153179339326,25.129608945429162,0.8956955285840308,0.32432027367682004,0.8977120666035124,0.52432027367682,0.021852324818239604,0.170082325314973,10.0,78,52.623523887819935
geom_0008,1527,22.559153179339326,25.129608945429162,0.8956955285840308,0.32432027367682004,0.8977120666035124,0.52432027367682,0.021852324818239604,0.170082325314973,10.0,79,52.74283241746665
geom_0008,1528,22.559153179339326,25.129608945429162,0.8956955285840308,0.32432027367682004,0.8977120666035124,0.52432027367682,0.021852324818239604,0.170082325314973,10.0,80,52.563155526052014
geom_0008,1529,22.559153179339326,25.129608945429162,0.8956955285840308,0.32432027367682004,0.8977120666035124,0.52432027367682,0.021852324818239604,0.170082325314973,10.0,81,52.589302563769735
geom_0008,1530,22.559153179339326,25.129608945429162,0.8956955285840308,0.32432027367682004,0.8977120666035124,0.52432027367682,0.021852324818239604,0.170082325314973,10.0,82,52.612041748992475
geom_0008,1531,22.559153179339326,25.129608945429162,0.8956955285840308,0.32432027367682004,0.8977120666035124,0.52432027367682,0.021852324818239604,0.170082325314973,10.0,83,52.56091813062944
geom_0008,1532,22.559153179339326,25.129608945429162,0.8956955285840308,0.32432027367682004,0.8977120666035124,0.52432027367682,0.021852324818239604,0.170082325314973,10.0,84,52.48978753262594
geom_0008,1533,22.559153179339326,25.129608945429162,0.8956955285840308,0.32432027367682004,0.8977120666035124,0.52432027367682,0.021852324818239604,0.170082325314973,10.0,85,52.54719527040017
geom_0008,1534,22.559153179339326,25.129608945429162,0.8956955285840308,0.32432027367682004,0.8977120666035124,0.52432027367682,0.021852324818239604,0.170082325314973,10.0,86,52.629697676838425
geom_0008,1535,22.559153179339326,25.129608945429162,0.8956955285840308,0.32432027367682004,0.8977120666035124,0.52432027367682,0.021852324818239604,0.170082325314973,10.0,87,52.415433200960784
geom_0008,1536,22.559153179339326,25.129608945429162,0.8956955285840308,0.32432027367682004,0.8977120666035124,0.52432027367682,0.021852324818239604,0.170082325314973,10.0,88,52.528341050508295
geom_0008,1537,22.559153179339326,25.129608945429162,0.8956955285840308,0.32432027367682004,0.8977120666035124,0.52432027367682,0.021852324818239604,0.170082325314973,10.0,89,52.44320557273538
geom_0008,1538,22.559153179339326,25.129608945429162,0.8956955285840308,0.32432027367682004,0.8977120666035124,0.52432027367682,0.021852324818239604,0.170082325314973,10.0,90,52.632113167337636
geom_0008,1539,22.559153179339326,25.129608945429162,0.8956955285840308,0.32432027367682004,0.8977120666035124,0.52432027367682,0.021852324818239604,0.170082325314973,10.0,91,52.36089896375092
geom_0008,1540,22.559153179339326,25.129608945429162,0.8956955285840308,0.32432027367682004,0.8977120666035124,0.52432027367682,0.021852324818239604,0.170082325314973,10.0,92,52.45915189836645
geom_0008,1541,22.559153179339326,25.129608945429162,0.8956955285840308,0.32432027367682004,0.8977120666035124,0.52432027367682,0.021852324818239604,0.170082325314973,10.0,93,52.55580591840834
geom_0008,1542,22.559153179339326,25.129608945429162,0.8956955285840308,0.32432027367682004,0.8977120666035124,0.52432027367682,0.021852324818239604,0.170082325314973,10.0,94,52.67888690477588
geom_0008,1543,22.559153179339326,25.129608945429162,0.8956955285840308,0.32432027367682004,0.8977120666035124,0.52432027367682,0.021852324818239604,0.170082325314973,10.0,95,52.52121124500304
geom_0008,1544,22.559153179339326,25.129608945429162,0.8956955285840308,0.32432027367682004,0.8977120666035124,0.52432027367682,0.021852324818239604,0.170082325314973,10.0,96,52.47891094141167
geom_0008,1545,22.559153179339326,25.129608945429162,0.8956955285840308,0.32432027367682004,0.8977120666035124,0.52432027367682,0.021852324818239604,0.170082325314973,10.0,97,52.73037292525787
geom_0008,1546,22.559153179339326,25.129608945429162,0.8956955285840308,0.32432027367682004,0.8977120666035124,0.52432027367682,0.021852324818239604,0.170082325314973,10.0,98,52.4064507079792
geom_0008,1547,22.559153179339326,25.129608945429162,0.8956955285840308,0.32432027367682004,0.8977120666035124,0.52432027367682,0.021852324818239604,0.170082325314973,10.0,99,52.341519815530695
geom_0008,1548,22.559153179339326,25.129608945429162,0.8956955285840308,0.32432027367682004,0.8977120666035124,0.52432027367682,0.021852324818239604,0.170082325314973,10.0,100,52.61668652429604
geom_0008,1549,22.559153179339326,25.129608945429162,0.8956955285840308,0.32432027367682004,0.8977120666035124,0.52432027367682,0.021852324818239604,0.170082325314973,10.0,101,52.53488166705504
geom_0008,1550,22.559153179339326,25.129608945429162,0.8956955285840308,0.32432027367682004,0.8977120666035124,0.52432027367682,0.021852324818239604,0.170082325314973,10.0,102,52.49646223773579
geom_0008,1551,22.559153179339326,25.129608945429162,0.8956955285840308,0.32432027367682004,0.8977120666035124,0.52432027367682,0.021852324818239604,0.170082325314973,10.0,103,52.68399320929681
geom_0008,1552,22.559153179339326,25.129608945429162,0.8956955285840308,0.32432027367682004,0.8977120666035124,0.52432027367682,0.021852324818239604,0.170082325314973,10.0,104,52.65315863908587
geom_0008,1553,22.559153179339326,25.129608945429162,0.8956955285840308,0.32432027367682004,0.8977120666035124,0.52432027367682,0.021852324818239604,0.170082325314973,10.0,105,52.58901418827296
geom_0008,1554,22.559153179339326,25.129608945429162,0.8956955285840308,0.32432027367682004,0.8977120666035124,0.52432027367682,0.021852324818239604,0.170082325314973,10.0,106,52.53502931222006
geom_0008,1555,22.559153179339326,25.129608945429162,0.8956955285840308,0.32432027367682004,0.8977120666035124,0.52432027367682,0.021852324818239604,0.170082325314973,10.0,107,52.76890739036668
geom_0008,1556,22.559153179339326,25.129608945429162,0.8956955285840308,0.32432027367682004,0.8977120666035124,0.52432027367682,0.021852324818239604,0.170082325314973,10.0,108,52.76621616326891
geom_0008,1557,22.559153179339326,25.129608945429162,0.8956955285840308,0.32432027367682004,0.8977120666035124,0.52432027367682,0.021852324818239604,0.170082325314973,10.0,109,52.711711938855764
geom_0008,1558,22.559153179339326,25.129608945429162,0.8956955285840308,0.32432027367682004,0.8977120666035124,0.52432027367682,0.021852324818239604,0.170082325314973,10.0,110,52.92759078094328
geom_0008,1559,22.559153179339326,25.129608945429162,0.8956955285840308,0.32432027367682004,0.8977120666035124,0.52432027367682,0.021852324818239604,0.170082325314973,10.0,111,52.658043642590854
geom_0008,1560,22.559153179339326,25.129608945429162,0.8956955285840308,0.32432027367682004,0.8977120666035124,0.52432027367682,0.021852324818239604,0.170082325314973,10.0,112,52.635413995978276
geom_0008,1561,22.559153179339326,25.129608945429162,0.8956955285840308,0.32432027367682004,0.8977120666035124,0.52432027367682,0.021852324818239604,0.170082325314973,10.0,113,52.74243984867341
geom_0008,1562,22.559153179339326,25.129608945429162,0.8956955285840308,0.32432027367682004,0.8977120666035124,0.52432027367682,0.021852324818239604,0.170082325314973,10.0,114,52.83144490855652
geom_0008,1563,22.559153179339326,25.129608945429162,0.8956955285840308,0.32432027367682004,0.8977120666035124,0.52432027367682,0.021852324818239604,0.170082325314973,10.0,115,52.885376608920915
geom_0008,1564,22.559153179339326,25.129608945429162,0.8956955285840308,0.32432027367682004,0.8977120666035124,0.52432027367682,0.021852324818239604,0.170082325314973,10.0,116,52.86258077826937
geom_0008,1565,22.559153179339326,25.129608945429162,0.8956955285840308,0.32432027367682004,0.8977120666035124,0.52432027367682,0.021852324818239604,0.170082325314973,10.0,117,52.94814921403461
geom_0008,1566,22.559153179339326,25.129608945429162,0.8956955285840308,0.32432027367682004,0.8977120666035124,0.52432027367682,0.021852324818239604,0.170082325314973,10.0,118,52.81456039253784
geom_0008,1567,22.559153179339326,25.129608945429162,0.8956955285840308,0.32432027367682004,0.8977120666035124,0.52432027367682,0.021852324818239604,0.170082325314973,10.0,119,53.111345482781466
geom_0008,1568,22.559153179339326,25.129608945429162,0.8956955285840308,0.32432027367682004,0.8977120666035124,0.52432027367682,0.021852324818239604,0.170082325314973,10.0,120,52.98644419417477
geom_0008,1569,22.559153179339326,25.129608945429162,0.8956955285840308,0.32432027367682004,0.8977120666035124,0.52432027367682,0.021852324818239604,0.170082325314973,10.0,121,53.13446534482936
geom_0008,1570,22.559153179339326,25.129608945429162,0.8956955285840308,0.32432027367682004,0.8977120666035124,0.52432027367682,0.021852324818239604,0.170082325314973,10.0,122,53.08542051121216
geom_0008,1571,22.559153179339326,25.129608945429162,0.8956955285840308,0.32432027367682004,0.8977120666035124,0.52432027367682,0.021852324818239604,0.170082325314973,10.0,123,53.125519997637674
geom_0008,1572,22.559153179339326,25.129608945429162,0.8956955285840308,0.32432027367682004,0.8977120666035124,0.52432027367682,0.021852324818239604,0.170082325314973,10.0,124,53.165750487454595
geom_0008,1573,22.559153179339326,25.129608945429162,0.8956955285840308,0.32432027367682004,0.8977120666035124,0.52432027367682,0.021852324818239604,0.170082325314973,10.0,125,53.182653234036366
geom_0008,1574,22.559153179339326,25.129608945429162,0.8956955285840308,0.32432027367682004,0.8977120666035124,0.52432027367682,0.021852324818239604,0.170082325314973,10.0,126,53.23138927761938
geom_0008,1575,22.559153179339326,25.129608945429162,0.8956955285840308,0.32432027367682004,0.8977120666035124,0.52432027367682,0.021852324818239604,0.170082325314973,10.0,127,53.329338743827485
geom_0008,1576,22.559153179339326,25.129608945429162,0.8956955285840308,0.32432027367682004,0.8977120666035124,0.52432027367682,0.021852324818239604,0.170082325314973,10.0,128,53.24539928522925
geom_0008,1577,22.559153179339326,25.129608945429162,0.8956955285840308,0.32432027367682004,0.8977120666035124,0.52432027367682,0.021852324818239604,0.170082325314973,10.0,129,53.32593326689131
geom_0008,1578,22.559153179339326,25.129608945429162,0.8956955285840308,0.32432027367682004,0.8977120666035124,0.52432027367682,0.021852324818239604,0.170082325314973,10.0,130,53.275251554753986
geom_0008,1579,22.559153179339326,25.129608945429162,0.8956955285840308,0.32432027367682004,0.8977120666035124,0.52432027367682,0.021852324818239604,0.170082325314973,10.0,131,53.45727973499555
geom_0008,1580,22.559153179339326,25.129608945429162,0.8956955285840308,0.32432027367682004,0.8977120666035124,0.52432027367682,0.021852324818239604,0.170082325314973,10.0,132,53.27446623029254
geom_0008,1581,22.559153179339326,25.129608945429162,0.8956955285840308,0.32432027367682004,0.8977120666035124,0.52432027367682,0.021852324818239604,0.170082325314973,10.0,133,53.55077524035839
geom_0008,1582,22.559153179339326,25.129608945429162,0.8956955285840308,0.32432027367682004,0.8977120666035124,0.52432027367682,0.021852324818239604,0.170082325314973,10.0,134,53.39492306500427
geom_0008,1583,22.559153179339326,25.129608945429162,0.8956955285840308,0.32432027367682004,0.8977120666035124,0.52432027367682,0.021852324818239604,0.170082325314973,10.0,135,53.28374455660644
geom_0008,1584,22.559153179339326,25.129608945429162,0.8956955285840308,0.32432027367682004,0.8977120666035124,0.52432027367682,0.021852324818239604,0.170082325314973,10.0,136,53.467084931907976
geom_0008,1585,22.559153179339326,25.129608945429162,0.8956955285840308,0.32432027367682004,0.8977120666035124,0.52432027367682,0.021852324818239604,0.170082325314973,10.0,137,53.41313476943885
geom_0008,1586,22.559153179339326,25.129608945429162,0.8956955285840308,0.32432027367682004,0.8977120666035124,0.52432027367682,0.021852324818239604,0.170082325314973,10.0,138,53.59172676696322
geom_0008,1587,22.559153179339326,25.129608945429162,0.8956955285840308,0.32432027367682004,0.8977120666035124,0.52432027367682,0.021852324818239604,0.170082325314973,10.0,139,53.46822381593603
geom_0008,1588,22.559153179339326,25.129608945429162,0.8956955285840308,0.32432027367682004,0.8977120666035124,0.52432027367682,0.021852324818239604,0.170082325314973,10.0,140,53.514037646997146
geom_0008,1589,22.559153179339326,25.129608945429162,0.8956955285840308,0.32432027367682004,0.8977120666035124,0.52432027367682,0.021852324818239604,0.170082325314973,10.0,141,53.394162749676916
geom_0008,1590,22.559153179339326,25.129608945429162,0.8956955285840308,0.32432027367682004,0.8977120666035124,0.52432027367682,0.021852324818239604,0.170082325314973,10.0,142,53.56158366657106
geom_0008,1591,22.559153179339326,25.129608945429162,0.8956955285840308,0.32432027367682004,0.8977120666035124,0.52432027367682,0.021852324818239604,0.170082325314973,10.0,143,53.387306651811855
geom_0008,1592,22.559153179339326,25.129608945429162,0.8956955285840308,0.32432027367682004,0.8977120666035124,0.52432027367682,0.021852324818239604,0.170082325314973,10.0,144,53.49331421824395
geom_0008,1593,22.559153179339326,25.129608945429162,0.8956955285840308,0.32432027367682004,0.8977120666035124,0.52432027367682,0.021852324818239604,0.170082325314973,10.0,145,53.74883305775018
geom_0008,1594,22.559153179339326,25.129608945429162,0.8956955285840308,0.32432027367682004,0.8977120666035124,0.52432027367682,0.021852324818239604,0.170082325314973,10.0,146,53.7714842173756
geom_0008,1595,22.559153179339326,25.129608945429162,0.8956955285840308,0.32432027367682004,0.8977120666035124,0.52432027367682,0.021852324818239604,0.170082325314973,10.0,147,53.754537295267404
geom_0008,1596,22.559153179339326,25.129608945429162,0.8956955285840308,0.32432027367682004,0.8977120666035124,0.52432027367682,0.021852324818239604,0.170082325314973,10.0,148,53.63330613878226
geom_0008,1597,22.559153179339326,25.129608945429162,0.8956955285840308,0.32432027367682004,0.8977120666035124,0.52432027367682,0.021852324818239604,0.170082325314973,10.0,149,53.7421208628299
geom_0008,1598,22.559153179339326,25.129608945429162,0.8956955285840308,0.32432027367682004,0.8977120666035124,0.52432027367682,0.021852324818239604,0.170082325314973,10.0,150,53.762248250536096
geom_0008,1599,22.559153179339326,25.129608945429162,0.8956955285840308,0.32432027367682004,0.8977120666035124,0.52432027367682,0.021852324818239604,0.170082325314973,10.0,151,53.66127017236838
geom_0008,1600,22.559153179339326,25.129608945429162,0.8956955285840308,0.32432027367682004,0.8977120666035124,0.52432027367682,0.021852324818239604,0.170082325314973,10.0,152,53.940680815399766
geom_0008,1601,22.559153179339326,25.129608945429162,0.8956955285840308,0.32432027367682004,0.8977120666035124,0.52432027367682,0.021852324818239604,0.170082325314973,10.0,153,53.890003611420525
geom_0008,1602,22.559153179339326,25.129608945429162,0.8956955285840308,0.32432027367682004,0.8977120666035124,0.52432027367682,0.021852324818239604,0.170082325314973,10.0,154,53.790746593628825
geom_0008,1603,22.559153179339326,25.129608945429162,0.8956955285840308,0.32432027367682004,0.8977120666035124,0.52432027367682,0.021852324818239604,0.170082325314973,10.0,155,53.82471502635582
geom_0008,1604,22.559153179339326,25.129608945429162,0.8956955285840308,0.32432027367682004,0.8977120666035124,0.52432027367682,0.021852324818239604,0.170082325314973,10.0,156,53.850615980929796
geom_0008,1605,22.559153179339326,25.129608945429162,0.8956955285840308,0.32432027367682004,0.8977120666035124,0.52432027367682,0.021852324818239604,0.170082325314973,10.0,157,53.63188483026977
geom_0008,1606,22.559153179339326,25.129608945429162,0.8956955285840308,0.32432027367682004,0.8977120666035124,0.52432027367682,0.021852324818239604,0.170082325314973,10.0,158,53.816113653532895
geom_0008,1607,22.559153179339326,25.129608945429162,0.8956955285840308,0.32432027367682004,0.8977120666035124,0.52432027367682,0.021852324818239604,0.170082325314973,10.0,159,53.77586321695207
geom_0008,1608,22.559153179339326,25.129608945429162,0.8956955285840308,0.32432027367682004,0.8977120666035124,0.52432027367682,0.021852324818239604,0.170082325314973,10.0,160,53.745553454785465
geom_0008,1609,22.559153179339326,25.129608945429162,0.8956955285840308,0.32432027367682004,0.8977120666035124,0.52432027367682,0.021852324818239604,0.170082325314973,10.0,161,53.81765091448095
geom_0008,1610,22.559153179339326,25.129608945429162,0.8956955285840308,0.32432027367682004,0.8977120666035124,0.52432027367682,0.021852324818239604,0.170082325314973,10.0,162,54.02393663744242
geom_0008,1611,22.559153179339326,25.129608945429162,0.8956955285840308,0.32432027367682004,0.8977120666035124,0.52432027367682,0.021852324818239604,0.170082325314973,10.0,163,53.90499255884989
geom_0008,1612,22.559153179339326,25.129608945429162,0.8956955285840308,0.32432027367682004,0.8977120666035124,0.52432027367682,0.021852324818239604,0.170082325314973,10.0,164,53.77883746133551
geom_0008,1613,22.559153179339326,25.129608945429162,0.8956955285840308,0.32432027367682004,0.8977120666035124,0.52432027367682,0.021852324818239604,0.170082325314973,10.0,165,53.886542978462465
geom_0008,1614,22.559153179339326,25.129608945429162,0.8956955285840308,0.32432027367682004,0.8977120666035124,0.52432027367682,0.021852324818239604,0.170082325314973,10.0,166,53.96080922859148
geom_0008,1615,22.559153179339326,25.129608945429162,0.8956955285840308,0.32432027367682004,0.8977120666035124,0.52432027367682,0.021852324818239604,0.170082325314973,10.0,167,53.903165050872914
geom_0008,1616,22.559153179339326,25.129608945429162,0.8956955285840308,0.32432027367682004,0.8977120666035124,0.52432027367682,0.021852324818239604,0.170082325314973,10.0,168,53.804713109536586
geom_0008,1617,22.559153179339326,25.129608945429162,0.8956955285840308,0.32432027367682004,0.8977120666035124,0.52432027367682,0.021852324818239604,0.170082325314973,10.0,169,53.72030859927787
geom_0008,1618,22.559153179339326,25.129608945429162,0.8956955285840308,0.32432027367682004,0.8977120666035124,0.52432027367682,0.021852324818239604,0.170082325314973,10.0,170,53.83926612231924
geom_0008,1619,22.559153179339326,25.129608945429162,0.8956955285840308,0.32432027367682004,0.8977120666035124,0.52432027367682,0.021852324818239604,0.170082325314973,10.0,171,53.791410747510525
geom_0008,1620,22.559153179339326,25.129608945429162,0.8956955285840308,0.32432027367682004,0.8977120666035124,0.52432027367682,0.021852324818239604,0.170082325314973,10.0,172,53.822366572275534
geom_0008,1621,22.559153179339326,25.129608945429162,0.8956955285840308,0.32432027367682004,0.8977120666035124,0.52432027367682,0.021852324818239604,0.170082325314973,10.0,173,53.775307960837644
geom_0008,1622,22.559153179339326,25.129608945429162,0.8956955285840308,0.32432027367682004,0.8977120666035124,0.52432027367682,0.021852324818239604,0.170082325314973,10.0,174,53.7938421036131
geom_0008,1623,22.559153179339326,25.129608945429162,0.8956955285840308,0.32432027367682004,0.8977120666035124,0.52432027367682,0.021852324818239604,0.170082325314973,10.0,175,53.61060809830273
geom_0008,1624,22.559153179339326,25.129608945429162,0.8956955285840308,0.32432027367682004,0.8977120666035124,0.52432027367682,0.021852324818239604,0.170082325314973,10.0,176,53.76926296160919
geom_0008,1625,22.559153179339326,25.129608945429162,0.8956955285840308,0.32432027367682004,0.8977120666035124,0.52432027367682,0.021852324818239604,0.170082325314973,10.0,177,53.62882322045269
geom_0008,1626,22.559153179339326,25.129608945429162,0.8956955285840308,0.32432027367682004,0.8977120666035124,0.52432027367682,0.021852324818239604,0.170082325314973,10.0,178,53.78627966050242
geom_0008,1627,22.559153179339326,25.129608945429162,0.8956955285840308,0.32432027367682004,0.8977120666035124,0.52432027367682,0.021852324818239604,0.170082325314973,10.0,179,53.47768077603941
geom_0008,1628,22.559153179339326,25.129608945429162,0.8956955285840308,0.32432027367682004,0.8977120666035124,0.52432027367682,0.021852324818239604,0.170082325314973,10.0,180,53.68620488476168
geom_0009,1629,22.559153179339326,25.129608945429162,0.8956955285840308,0.32432027367682004,0.8977120666035124,0.52432027367682,0.021852324818239604,0.170082325314973,10.0,0,53.50914001570648
geom_0009,1630,22.559153179339326,25.129608945429162,0.8956955285840308,0.32432027367682004,0.8977120666035124,0.52432027367682,0.021852324818239604,0.170082325314973,10.0,1,53.570021031102016
geom_0009,1631,22.559153179339326,25.129608945429162,0.8956955285840308,0.32432027367682004,0.8977120666035124,0.52432027367682,0.021852324818239604,0.170082325314973,10.0,2,53.7338036225213
geom_0009,1632,22.559153179339326,25.129608945429162,0.8956955285840308,0.32432027367682004,0.8977120666035124,0.52432027367682,0.021852324818239604,0.170082325314973,10.0,3,53.50922785590957
geom_0009,1633,22.559153179339326,25.129608945429162,0.8956955285840308,0.32432027367682004,0.8977120666035124,0.52432027367682,0.021852324818239604,0.170082325314973,10.0,4,53.73595579489342
geom_0009,1634,22.559153179339326,25.129608945429162,0.8956955285840308,0.32432027367682004,0.8977120666035124,0.52432027367682,0.021852324818239604,0.170082325314973,10.0,5,53.64273273503623
geom_0009,1635,22.559153179339326,25.129608945429162,0.8956955285840308,0.32432027367682004,0.8977120666035124,0.52432027367682,0.021852324818239604,0.170082325314973,10.0,6,53.683940461115924
geom_0009,1636,22.559153179339326,25.129608945429162,0.8956955285840308,0.32432027367682004,0.8977120666035124,0.52432027367682,0.021852324818239604,0.170082325314973,10.0,7,53.77927272988611
geom_0009,1637,22.559153179339326,25.129608945429162,0.8956955285840308,0.32432027367682004,0.8977120666035124,0.52432027367682,0.021852324818239604,0.170082325314973,10.0,8,53.620575048116535
geom_0009,1638,22.559153179339326,25.129608945429162,0.8956955285840308,0.32432027367682004,0.8977120666035124,0.52432027367682,0.021852324818239604,0.170082325314973,10.0,9,53.79030318358675
geom_0009,1639,22.559153179339326,25.129608945429162,0.8956955285840308,0.32432027367682004,0.8977120666035124,0.52432027367682,0.021852324818239604,0.170082325314973,10.0,10,53.78608901177918
geom_0009,1640,22.559153179339326,25.129608945429162,0.8956955285840308,0.32432027367682004,0.8977120666035124,0.52432027367682,0.021852324818239604,0.170082325314973,10.0,11,53.83424740344924
geom_0009,1641,22.559153179339326,25.129608945429162,0.8956955285840308,0.32432027367682004,0.8977120666035124,0.52432027367682,0.021852324818239604,0.170082325314973,10.0,12,53.82766693693535
geom_0009,1642,22.559153179339326,25.129608945429162,0.8956955285840308,0.32432027367682004,0.8977120666035124,0.52432027367682,0.021852324818239604,0.170082325314973,10.0,13,54.05623169657272
geom_0009,1643,22.559153179339326,25.129608945429162,0.8956955285840308,0.32432027367682004,0.8977120666035124,0.52432027367682,0.021852324818239604,0.170082325314973,10.0,14,53.75709968650774
geom_0009,1644,22.559153179339326,25.129608945429162,0.8956955285840308,0.32432027367682004,0.8977120666035124,0.52432027367682,0.021852324818239604,0.170082325314973,10.0,15,53.77618500482667
geom_0009,1645,22.559153179339326,25.129608945429162,0.8956955285840308,0.32432027367682004,0.8977120666035124,0.52432027367682,0.021852324818239604,0.170082325314973,10.0,16,53.77364130767131
geom_0009,1646,22.559153179339326,25.129608945429162,0.8956955285840308,0.32432027367682004,0.8977120666035124,0.52432027367682,0.021852324818239604,0.170082325314973,10.0,17,53.78536056080716
geom_0009,1647,22.559153179339326,25.129608945429162,0.8956955285840308,0.32432027367682004,0.8977120666035124,0.52432027367682,0.021852324818239604,0.170082325314973,10.0,18,53.780429272026815
geom_0009,1648,22.559153179339326,25.129608945429162,0.8956955285840308,0.32432027367682004,0.8977120666035124,0.52432027367682,0.021852324818239604,0.170082325314973,10.0,19,53.9646625968803
geom_0009,1649,22.559153179339326,25.129608945429162,0.8956955285840308,0.32432027367682004,0.8977120666035124,0.52432027367682,0.021852324818239604,0.170082325314973,10.0,20,53.987765880573946
geom_0009,1650,22.559153179339326,25.129608945429162,0.8956955285840308,0.32432027367682004,0.8977120666035124,0.52432027367682,0.021852324818239604,0.170082325314973,10.0,21,53.786987012376905
geom_0009,1651,22.559153179339326,25.129608945429162,0.8956955285840308,0.32432027367682004,0.8977120666035124,0.52432027367682,0.021852324818239604,0.170082325314973,10.0,22,53.75759583447453
geom_0009,1652,22.559153179339326,25.129608945429162,0.8956955285840308,0.32432027367682004,0.8977120666035124,0.52432027367682,0.021852324818239604,0.170082325314973,10.0,23,53.883199872750836
geom_0009,1653,22.559153179339326,25.129608945429162,0.8956955285840308,0.32432027367682004,0.8977120666035124,0.52432027367682,0.021852324818239604,0.170082325314973,10.0,24,53.77455539570694
geom_0009,1654,22.559153179339326,25.129608945429162,0.8956955285840308,0.32432027367682004,0.8977120666035124,0.52432027367682,0.021852324818239604,0.170082325314973,10.0,25,53.88531962423191
geom_0009,1655,22.559153179339326,25.129608945429162,0.8956955285840308,0.32432027367682004,0.8977120666035124,0.52432027367682,0.021852324818239604,0.170082325314973,10.0,26,53.833135313096925
geom_0009,1656,22.559153179339326,25.129608945429162,0.8956955285840308,0.32432027367682004,0.8977120666035124,0.52432027367682,0.021852324818239604,0.170082325314973,10.0,27,53.65069297086323
geom_0009,1657,22.559153179339326,25.129608945429162,0.8956955285840308,0.32432027367682004,0.8977120666035124,0.52432027367682,0.021852324818239604,0.170082325314973,10.0,28,53.94509150535606
geom_0009,1658,22.559153179339326,25.129608945429162,0.8956955285840308,0.32432027367682004,0.8977120666035124,0.52432027367682,0.021852324818239604,0.170082325314973,10.0,29,53.95669440859719
geom_0009,1659,22.559153179339326,25.129608945429162,0.8956955285840308,0.32432027367682004,0.8977120666035124,0.52432027367682,0.021852324818239604,0.170082325314973,10.0,30,53.70132963539672
geom_0009,1660,22.559153179339326,25.129608945429162,0.8956955285840308,0.32432027367682004,0.8977120666035124,0.52432027367682,0.021852324818239604,0.170082325314973,10.0,31,53.7081218424505
geom_0009,1661,22.559153179339326,25.129608945429162,0.8956955285840308,0.32432027367682004,0.8977120666035124,0.52432027367682,0.021852324818239604,0.170082325314973,10.0,32,53.758590292167675
geom_0009,1662,22.559153179339326,25.129608945429162,0.8956955285840308,0.32432027367682004,0.8977120666035124,0.52432027367682,0.021852324818239604,0.170082325314973,10.0,33,53.74543721808761
geom_0009,1663,22.559153179339326,25.129608945429162,0.8956955285840308,0.32432027367682004,0.8977120666035124,0.52432027367682,0.021852324818239604,0.170082325314973,10.0,34,53.7587586287778
geom_0009,1664,22.559153179339326,25.129608945429162,0.8956955285840308,0.32432027367682004,0.8977120666035124,0.52432027367682,0.021852324818239604,0.170082325314973,10.0,35,53.87381204601239
geom_0009,1665,22.559153179339326,25.129608945429162,0.8956955285840308,0.32432027367682004,0.8977120666035124,0.52432027367682,0.021852324818239604,0.170082325314973,10.0,36,53.63400977784312
geom_0009,1666,22.559153179339326,25.129608945429162,0.8956955285840308,0.32432027367682004,0.8977120666035124,0.52432027367682,0.021852324818239604,0.170082325314973,10.0,37,53.549864860020904
geom_0009,1667,22.559153179339326,25.129608945429162,0.8956955285840308,0.32432027367682004,0.8977120666035124,0.52432027367682,0.021852324818239604,0.170082325314973,10.0,38,53.46888237569452
geom_0009,1668,22.559153179339326,25.129608945429162,0.8956955285840308,0.32432027367682004,0.8977120666035124,0.52432027367682,0.021852324818239604,0.170082325314973,10.0,39,53.51002381877727
geom_0009,1669,22.559153179339326,25.129608945429162,0.8956955285840308,0.32432027367682004,0.8977120666035124,0.52432027367682,0.021852324818239604,0.170082325314973,10.0,40,53.55534329303125
geom_0009,1670,22.559153179339326,25.129608945429162,0.8956955285840308,0.32432027367682004,0.8977120666035124,0.52432027367682,0.021852324818239604,0.170082325314973,10.0,41,53.71294200021805
geom_0009,1671,22.559153179339326,25.129608945429162,0.8956955285840308,0.32432027367682004,0.8977120666035124,0.52432027367682,0.021852324818239604,0.170082325314973,10.0,42,53.45590128216073
geom_0009,1672,22.559153179339326,25.129608945429162,0.8956955285840308,0.32432027367682004,0.8977120666035124,0.52432027367682,0.021852324818239604,0.170082325314973,10.0,43,53.503618730350226
geom_0009,1673,22.559153179339326,25.129608945429162,0.8956955285840308,0.32432027367682004,0.8977120666035124,0.52432027367682,0.021852324818239604,0.170082325314973,10.0,44,53.452632200809624
geom_0009,1674,22.559153179339326,25.129608945429162,0.8956955285840308,0.32432027367682004,0.8977120666035124,0.52432027367682,0.021852324818239604,0.170082325314973,10.0,45,53.545661394163055
geom_0009,1675,22.559153179339326,25.129608945429162,0.8956955285840308,0.32432027367682004,0.8977120666035124,0.52432027367682,0.021852324818239604,0.170082325314973,10.0,46,53.651632102656066
geom_0009,1676,22.559153179339326,25.129608945429162,0.8956955285840308,0.32432027367682004,0.8977120666035124,0.52432027367682,0.021852324818239604,0.170082325314973,10.0,47,53.317594319775274
geom_0009,1677,22.559153179339326,25.129608945429162,0.8956955285840308,0.32432027367682004,0.8977120666035124,0.52432027367682,0.021852324818239604,0.170082325314973,10.0,48,53.293161516246634
geom_0009,1678,22.559153179339326,25.129608945429162,0.8956955285840308,0.32432027367682004,0.8977120666035124,0.52432027367682,0.021852324818239604,0.170082325314973,10.0,49,53.41768410115751
geom_0009,1679,22.559153179339326,25.129608945429162,0.8956955285840308,0.32432027367682004,0.8977120666035124,0.52432027367682,0.021852324818239604,0.170082325314973,10.0,50,53.35241427314534
geom_0009,1680,22.559153179339326,25.129608945429162,0.8956955285840308,0.32432027367682004,0.8977120666035124,0.52432027367682,0.021852324818239604,0.170082325314973,10.0,51,53.43970362370606
geom_0009,1681,22.559153179339326,25.129608945429162,0.8956955285840308,0.32432027367682004,0.8977120666035124,0.52432027367682,0.021852324818239604,0.170082325314973,10.0,52,53.28413998679169
geom_0009,1682,22.559153179339326,25.129608945429162,0.8956955285840308,0.32432027367682004,0.8977120666035124,0.52432027367682,0.021852324818239604,0.170082325314973,10.0,53,53.16049428173553
geom_0009,1683,22.559153179339326,25.129608945429162,0.8956955285840308,0.32432027367682004,0.8977120666035124,0.52432027367682,0.021852324818239604,0.170082325314973,10.0,54,53.22618248470186
geom_0009,1684,22.559153179339326,25.129608945429162,0.8956955285840308,0.32432027367682004,0.8977120666035124,0.52432027367682,0.021852324818239604,0.170082325314973,10.0,55,53.248752736092925
geom_0009,1685,22.559153179339326,25.129608945429162,0.8956955285840308,0.32432027367682004,0.8977120666035124,0.52432027367682,0.021852324818239604,0.170082325314973,10.0,56,53.19082197755111
geom_0009,1686,22.559153179339326,25.129608945429162,0.8956955285840308,0.32432027367682004,0.8977120666035124,0.52432027367682,0.021852324818239604,0.170082325314973,10.0,57,53.130572078833026
geom_0009,1687,22.559153179339326,25.129608945429162,0.8956955285840308,0.32432027367682004,0.8977120666035124,0.52432027367682,0.021852324818239604,0.170082325314973,10.0,58,53.15781544553331
geom_0009,1688,22.559153179339326,25.129608945429162,0.8956955285840308,0.32432027367682004,0.8977120666035124,0.52432027367682,0.021852324818239604,0.170082325314973,10.0,59,53.13966532071511
geom_0009,1689,22.559153179339326,25.129608945429162,0.8956955285840308,0.32432027367682004,0.8977120666035124,0.52432027367682,0.021852324818239604,0.170082325314973,10.0,60,53.132875211117785
geom_0009,1690,22.559153179339326,25.129608945429162,0.8956955285840308,0.32432027367682004,0.8977120666035124,0.52432027367682,0.021852324818239604,0.170082325314973,10.0,61,53.0318400111331
geom_0009,1691,22.559153179339326,25.129608945429162,0.8956955285840308,0.32432027367682004,0.8977120666035124,0.52432027367682,0.021852324818239604,0.170082325314973,10.0,62,52.9230025269252
geom_0009,1692,22.559153179339326,25.129608945429162,0.8956955285840308,0.32432027367682004,0.8977120666035124,0.52432027367682,0.021852324818239604,0.170082325314973,10.0,63,52.92761504302651
geom_0009,1693,22.559153179339326,25.129608945429162,0.8956955285840308,0.32432027367682004,0.8977120666035124,0.52432027367682,0.021852324818239604,0.170082325314973,10.0,64,53.00735528070584
geom_0009,1694,22.559153179339326,25.129608945429162,0.8956955285840308,0.32432027367682004,0.8977120666035124,0.52432027367682,0.021852324818239604,0.170082325314973,10.0,65,52.77934909688992
geom_0009,1695,22.559153179339326,25.129608945429162,0.8956955285840308,0.32432027367682004,0.8977120666035124,0.52432027367682,0.021852324818239604,0.170082325314973,10.0,66,52.87287084107936
geom_0009,1696,22.559153179339326,25.129608945429162,0.8956955285840308,0.32432027367682004,0.8977120666035124,0.52432027367682,0.021852324818239604,0.170082325314973,10.0,67,52.7722967744288
geom_0009,1697,22.559153179339326,25.129608945429162,0.8956955285840308,0.32432027367682004,0.8977120666035124,0.52432027367682,0.021852324818239604,0.170082325314973,10.0,68,52.79084099536423
geom_0009,1698,22.559153179339326,25.129608945429162,0.8956955285840308,0.32432027367682004,0.8977120666035124,0.52432027367682,0.021852324818239604,0.170082325314973,10.0,69,52.8928973054842
geom_0009,1699,22.559153179339326,25.129608945429162,0.8956955285840308,0.32432027367682004,0.8977120666035124,0.52432027367682,0.021852324818239604,0.170082325314973,10.0,70,52.7620369881405
geom_0009,1700,22.559153179339326,25.129608945429162,0.8956955285840308,0.32432027367682004,0.8977120666035124,0.52432027367682,0.021852324818239604,0.170082325314973,10.0,71,52.72627318004932
geom_0009,1701,22.559153179339326,25.129608945429162,0.8956955285840308,0.32432027367682004,0.8977120666035124,0.52432027367682,0.021852324818239604,0.170082325314973,10.0,72,52.56521043137505
geom_0009,1702,22.559153179339326,25.129608945429162,0.8956955285840308,0.32432027367682004,0.8977120666035124,0.52432027367682,0.021852324818239604,0.170082325314973,10.0,73,52.756287014141385
geom_0009,1703,22.559153179339326,25.129608945429162,0.8956955285840308,0.32432027367682004,0.8977120666035124,0.52432027367682,0.021852324818239604,0.170082325314973,10.0,74,52.72760817020126
geom_0009,1704,22.559153179339326,25.129608945429162,0.8956955285840308,0.32432027367682004,0.8977120666035124,0.52432027367682,0.021852324818239604,0.170082325314973,10.0,75,52.86174752367718
geom_0009,1705,22.559153179339326,25.129608945429162,0.8956955285840308,0.32432027367682004,0.8977120666035124,0.52432027367682,0.021852324818239604,0.170082325314973,10.0,76,52.59800074421346
geom_0009,1706,22.559153179339326,25.129608945429162,0.8956955285840308,0.32432027367682004,0.8977120666035124,0.52432027367682,0.021852324818239604,0.170082325314973,10.0,77,52.63507259733327
geom_0009,1707,22.559153179339326,25.129608945429162,0.8956955285840308,0.32432027367682004,0.8977120666035124,0.52432027367682,0.021852324818239604,0.170082325314973,10.0,78,52.623523887819935
geom_0009,1708,22.559153179339326,25.129608945429162,0.8956955285840308,0.32432027367682004,0.8977120666035124,0.52432027367682,0.021852324818239604,0.170082325314973,10.0,79,52.74283241746665
geom_0009,1709,22.559153179339326,25.129608945429162,0.8956955285840308,0.32432027367682004,0.8977120666035124,0.52432027367682,0.021852324818239604,0.170082325314973,10.0,80,52.563155526052014
geom_0009,1710,22.559153179339326,25.129608945429162,0.8956955285840308,0.32432027367682004,0.8977120666035124,0.52432027367682,0.021852324818239604,0.170082325314973,10.0,81,52.589302563769735
geom_0009,1711,22.559153179339326,25.129608945429162,0.8956955285840308,0.32432027367682004,0.8977120666035124,0.52432027367682,0.021852324818239604,0.170082325314973,10.0,82,52.612041748992475
geom_0009,1712,22.559153179339326,25.129608945429162,0.8956955285840308,0.32432027367682004,0.8977120666035124,0.52432027367682,0.021852324818239604,0.170082325314973,10.0,83,52.56091813062944
geom_0009,1713,22.559153179339326,25.129608945429162,0.8956955285840308,0.32432027367682004,0.8977120666035124,0.52432027367682,0.021852324818239604,0.170082325314973,10.0,84,52.48978753262594
geom_0009,1714,22.559153179339326,25.129608945429162,0.8956955285840308,0.32432027367682004,0.8977120666035124,0.52432027367682,0.021852324818239604,0.170082325314973,10.0,85,52.54719527040017
geom_0009,1715,22.559153179339326,25.129608945429162,0.8956955285840308,0.32432027367682004,0.8977120666035124,0.52432027367682,0.021852324818239604,0.170082325314973,10.0,86,52.629697676838425
geom_0009,1716,22.559153179339326,25.129608945429162,0.8956955285840308,0.32432027367682004,0.8977120666035124,0.52432027367682,0.021852324818239604,0.170082325314973,10.0,87,52.415433200960784
geom_0009,1717,22.559153179339326,25.129608945429162,0.8956955285840308,0.32432027367682004,0.8977120666035124,0.52432027367682,0.021852324818239604,0.170082325314973,10.0,88,52.528341050508295
geom_0009,1718,22.559153179339326,25.129608945429162,0.8956955285840308,0.32432027367682004,0.8977120666035124,0.52432027367682,0.021852324818239604,0.170082325314973,10.0,89,52.44320557273538
geom_0009,1719,22.559153179339326,25.129608945429162,0.8956955285840308,0.32432027367682004,0.8977120666035124,0.52432027367682,0.021852324818239604,0.170082325314973,10.0,90,52.632113167337636
geom_0009,1720,22.559153179339326,25.129608945429162,0.8956955285840308,0.32432027367682004,0.8977120666035124,0.52432027367682,0.021852324818239604,0.170082325314973,10.0,91,52.36089896375092
geom_0009,1721,22.559153179339326,25.129608945429162,0.8956955285840308,0.32432027367682004,0.8977120666035124,0.52432027367682,0.021852324818239604,0.170082325314973,10.0,92,52.45915189836645
geom_0009,1722,22.559153179339326,25.129608945429162,0.8956955285840308,0.32432027367682004,0.8977120666035124,0.52432027367682,0.021852324818239604,0.170082325314973,10.0,93,52.55580591840834
geom_0009,1723,22.559153179339326,25.129608945429162,0.8956955285840308,0.32432027367682004,0.8977120666035124,0.52432027367682,0.021852324818239604,0.170082325314973,10.0,94,52.67888690477588
geom_0009,1724,22.559153179339326,25.129608945429162,0.8956955285840308,0.32432027367682004,0.8977120666035124,0.52432027367682,0.021852324818239604,0.170082325314973,10.0,95,52.52121124500304
geom_0009,1725,22.559153179339326,25.129608945429162,0.8956955285840308,0.32432027367682004,0.8977120666035124,0.52432027367682,0.021852324818239604,0.170082325314973,10.0,96,52.47891094141167
geom_0009,1726,22.559153179339326,25.129608945429162,0.8956955285840308,0.32432027367682004,0.8977120666035124,0.52432027367682,0.021852324818239604,0.170082325314973,10.0,97,52.73037292525787
geom_0009,1727,22.559153179339326,25.129608945429162,0.8956955285840308,0.32432027367682004,0.8977120666035124,0.52432027367682,0.021852324818239604,0.170082325314973,10.0,98,52.4064507079792
geom_0009,1728,22.559153179339326,25.129608945429162,0.8956955285840308,0.32432027367682004,0.8977120666035124,0.52432027367682,0.021852324818239604,0.170082325314973,10.0,99,52.341519815530695
geom_0009,1729,22.559153179339326,25.129608945429162,0.8956955285840308,0.32432027367682004,0.8977120666035124,0.52432027367682,0.021852324818239604,0.170082325314973,10.0,100,52.61668652429604
geom_0009,1730,22.559153179339326,25.129608945429162,0.8956955285840308,0.32432027367682004,0.8977120666035124,0.52432027367682,0.021852324818239604,0.170082325314973,10.0,101,52.53488166705504
geom_0009,1731,22.559153179339326,25.129608945429162,0.8956955285840308,0.32432027367682004,0.8977120666035124,0.52432027367682,0.021852324818239604,0.170082325314973,10.0,102,52.49646223773579
geom_0009,1732,22.559153179339326,25.129608945429162,0.8956955285840308,0.32432027367682004,0.8977120666035124,0.52432027367682,0.021852324818239604,0.170082325314973,10.0,103,52.68399320929681
geom_0009,1733,22.559153179339326,25.129608945429162,0.8956955285840308,0.32432027367682004,0.8977120666035124,0.52432027367682,0.021852324818239604,0.170082325314973,10.0,104,52.65315863908587
geom_0009,1734,22.559153179339326,25.129608945429162,0.8956955285840308,0.32432027367682004,0.8977120666035124,0.52432027367682,0.021852324818239604,0.170082325314973,10.0,105,52.58901418827296
geom_0009,1735,22.559153179339326,25.129608945429162,0.8956955285840308,0.32432027367682004,0.8977120666035124,0.52432027367682,0.021852324818239604,0.170082325314973,10.0,106,52.53502931222006
geom_0009,1736,22.559153179339326,25.129608945429162,0.8956955285840308,0.32432027367682004,0.8977120666035124,0.52432027367682,0.021852324818239604,0.170082325314973,10.0,107,52.76890739036668
geom_0009,1737,22.559153179339326,25.129608945429162,0.8956955285840308,0.32432027367682004,0.8977120666035124,0.52432027367682,0.021852324818239604,0.170082325314973,10.0,108,52.76621616326891
geom_0009,1738,22.559153179339326,25.129608945429162,0.8956955285840308,0.32432027367682004,0.8977120666035124,0.52432027367682,0.021852324818239604,0.170082325314973,10.0,109,52.711711938855764
geom_0009,1739,22.559153179339326,25.129608945429162,0.8956955285840308,0.32432027367682004,0.8977120666035124,0.52432027367682,0.021852324818239604,0.170082325314973,10.0,110,52.92759078094328
geom_0009,1740,22.559153179339326,25.129608945429162,0.8956955285840308,0.32432027367682004,0.8977120666035124,0.52432027367682,0.021852324818239604,0.170082325314973,10.0,111,52.658043642590854
geom_0009,1741,22.559153179339326,25.129608945429162,0.8956955285840308,0.32432027367682004,0.8977120666035124,0.52432027367682,0.021852324818239604,0.170082325314973,10.0,112,52.635413995978276
geom_0009,1742,22.559153179339326,25.129608945429162,0.8956955285840308,0.32432027367682004,0.8977120666035124,0.52432027367682,0.021852324818239604,0.170082325314973,10.0,113,52.74243984867341
geom_0009,1743,22.559153179339326,25.129608945429162,0.8956955285840308,0.32432027367682004,0.8977120666035124,0.52432027367682,0.021852324818239604,0.170082325314973,10.0,114,52.83144490855652
geom_0009,1744,22.559153179339326,25.129608945429162,0.8956955285840308,0.32432027367682004,0.8977120666035124,0.52432027367682,0.021852324818239604,0.170082325314973,10.0,115,52.885376608920915
geom_0009,1745,22.559153179339326,25.129608945429162,0.8956955285840308,0.32432027367682004,0.8977120666035124,0.52432027367682,0.021852324818239604,0.170082325314973,10.0,116,52.86258077826937
geom_0009,1746,22.559153179339326,25.129608945429162,0.8956955285840308,0.32432027367682004,0.8977120666035124,0.52432027367682,0.021852324818239604,0.170082325314973,10.0,117,52.94814921403461
geom_0009,1747,22.559153179339326,25.129608945429162,0.8956955285840308,0.32432027367682004,0.8977120666035124,0.52432027367682,0.021852324818239604,0.170082325314973,10.0,118,52.81456039253784
geom_0009,1748,22.559153179339326,25.129608945429162,0.8956955285840308,0.32432027367682004,0.8977120666035124,0.52432027367682,0.021852324818239604,0.170082325314973,10.0,119,53.111345482781466
geom_0009,1749,22.559153179339326,25.129608945429162,0.8956955285840308,0.32432027367682004,0.8977120666035124,0.52432027367682,0.021852324818239604,0.170082325314973,10.0,120,52.98644419417477
geom_0009,1750,22.559153179339326,25.129608945429162,0.8956955285840308,0.32432027367682004,0.8977120666035124,0.52432027367682,0.021852324818239604,0.170082325314973,10.0,121,53.13446534482936
geom_0009,1751,22.559153179339326,25.129608945429162,0.8956955285840308,0.32432027367682004,0.8977120666035124,0.52432027367682,0.021852324818239604,0.170082325314973,10.0,122,53.08542051121216
geom_0009,1752,22.559153179339326,25.129608945429162,0.8956955285840308,0.32432027367682004,0.8977120666035124,0.52432027367682,0.021852324818239604,0.170082325314973,10.0,123,53.125519997637674
geom_0009,1753,22.559153179339326,25.129608945429162,0.8956955285840308,0.32432027367682004,0.8977120666035124,0.52432027367682,0.021852324818239604,0.170082325314973,10.0,124,53.165750487454595
geom_0009,1754,22.559153179339326,25.129608945429162,0.8956955285840308,0.32432027367682004,0.8977120666035124,0.52432027367682,0.021852324818239604,0.170082325314973,10.0,125,53.182653234036366
geom_0009,1755,22.559153179339326,25.129608945429162,0.8956955285840308,0.32432027367682004,0.8977120666035124,0.52432027367682,0.021852324818239604,0.170082325314973,10.0,126,53.23138927761938
geom_0009,1756,22.559153179339326,25.129608945429162,0.8956955285840308,0.32432027367682004,0.8977120666035124,0.52432027367682,0.021852324818239604,0.170082325314973,10.0,127,53.329338743827485
geom_0009,1757,22.559153179339326,25.129608945429162,0.8956955285840308,0.32432027367682004,0.8977120666035124,0.52432027367682,0.021852324818239604,0.170082325314973,10.0,128,53.24539928522925
geom_0009,1758,22.559153179339326,25.129608945429162,0.8956955285840308,0.32432027367682004,0.8977120666035124,0.52432027367682,0.021852324818239604,0.170082325314973,10.0,129,53.32593326689131
geom_0009,1759,22.559153179339326,25.129608945429162,0.8956955285840308,0.32432027367682004,0.8977120666035124,0.52432027367682,0.021852324818239604,0.170082325314973,10.0,130,53.275251554753986
geom_0009,1760,22.559153179339326,25.129608945429162,0.8956955285840308,0.32432027367682004,0.8977120666035124,0.52432027367682,0.021852324818239604,0.170082325314973,10.0,131,53.45727973499555
geom_0009,1761,22.559153179339326,25.129608945429162,0.8956955285840308,0.32432027367682004,0.8977120666035124,0.52432027367682,0.021852324818239604,0.170082325314973,10.0,132,53.27446623029254
geom_0009,1762,22.559153179339326,25.129608945429162,0.8956955285840308,0.32432027367682004,0.8977120666035124,0.52432027367682,0.021852324818239604,0.170082325314973,10.0,133,53.55077524035839
geom_0009,1763,22.559153179339326,25.129608945429162,0.8956955285840308,0.32432027367682004,0.8977120666035124,0.52432027367682,0.021852324818239604,0.170082325314973,10.0,134,53.39492306500427
geom_0009,1764,22.559153179339326,25.129608945429162,0.8956955285840308,0.32432027367682004,0.8977120666035124,0.52432027367682,0.021852324818239604,0.170082325314973,10.0,135,53.28374455660644
geom_0009,1765,22.559153179339326,25.129608945429162,0.8956955285840308,0.32432027367682004,0.8977120666035124,0.52432027367682,0.021852324818239604,0.170082325314973,10.0,136,53.467084931907976
geom_0009,1766,22.559153179339326,25.129608945429162,0.8956955285840308,0.32432027367682004,0.8977120666035124,0.52432027367682,0.021852324818239604,0.170082325314973,10.0,137,53.41313476943885
geom_0009,1767,22.559153179339326,25.129608945429162,0.8956955285840308,0.32432027367682004,0.8977120666035124,0.52432027367682,0.021852324818239604,0.170082325314973,10.0,138,53.59172676696322
geom_0009,1768,22.559153179339326,25.129608945429162,0.8956955285840308,0.32432027367682004,0.8977120666035124,0.52432027367682,0.021852324818239604,0.170082325314973,10.0,139,53.46822381593603
geom_0009,1769,22.559153179339326,25.129608945429162,0.8956955285840308,0.32432027367682004,0.8977120666035124,0.52432027367682,0.021852324818239604,0.170082325314973,10.0,140,53.514037646997146
geom_0009,1770,22.559153179339326,25.129608945429162,0.8956955285840308,0.32432027367682004,0.8977120666035124,0.52432027367682,0.021852324818239604,0.170082325314973,10.0,141,53.394162749676916
geom_0009,1771,22.559153179339326,25.129608945429162,0.8956955285840308,0.32432027367682004,0.8977120666035124,0.52432027367682,0.021852324818239604,0.170082325314973,10.0,142,53.56158366657106
geom_0009,1772,22.559153179339326,25.129608945429162,0.8956955285840308,0.32432027367682004,0.8977120666035124,0.52432027367682,0.021852324818239604,0.170082325314973,10.0,143,53.387306651811855
geom_0009,1773,22.559153179339326,25.129608945429162,0.8956955285840308,0.32432027367682004,0.8977120666035124,0.52432027367682,0.021852324818239604,0.170082325314973,10.0,144,53.49331421824395
geom_0009,1774,22.559153179339326,25.129608945429162,0.8956955285840308,0.32432027367682004,0.8977120666035124,0.52432027367682,0.021852324818239604,0.170082325314973,10.0,145,53.74883305775018
geom_0009,1775,22.559153179339326,25.129608945429162,0.8956955285840308,0.32432027367682004,0.8977120666035124,0.52432027367682,0.021852324818239604,0.170082325314973,10.0,146,53.7714842173756
geom_0009,1776,22.559153179339326,25.129608945429162,0.8956955285840308,0.32432027367682004,0.8977120666035124,0.52432027367682,0.021852324818239604,0.170082325314973,10.0,147,53.754537295267404
geom_0009,1777,22.559153179339326,25.129608945429162,0.8956955285840308,0.32432027367682004,0.8977120666035124,0.52432027367682,0.021852324818239604,0.170082325314973,10.0,148,53.63330613878226
geom_0009,1778,22.559153179339326,25.129608945429162,0.8956955285840308,0.32432027367682004,0.8977120666035124,0.52432027367682,0.021852324818239604,0.170082325314973,10.0,149,53.7421208628299
geom_0009,1779,22.559153179339326,25.129608945429162,0.8956955285840308,0.32432027367682004,0.8977120666035124,0.52432027367682,0.021852324818239604,0.170082325314973,10.0,150,53.762248250536096
geom_0009,1780,22.559153179339326,25.129608945429162,0.8956955285840308,0.32432027367682004,0.8977120666035124,0.52432027367682,0.021852324818239604,0.170082325314973,10.0,151,53.66127017236838
geom_0009,1781,22.559153179339326,25.129608945429162,0.8956955285840308,0.32432027367682004,0.8977120666035124,0.52432027367682,0.021852324818239604,0.170082325314973,10.0,152,53.940680815399766
geom_0009,1782,22.559153179339326,25.129608945429162,0.8956955285840308,0.32432027367682004,0.8977120666035124,0.52432027367682,0.021852324818239604,0.170082325314973,10.0,153,53.890003611420525
geom_0009,1783,22.559153179339326,25.129608945429162,0.8956955285840308,0.32432027367682004,0.8977120666035124,0.52432027367682,0.021852324818239604,0.170082325314973,10.0,154,53.790746593628825
geom_0009,1784,22.559153179339326,25.129608945429162,0.8956955285840308,0.32432027367682004,0.8977120666035124,0.52432027367682,0.021852324818239604,0.170082325314973,10.0,155,53.82471502635582
geom_0009,1785,22.559153179339326,25.129608945429162,0.8956955285840308,0.32432027367682004,0.8977120666035124,0.52432027367682,0.021852324818239604,0.170082325314973,10.0,156,53.850615980929796
geom_0009,1786,22.559153179339326,25.129608945429162,0.8956955285840308,0.32432027367682004,0.8977120666035124,0.52432027367682,0.021852324818239604,0.170082325314973,10.0,157,53.63188483026977
geom_0009,1787,22.559153179339326,25.129608945429162,0.8956955285840308,0.32432027367682004,0.8977120666035124,0.52432027367682,0.021852324818239604,0.170082325314973,10.0,158,53.816113653532895
geom_0009,1788,22.559153179339326,25.129608945429162,0.8956955285840308,0.32432027367682004,0.8977120666035124,0.52432027367682,0.021852324818239604,0.170082325314973,10.0,159,53.77586321695207
geom_0009,1789,22.559153179339326,25.129608945429162,0.8956955285840308,0.32432027367682004,0.8977120666035124,0.52432027367682,0.021852324818239604,0.170082325314973,10.0,160,53.745553454785465
geom_0009,1790,22.559153179339326,25.129608945429162,0.8956955285840308,0.32432027367682004,0.8977120666035124,0.52432027367682,0.021852324818239604,0.170082325314973,10.0,161,53.81765091448095
geom_0009,1791,22.559153179339326,25.129608945429162,0.8956955285840308,0.32432027367682004,0.8977120666035124,0.52432027367682,0.021852324818239604,0.170082325314973,10.0,162,54.02393663744242
geom_0009,1792,22.559153179339326,25.129608945429162,0.8956955285840308,0.32432027367682004,0.8977120666035124,0.52432027367682,0.021852324818239604,0.170082325314973,10.0,163,53.90499255884989
geom_0009,1793,22.559153179339326,25.129608945429162,0.8956955285840308,0.32432027367682004,0.8977120666035124,0.52432027367682,0.021852324818239604,0.170082325314973,10.0,164,53.77883746133551
geom_0009,1794,22.559153179339326,25.129608945429162,0.8956955285840308,0.32432027367682004,0.8977120666035124,0.52432027367682,0.021852324818239604,0.170082325314973,10.0,165,53.886542978462465
geom_0009,1795,22.559153179339326,25.129608945429162,0.8956955285840308,0.32432027367682004,0.8977120666035124,0.52432027367682,0.021852324818239604,0.170082325314973,10.0,166,53.96080922859148
geom_0009,1796,22.559153179339326,25.129608945429162,0.8956955285840308,0.32432027367682004,0.8977120666035124,0.52432027367682,0.021852324818239604,0.170082325314973,10.0,167,53.903165050872914
geom_0009,1797,22.559153179339326,25.129608945429162,0.8956955285840308,0.32432027367682004,0.8977120666035124,0.52432027367682,0.021852324818239604,0.170082325314973,10.0,168,53.804713109536586
geom_0009,1798,22.559153179339326,25.129608945429162,0.8956955285840308,0.32432027367682004,0.8977120666035124,0.52432027367682,0.021852324818239604,0.170082325314973,10.0,169,53.72030859927787
geom_0009,1799,22.559153179339326,25.129608945429162,0.8956955285840308,0.32432027367682004,0.8977120666035124,0.52432027367682,0.021852324818239604,0.170082325314973,10.0,170,53.83926612231924
geom_0009,1800,22.559153179339326,25.129608945429162,0.8956955285840308,0.32432027367682004,0.8977120666035124,0.52432027367682,0.021852324818239604,0.170082325314973,10.0,171,53.791410747510525
geom_0009,1801,22.559153179339326,25.129608945429162,0.8956955285840308,0.32432027367682004,0.8977120666035124,0.52432027367682,0.021852324818239604,0.170082325314973,10.0,172,53.822366572275534
geom_0009,1802,22.559153179339326,25.129608945429162,0.8956955285840308,0.32432027367682004,0.8977120666035124,0.52432027367682,0.021852324818239604,0.170082325314973,10.0,173,53.775307960837644
geom_0009,1803,22.559153179339326,25.129608945429162,0.8956955285840308,0.32432027367682004,0.8977120666035124,0.52432027367682,0.021852324818239604,0.170082325314973,10.0,174,53.7938421036131
geom_0009,1804,22.559153179339326,25.129608945429162,0.8956955285840308,0.32432027367682004,0.8977120666035124,0.52432027367682,0.021852324818239604,0.170082325314973,10.0,175,53.61060809830273
geom_0009,1805,22.559153179339326,25.129608945429162,0.8956955285840308,0.32432027367682004,0.8977120666035124,0.52432027367682,0.021852324818239604,0.170082325314973,10.0,176,53.76926296160919
geom_0009,1806,22.559153179339326,25.129608945429162,0.8956955285840308,0.32432027367682004,0.8977120666035124,0.52432027367682,0.021852324818239604,0.170082325314973,10.0,177,53.62882322045269
geom_0009,1807,22.559153179339326,25.129608945429162,0.8956955285840308,0.32432027367682004,0.8977120666035124,0.52432027367682,0.021852324818239604,0.170082325314973,10.0,178,53.78627966050242
geom_0009,1808,22.559153179339326,25.129608945429162,0.8956955285840308,0.32432027367682004,0.8977120666035124,0.52432027367682,0.021852324818239604,0.170082325314973,10.0,179,53.47768077603941
geom_0009,1809,22.559153179339326,25.129608945429162,0.8956955285840308,0.32432027367682004,0.8977120666035124,0.52432027367682,0.021852324818239604,0.170082325314973,10.0,180,53.68620488476168
geom_0010,1810,22.559153179339326,25.129608945429162,0.8956955285840308,0.32432027367682004,0.8977120666035124,0.52432027367682,0.021852324818239604,0.170082325314973,10.0,0,53.50914001570648
geom_0010,1811,22.559153179339326,25.129608945429162,0.8956955285840308,0.32432027367682004,0.8977120666035124,0.52432027367682,0.021852324818239604,0.170082325314973,10.0,1,53.570021031102016
geom_0010,1812,22.559153179339326,25.129608945429162,0.8956955285840308,0.32432027367682004,0.8977120666035124,0.52432027367682,0.021852324818239604,0.170082325314973,10.0,2,53.7338036225213
geom_0010,1813,22.559153179339326,25.129608945429162,0.8956955285840308,0.32432027367682004,0.8977120666035124,0.52432027367682,0.021852324818239604,0.170082325314973,10.0,3,53.50922785590957
geom_0010,1814,22.559153179339326,25.129608945429162,0.8956955285840308,0.32432027367682004,0.8977120666035124,0.52432027367682,0.021852324818239604,0.170082325314973,10.0,4,53.73595579489342
geom_0010,1815,22.559153179339326,25.129608945429162,0.8956955285840308,0.32432027367682004,0.8977120666035124,0.52432027367682,0.021852324818239604,0.170082325314973,10.0,5,53.64273273503623
geom_0010,1816,22.559153179339326,25.129608945429162,0.8956955285840308,0.32432027367682004,0.8977120666035124,0.52432027367682,0.021852324818239604,0.170082325314973,10.0,6,53.683940461115924
geom_0010,1817,22.559153179339326,25.129608945429162,0.8956955285840308,0.32432027367682004,0.8977120666035124,0.52432027367682,0.021852324818239604,0.170082325314973,10.0,7,53.77927272988611
geom_0010,1818,22.559153179339326,25.129608945429162,0.8956955285840308,0.32432027367682004,0.8977120666035124,0.52432027367682,0.021852324818239604,0.170082325314973,10.0,8,53.620575048116535
geom_0010,1819,22.559153179339326,25.129608945429162,0.8956955285840308,0.32432027367682004,0.8977120666035124,0.52432027367682,0.021852324818239604,0.170082325314973,10.0,9,53.79030318358675
geom_0010,1820,22.559153179339326,25.129608945429162,0.8956955285840308,0.32432027367682004,0.8977120666035124,0.52432027367682,0.021852324818239604,0.170082325314973,10.0,10,53.78608901177918
geom_0010,1821,22.559153179339326,25.129608945429162,0.8956955285840308,0.32432027367682004,0.8977120666035124,0.52432027367682,0.021852324818239604,0.170082325314973,10.0,11,53.83424740344924
geom_0010,1822,22.559153179339326,25.129608945429162,0.8956955285840308,0.32432027367682004,0.8977120666035124,0.52432027367682,0.021852324818239604,0.170082325314973,10.0,12,53.82766693693535
geom_0010,1823,22.559153179339326,25.129608945429162,0.8956955285840308,0.32432027367682004,0.8977120666035124,0.52432027367682,0.021852324818239604,0.170082325314973,10.0,13,54.05623169657272
geom_0010,1824,22.559153179339326,25.129608945429162,0.8956955285840308,0.32432027367682004,0.8977120666035124,0.52432027367682,0.021852324818239604,0.170082325314973,10.0,14,53.75709968650774
geom_0010,1825,22.559153179339326,25.129608945429162,0.8956955285840308,0.32432027367682004,0.8977120666035124,0.52432027367682,0.021852324818239604,0.170082325314973,10.0,15,53.77618500482667
geom_0010,1826,22.559153179339326,25.129608945429162,0.8956955285840308,0.32432027367682004,0.8977120666035124,0.52432027367682,0.021852324818239604,0.170082325314973,10.0,16,53.77364130767131
geom_0010,1827,22.559153179339326,25.129608945429162,0.8956955285840308,0.32432027367682004,0.8977120666035124,0.52432027367682,0.021852324818239604,0.170082325314973,10.0,17,53.78536056080716
geom_0010,1828,22.559153179339326,25.129608945429162,0.8956955285840308,0.32432027367682004,0.8977120666035124,0.52432027367682,0.021852324818239604,0.170082325314973,10.0,18,53.780429272026815
geom_0010,1829,22.559153179339326,25.129608945429162,0.8956955285840308,0.32432027367682004,0.8977120666035124,0.52432027367682,0.021852324818239604,0.170082325314973,10.0,19,53.9646625968803
geom_0010,1830,22.559153179339326,25.129608945429162,0.8956955285840308,0.32432027367682004,0.8977120666035124,0.52432027367682,0.021852324818239604,0.170082325314973,10.0,20,53.987765880573946
geom_0010,1831,22.559153179339326,25.129608945429162,0.8956955285840308,0.32432027367682004,0.8977120666035124,0.52432027367682,0.021852324818239604,0.170082325314973,10.0,21,53.786987012376905
geom_0010,1832,22.559153179339326,25.129608945429162,0.8956955285840308,0.32432027367682004,0.8977120666035124,0.52432027367682,0.021852324818239604,0.170082325314973,10.0,22,53.75759583447453
geom_0010,1833,22.559153179339326,25.129608945429162,0.8956955285840308,0.32432027367682004,0.8977120666035124,0.52432027367682,0.021852324818239604,0.170082325314973,10.0,23,53.883199872750836
geom_0010,1834,22.559153179339326,25.129608945429162,0.8956955285840308,0.32432027367682004,0.8977120666035124,0.52432027367682,0.021852324818239604,0.170082325314973,10.0,24,53.77455539570694
geom_0010,1835,22.559153179339326,25.129608945429162,0.8956955285840308,0.32432027367682004,0.8977120666035124,0.52432027367682,0.021852324818239604,0.170082325314973,10.0,25,53.88531962423191
geom_0010,1836,22.559153179339326,25.129608945429162,0.8956955285840308,0.32432027367682004,0.8977120666035124,0.52432027367682,0.021852324818239604,0.170082325314973,10.0,26,53.833135313096925
geom_0010,1837,22.559153179339326,25.129608945429162,0.8956955285840308,0.32432027367682004,0.8977120666035124,0.52432027367682,0.021852324818239604,0.170082325314973,10.0,27,53.65069297086323
geom_0010,1838,22.559153179339326,25.129608945429162,0.8956955285840308,0.32432027367682004,0.8977120666035124,0.52432027367682,0.021852324818239604,0.170082325314973,10.0,28,53.94509150535606
geom_0010,1839,22.559153179339326,25.129608945429162,0.8956955285840308,0.32432027367682004,0.8977120666035124,0.52432027367682,0.021852324818239604,0.170082325314973,10.0,29,53.95669440859719
geom_0010,1840,22.559153179339326,25.129608945429162,0.8956955285840308,0.32432027367682004,0.8977120666035124,0.52432027367682,0.021852324818239604,0.170082325314973,10.0,30,53.70132963539672
geom_0010,1841,22.559153179339326,25.129608945429162,0.8956955285840308,0.32432027367682004,0.8977120666035124,0.52432027367682,0.021852324818239604,0.170082325314973,10.0,31,53.7081218424505
geom_0010,1842,22.559153179339326,25.129608945429162,0.8956955285840308,0.32432027367682004,0.8977120666035124,0.52432027367682,0.021852324818239604,0.170082325314973,10.0,32,53.758590292167675
geom_0010,1843,22.559153179339326,25.129608945429162,0.8956955285840308,0.32432027367682004,0.8977120666035124,0.52432027367682,0.021852324818239604,0.170082325314973,10.0,33,53.74543721808761
geom_0010,1844,22.559153179339326,25.129608945429162,0.8956955285840308,0.32432027367682004,0.8977120666035124,0.52432027367682,0.021852324818239604,0.170082325314973,10.0,34,53.7587586287778
geom_0010,1845,22.559153179339326,25.129608945429162,0.8956955285840308,0.32432027367682004,0.8977120666035124,0.52432027367682,0.021852324818239604,0.170082325314973,10.0,35,53.87381204601239
geom_0010,1846,22.559153179339326,25.129608945429162,0.8956955285840308,0.32432027367682004,0.8977120666035124,0.52432027367682,0.021852324818239604,0.170082325314973,10.0,36,53.63400977784312
geom_0010,1847,22.559153179339326,25.129608945429162,0.8956955285840308,0.32432027367682004,0.8977120666035124,0.52432027367682,0.021852324818239604,0.170082325314973,10.0,37,53.549864860020904
geom_0010,1848,22.559153179339326,25.129608945429162,0.8956955285840308,0.32432027367682004,0.8977120666035124,0.52432027367682,0.021852324818239604,0.170082325314973,10.0,38,53.46888237569452
geom_0010,1849,22.559153179339326,25.129608945429162,0.8956955285840308,0.32432027367682004,0.8977120666035124,0.52432027367682,0.021852324818239604,0.170082325314973,10.0,39,53.51002381877727
geom_0010,1850,22.559153179339326,25.129608945429162,0.8956955285840308,0.32432027367682004,0.8977120666035124,0.52432027367682,0.021852324818239604,0.170082325314973,10.0,40,53.55534329303125
geom_0010,1851,22.559153179339326,25.129608945429162,0.8956955285840308,0.32432027367682004,0.8977120666035124,0.52432027367682,0.021852324818239604,0.170082325314973,10.0,41,53.71294200021805
geom_0010,1852,22.559153179339326,25.129608945429162,0.8956955285840308,0.32432027367682004,0.8977120666035124,0.52432027367682,0.021852324818239604,0.170082325314973,10.0,42,53.45590128216073
geom_0010,1853,22.559153179339326,25.129608945429162,0.8956955285840308,0.32432027367682004,0.8977120666035124,0.52432027367682,0.021852324818239604,0.170082325314973,10.0,43,53.503618730350226
geom_0010,1854,22.559153179339326,25.129608945429162,0.8956955285840308,0.32432027367682004,0.8977120666035124,0.52432027367682,0.021852324818239604,0.170082325314973,10.0,44,53.452632200809624
geom_0010,1855,22.559153179339326,25.129608945429162,0.8956955285840308,0.32432027367682004,0.8977120666035124,0.52432027367682,0.021852324818239604,0.170082325314973,10.0,45,53.545661394163055
geom_0010,1856,22.559153179339326,25.129608945429162,0.8956955285840308,0.32432027367682004,0.8977120666035124,0.52432027367682,0.021852324818239604,0.170082325314973,10.0,46,53.651632102656066
geom_0010,1857,22.559153179339326,25.129608945429162,0.8956955285840308,0.32432027367682004,0.8977120666035124,0.52432027367682,0.021852324818239604,0.170082325314973,10.0,47,53.317594319775274
geom_0010,1858,22.559153179339326,25.129608945429162,0.8956955285840308,0.32432027367682004,0.8977120666035124,0.52432027367682,0.021852324818239604,0.170082325314973,10.0,48,53.293161516246634
geom_0010,1859,22.559153179339326,25.129608945429162,0.8956955285840308,0.32432027367682004,0.8977120666035124,0.52432027367682,0.021852324818239604,0.170082325314973,10.0,49,53.41768410115751
geom_0010,1860,22.559153179339326,25.129608945429162,0.8956955285840308,0.32432027367682004,0.8977120666035124,0.52432027367682,0.021852324818239604,0.170082325314973,10.0,50,53.35241427314534
geom_0010,1861,22.559153179339326,25.129608945429162,0.8956955285840308,0.32432027367682004,0.8977120666035124,0.52432027367682,0.021852324818239604,0.170082325314973,10.0,51,53.43970362370606
geom_0010,1862,22.559153179339326,25.129608945429162,0.8956955285840308,0.32432027367682004,0.8977120666035124,0.52432027367682,0.021852324818239604,0.170082325314973,10.0,52,53.28413998679169
geom_0010,1863,22.559153179339326,25.129608945429162,0.8956955285840308,0.32432027367682004,0.8977120666035124,0.52432027367682,0.021852324818239604,0.170082325314973,10.0,53,53.16049428173553
geom_0010,1864,22.559153179339326,25.129608945429162,0.8956955285840308,0.32432027367682004,0.8977120666035124,0.52432027367682,0.021852324818239604,0.170082325314973,10.0,54,53.22618248470186
geom_0010,1865,22.559153179339326,25.129608945429162,0.8956955285840308,0.32432027367682004,0.8977120666035124,0.52432027367682,0.021852324818239604,0.170082325314973,10.0,55,53.248752736092925
geom_0010,1866,22.559153179339326,25.129608945429162,0.8956955285840308,0.32432027367682004,0.8977120666035124,0.52432027367682,0.021852324818239604,0.170082325314973,10.0,56,53.19082197755111
geom_0010,1867,22.559153179339326,25.129608945429162,0.8956955285840308,0.32432027367682004,0.8977120666035124,0.52432027367682,0.021852324818239604,0.170082325314973,10.0,57,53.130572078833026
geom_0010,1868,22.559153179339326,25.129608945429162,0.8956955285840308,0.32432027367682004,0.8977120666035124,0.52432027367682,0.021852324818239604,0.170082325314973,10.0,58,53.15781544553331
geom_0010,1869,22.559153179339326,25.129608945429162,0.8956955285840308,0.32432027367682004,0.8977120666035124,0.52432027367682,0.021852324818239604,0.170082325314973,10.0,59,53.13966532071511
geom_0010,1870,22.559153179339326,25.129608945429162,0.8956955285840308,0.32432027367682004,0.8977120666035124,0.52432027367682,0.021852324818239604,0.170082325314973,10.0,60,53.132875211117785
geom_0010,1871,22.559153179339326,25.129608945429162,0.8956955285840308,0.32432027367682004,0.8977120666035124,0.52432027367682,0.021852324818239604,0.170082325314973,10.0,61,53.0318400111331
geom_0010,1872,22.559153179339326,25.129608945429162,0.8956955285840308,0.32432027367682004,0.8977120666035124,0.52432027367682,0.021852324818239604,0.170082325314973,10.0,62,52.9230025269252
geom_0010,1873,22.559153179339326,25.129608945429162,0.8956955285840308,0.32432027367682004,0.8977120666035124,0.52432027367682,0.021852324818239604,0.170082325314973,10.0,63,52.92761504302651
geom_0010,1874,22.559153179339326,25.129608945429162,0.8956955285840308,0.32432027367682004,0.8977120666035124,0.52432027367682,0.021852324818239604,0.170082325314973,10.0,64,53.00735528070584
geom_0010,1875,22.559153179339326,25.129608945429162,0.8956955285840308,0.32432027367682004,0.8977120666035124,0.52432027367682,0.021852324818239604,0.170082325314973,10.0,65,52.77934909688992
geom_0010,1876,22.559153179339326,25.129608945429162,0.8956955285840308,0.32432027367682004,0.8977120666035124,0.52432027367682,0.021852324818239604,0.170082325314973,10.0,66,52.87287084107936
geom_0010,1877,22.559153179339326,25.129608945429162,0.8956955285840308,0.32432027367682004,0.8977120666035124,0.52432027367682,0.021852324818239604,0.170082325314973,10.0,67,52.7722967744288
geom_0010,1878,22.559153179339326,25.129608945429162,0.8956955285840308,0.32432027367682004,0.8977120666035124,0.52432027367682,0.021852324818239604,0.170082325314973,10.0,68,52.79084099536423
geom_0010,1879,22.559153179339326,25.129608945429162,0.8956955285840308,0.32432027367682004,0.8977120666035124,0.52432027367682,0.021852324818239604,0.170082325314973,10.0,69,52.8928973054842
geom_0010,1880,22.559153179339326,25.129608945429162,0.8956955285840308,0.32432027367682004,0.8977120666035124,0.52432027367682,0.021852324818239604,0.170082325314973,10.0,70,52.7620369881405
geom_0010,1881,22.559153179339326,25.129608945429162,0.8956955285840308,0.32432027367682004,0.8977120666035124,0.52432027367682,0.021852324818239604,0.170082325314973,10.0,71,52.72627318004932
geom_0010,1882,22.559153179339326,25.129608945429162,0.8956955285840308,0.32432027367682004,0.8977120666035124,0.52432027367682,0.021852324818239604,0.170082325314973,10.0,72,52.56521043137505
geom_0010,1883,22.559153179339326,25.129608945429162,0.8956955285840308,0.32432027367682004,0.8977120666035124,0.52432027367682,0.021852324818239604,0.170082325314973,10.0,73,52.756287014141385
geom_0010,1884,22.559153179339326,25.129608945429162,0.8956955285840308,0.32432027367682004,0.8977120666035124,0.52432027367682,0.021852324818239604,0.170082325314973,10.0,74,52.72760817020126
geom_0010,1885,22.559153179339326,25.129608945429162,0.8956955285840308,0.32432027367682004,0.8977120666035124,0.52432027367682,0.021852324818239604,0.170082325314973,10.0,75,52.86174752367718
geom_0010,1886,22.559153179339326,25.129608945429162,0.8956955285840308,0.32432027367682004,0.8977120666035124,0.52432027367682,0.021852324818239604,0.170082325314973,10.0,76,52.59800074421346
geom_0010,1887,22.559153179339326,25.129608945429162,0.8956955285840308,0.32432027367682004,0.8977120666035124,0.52432027367682,0.021852324818239604,0.170082325314973,10.0,77,52.63507259733327
geom_0010,1888,22.559153179339326,25.129608945429162,0.8956955285840308,0.32432027367682004,0.8977120666035124,0.52432027367682,0.021852324818239604,0.170082325314973,10.0,78,52.623523887819935
geom_0010,1889,22.559153179339326,25.129608945429162,0.8956955285840308,0.32432027367682004,0.8977120666035124,0.52432027367682,0.021852324818239604,0.170082325314973,10.0,79,52.74283241746665
geom_0010,1890,22.559153179339326,25.129608945429162,0.8956955285840308,0.32432027367682004,0.8977120666035124,0.52432027367682,0.021852324818239604,0.170082325314973,10.0,80,52.563155526052014
geom_0010,1891,22.559153179339326,25.129608945429162,0.8956955285840308,0.32432027367682004,0.8977120666035124,0.52432027367682,0.021852324818239604,0.170082325314973,10.0,81,52.589302563769735
geom_0010,1892,22.559153179339326,25.129608945429162,0.8956955285840308,0.32432027367682004,0.8977120666035124,0.52432027367682,0.021852324818239604,0.170082325314973,10.0,82,52.612041748992475
geom_0010,1893,22.559153179339326,25.129608945429162,0.8956955285840308,0.32432027367682004,0.8977120666035124,0.52432027367682,0.021852324818239604,0.170082325314973,10.0,83,52.56091813062944
geom_0010,1894,22.559153179339326,25.129608945429162,0.8956955285840308,0.32432027367682004,0.8977120666035124,0.52432027367682,0.021852324818239604,0.170082325314973,10.0,84,52.48978753262594
geom_0010,1895,22.559153179339326,25.129608945429162,0.8956955285840308,0.32432027367682004,0.8977120666035124,0.52432027367682,0.021852324818239604,0.170082325314973,10.0,85,52.54719527040017
geom_0010,1896,22.559153179339326,25.129608945429162,0.8956955285840308,0.32432027367682004,0.8977120666035124,0.52432027367682,0.021852324818239604,0.170082325314973,10.0,86,52.629697676838425
geom_0010,1897,22.559153179339326,25.129608945429162,0.8956955285840308,0.32432027367682004,0.8977120666035124,0.52432027367682,0.021852324818239604,0.170082325314973,10.0,87,52.415433200960784
geom_0010,1898,22.559153179339326,25.129608945429162,0.8956955285840308,0.32432027367682004,0.8977120666035124,0.52432027367682,0.021852324818239604,0.170082325314973,10.0,88,52.528341050508295
geom_0010,1899,22.559153179339326,25.129608945429162,0.8956955285840308,0.32432027367682004,0.8977120666035124,0.52432027367682,0.021852324818239604,0.170082325314973,10.0,89,52.44320557273538
geom_0010,1900,22.559153179339326,25.129608945429162,0.8956955285840308,0.32432027367682004,0.8977120666035124,0.52432027367682,0.021852324818239604,0.170082325314973,10.0,90,52.632113167337636
geom_0010,1901,22.559153179339326,25.129608945429162,0.8956955285840308,0.32432027367682004,0.8977120666035124,0.52432027367682,0.021852324818239604,0.170082325314973,10.0,91,52.36089896375092
geom_0010,1902,22.559153179339326,25.129608945429162,0.8956955285840308,0.32432027367682004,0.8977120666035124,0.52432027367682,0.021852324818239604,0.170082325314973,10.0,92,52.45915189836645
geom_0010,1903,22.559153179339326,25.129608945429162,0.8956955285840308,0.32432027367682004,0.8977120666035124,0.52432027367682,0.021852324818239604,0.170082325314973,10.0,93,52.55580591840834
geom_0010,1904,22.559153179339326,25.129608945429162,0.8956955285840308,0.32432027367682004,0.8977120666035124,0.52432027367682,0.021852324818239604,0.170082325314973,10.0,94,52.67888690477588
geom_0010,1905,22.559153179339326,25.129608945429162,0.8956955285840308,0.32432027367682004,0.8977120666035124,0.52432027367682,0.021852324818239604,0.170082325314973,10.0,95,52.52121124500304
geom_0010,1906,22.559153179339326,25.129608945429162,0.8956955285840308,0.32432027367682004,0.8977120666035124,0.52432027367682,0.021852324818239604,0.170082325314973,10.0,96,52.47891094141167
geom_0010,1907,22.559153179339326,25.129608945429162,0.8956955285840308,0.32432027367682004,0.8977120666035124,0.52432027367682,0.021852324818239604,0.170082325314973,10.0,97,52.73037292525787
geom_0010,1908,22.559153179339326,25.129608945429162,0.8956955285840308,0.32432027367682004,0.8977120666035124,0.52432027367682,0.021852324818239604,0.170082325314973,10.0,98,52.4064507079792
geom_0010,1909,22.559153179339326,25.129608945429162,0.8956955285840308,0.32432027367682004,0.8977120666035124,0.52432027367682,0.021852324818239604,0.170082325314973,10.0,99,52.341519815530695
geom_0010,1910,22.559153179339326,25.129608945429162,0.8956955285840308,0.32432027367682004,0.8977120666035124,0.52432027367682,0.021852324818239604,0.170082325314973,10.0,100,52.61668652429604
geom_0010,1911,22.559153179339326,25.129608945429162,0.8956955285840308,0.32432027367682004,0.8977120666035124,0.52432027367682,0.021852324818239604,0.170082325314973,10.0,101,52.53488166705504
geom_0010,1912,22.559153179339326,25.129608945429162,0.8956955285840308,0.32432027367682004,0.8977120666035124,0.52432027367682,0.021852324818239604,0.170082325314973,10.0,102,52.49646223773579
geom_0010,1913,22.559153179339326,25.129608945429162,0.8956955285840308,0.32432027367682004,0.8977120666035124,0.52432027367682,0.021852324818239604,0.170082325314973,10.0,103,52.68399320929681
geom_0010,1914,22.559153179339326,25.129608945429162,0.8956955285840308,0.32432027367682004,0.8977120666035124,0.52432027367682,0.021852324818239604,0.170082325314973,10.0,104,52.65315863908587
geom_0010,1915,22.559153179339326,25.129608945429162,0.8956955285840308,0.32432027367682004,0.8977120666035124,0.52432027367682,0.021852324818239604,0.170082325314973,10.0,105,52.58901418827296
geom_0010,1916,22.559153179339326,25.129608945429162,0.8956955285840308,0.32432027367682004,0.8977120666035124,0.52432027367682,0.021852324818239604,0.170082325314973,10.0,106,52.53502931222006
geom_0010,1917,22.559153179339326,25.129608945429162,0.8956955285840308,0.32432027367682004,0.8977120666035124,0.52432027367682,0.021852324818239604,0.170082325314973,10.0,107,52.76890739036668
geom_0010,1918,22.559153179339326,25.129608945429162,0.8956955285840308,0.32432027367682004,0.8977120666035124,0.52432027367682,0.021852324818239604,0.170082325314973,10.0,108,52.76621616326891
geom_0010,1919,22.559153179339326,25.129608945429162,0.8956955285840308,0.32432027367682004,0.8977120666035124,0.52432027367682,0.021852324818239604,0.170082325314973,10.0,109,52.711711938855764
geom_0010,1920,22.559153179339326,25.129608945429162,0.8956955285840308,0.32432027367682004,0.8977120666035124,0.52432027367682,0.021852324818239604,0.170082325314973,10.0,110,52.92759078094328
geom_0010,1921,22.559153179339326,25.129608945429162,0.8956955285840308,0.32432027367682004,0.8977120666035124,0.52432027367682,0.021852324818239604,0.170082325314973,10.0,111,52.658043642590854
geom_0010,1922,22.559153179339326,25.129608945429162,0.8956955285840308,0.32432027367682004,0.8977120666035124,0.52432027367682,0.021852324818239604,0.170082325314973,10.0,112,52.635413995978276
geom_0010,1923,22.559153179339326,25.129608945429162,0.8956955285840308,0.32432027367682004,0.8977120666035124,0.52432027367682,0.021852324818239604,0.170082325314973,10.0,113,52.74243984867341
geom_0010,1924,22.559153179339326,25.129608945429162,0.8956955285840308,0.32432027367682004,0.8977120666035124,0.52432027367682,0.021852324818239604,0.170082325314973,10.0,114,52.83144490855652
geom_0010,1925,22.559153179339326,25.129608945429162,0.8956955285840308,0.32432027367682004,0.8977120666035124,0.52432027367682,0.021852324818239604,0.170082325314973,10.0,115,52.885376608920915
geom_0010,1926,22.559153179339326,25.129608945429162,0.8956955285840308,0.32432027367682004,0.8977120666035124,0.52432027367682,0.021852324818239604,0.170082325314973,10.0,116,52.86258077826937
geom_0010,1927,22.559153179339326,25.129608945429162,0.8956955285840308,0.32432027367682004,0.8977120666035124,0.52432027367682,0.021852324818239604,0.170082325314973,10.0,117,52.94814921403461
geom_0010,1928,22.559153179339326,25.129608945429162,0.8956955285840308,0.32432027367682004,0.8977120666035124,0.52432027367682,0.021852324818239604,0.170082325314973,10.0,118,52.81456039253784
geom_0010,1929,22.559153179339326,25.129608945429162,0.8956955285840308,0.32432027367682004,0.8977120666035124,0.52432027367682,0.021852324818239604,0.170082325314973,10.0,119,53.111345482781466
geom_0010,1930,22.559153179339326,25.129608945429162,0.8956955285840308,0.32432027367682004,0.8977120666035124,0.52432027367682,0.021852324818239604,0.170082325314973,10.0,120,52.98644419417477
geom_0010,1931,22.559153179339326,25.129608945429162,0.8956955285840308,0.32432027367682004,0.8977120666035124,0.52432027367682,0.021852324818239604,0.170082325314973,10.0,121,53.13446534482936
geom_0010,1932,22.559153179339326,25.129608945429162,0.8956955285840308,0.32432027367682004,0.8977120666035124,0.52432027367682,0.021852324818239604,0.170082325314973,10.0,122,53.08542051121216
geom_0010,1933,22.559153179339326,25.129608945429162,0.8956955285840308,0.32432027367682004,0.8977120666035124,0.52432027367682,0.021852324818239604,0.170082325314973,10.0,123,53.125519997637674
geom_0010,1934,22.559153179339326,25.129608945429162,0.8956955285840308,0.32432027367682004,0.8977120666035124,0.52432027367682,0.021852324818239604,0.170082325314973,10.0,124,53.165750487454595
geom_0010,1935,22.559153179339326,25.129608945429162,0.8956955285840308,0.32432027367682004,0.8977120666035124,0.52432027367682,0.021852324818239604,0.170082325314973,10.0,125,53.182653234036366
geom_0010,1936,22.559153179339326,25.129608945429162,0.8956955285840308,0.32432027367682004,0.8977120666035124,0.52432027367682,0.021852324818239604,0.170082325314973,10.0,126,53.23138927761938
geom_0010,1937,22.559153179339326,25.129608945429162,0.8956955285840308,0.32432027367682004,0.8977120666035124,0.52432027367682,0.021852324818239604,0.170082325314973,10.0,127,53.329338743827485
geom_0010,1938,22.559153179339326,25.129608945429162,0.8956955285840308,0.32432027367682004,0.8977120666035124,0.52432027367682,0.021852324818239604,0.170082325314973,10.0,128,53.24539928522925
geom_0010,1939,22.559153179339326,25.129608945429162,0.8956955285840308,0.32432027367682004,0.8977120666035124,0.52432027367682,0.021852324818239604,0.170082325314973,10.0,129,53.32593326689131
geom_0010,1940,22.559153179339326,25.129608945429162,0.8956955285840308,0.32432027367682004,0.8977120666035124,0.52432027367682,0.021852324818239604,0.170082325314973,10.0,130,53.275251554753986
geom_0010,1941,22.559153179339326,25.129608945429162,0.8956955285840308,0.32432027367682004,0.8977120666035124,0.52432027367682,0.021852324818239604,0.170082325314973,10.0,131,53.45727973499555
geom_0010,1942,22.559153179339326,25.129608945429162,0.8956955285840308,0.32432027367682004,0.8977120666035124,0.52432027367682,0.021852324818239604,0.170082325314973,10.0,132,53.27446623029254
geom_0010,1943,22.559153179339326,25.129608945429162,0.8956955285840308,0.32432027367682004,0.8977120666035124,0.52432027367682,0.021852324818239604,0.170082325314973,10.0,133,53.55077524035839
geom_0010,1944,22.559153179339326,25.129608945429162,0.8956955285840308,0.32432027367682004,0.8977120666035124,0.52432027367682,0.021852324818239604,0.170082325314973,10.0,134,53.39492306500427
geom_0010,1945,22.559153179339326,25.129608945429162,0.8956955285840308,0.32432027367682004,0.8977120666035124,0.52432027367682,0.021852324818239604,0.170082325314973,10.0,135,53.28374455660644
geom_0010,1946,22.559153179339326,25.129608945429162,0.8956955285840308,0.32432027367682004,0.8977120666035124,0.52432027367682,0.021852324818239604,0.170082325314973,10.0,136,53.467084931907976
geom_0010,1947,22.559153179339326,25.129608945429162,0.8956955285840308,0.32432027367682004,0.8977120666035124,0.52432027367682,0.021852324818239604,0.170082325314973,10.0,137,53.41313476943885
geom_0010,1948,22.559153179339326,25.129608945429162,0.8956955285840308,0.32432027367682004,0.8977120666035124,0.52432027367682,0.021852324818239604,0.170082325314973,10.0,138,53.59172676696322
geom_0010,1949,22.559153179339326,25.129608945429162,0.8956955285840308,0.32432027367682004,0.8977120666035124,0.52432027367682,0.021852324818239604,0.170082325314973,10.0,139,53.46822381593603
geom_0010,1950,22.559153179339326,25.129608945429162,0.8956955285840308,0.32432027367682004,0.8977120666035124,0.52432027367682,0.021852324818239604,0.170082325314973,10.0,140,53.514037646997146
geom_0010,1951,22.559153179339326,25.129608945429162,0.8956955285840308,0.32432027367682004,0.8977120666035124,0.52432027367682,0.021852324818239604,0.170082325314973,10.0,141,53.394162749676916
geom_0010,1952,22.559153179339326,25.129608945429162,0.8956955285840308,0.32432027367682004,0.8977120666035124,0.52432027367682,0.021852324818239604,0.170082325314973,10.0,142,53.56158366657106
geom_0010,1953,22.559153179339326,25.129608945429162,0.8956955285840308,0.32432027367682004,0.8977120666035124,0.52432027367682,0.021852324818239604,0.170082325314973,10.0,143,53.387306651811855
geom_0010,1954,22.559153179339326,25.129608945429162,0.8956955285840308,0.32432027367682004,0.8977120666035124,0.52432027367682,0.021852324818239604,0.170082325314973,10.0,144,53.49331421824395
geom_0010,1955,22.559153179339326,25.129608945429162,0.8956955285840308,0.32432027367682004,0.8977120666035124,0.52432027367682,0.021852324818239604,0.170082325314973,10.0,145,53.74883305775018
geom_0010,1956,22.559153179339326,25.129608945429162,0.8956955285840308,0.32432027367682004,0.8977120666035124,0.52432027367682,0.021852324818239604,0.170082325314973,10.0,146,53.7714842173756
geom_0010,1957,22.559153179339326,25.129608945429162,0.8956955285840308,0.32432027367682004,0.8977120666035124,0.52432027367682,0.021852324818239604,0.170082325314973,10.0,147,53.754537295267404
geom_0010,1958,22.559153179339326,25.129608945429162,0.8956955285840308,0.32432027367682004,0.8977120666035124,0.52432027367682,0.021852324818239604,0.170082325314973,10.0,148,53.63330613878226
geom_0010,1959,22.559153179339326,25.129608945429162,0.8956955285840308,0.32432027367682004,0.8977120666035124,0.52432027367682,0.021852324818239604,0.170082325314973,10.0,149,53.7421208628299
geom_0010,1960,22.559153179339326,25.129608945429162,0.8956955285840308,0.32432027367682004,0.8977120666035124,0.52432027367682,0.021852324818239604,0.170082325314973,10.0,150,53.762248250536096
geom_0010,1961,22.559153179339326,25.129608945429162,0.8956955285840308,0.32432027367682004,0.8977120666035124,0.52432027367682,0.021852324818239604,0.170082325314973,10.0,151,53.66127017236838
geom_0010,1962,22.559153179339326,25.129608945429162,0.8956955285840308,0.32432027367682004,0.8977120666035124,0.52432027367682,0.021852324818239604,0.170082325314973,10.0,152,53.940680815399766
geom_0010,1963,22.559153179339326,25.129608945429162,0.8956955285840308,0.32432027367682004,0.8977120666035124,0.52432027367682,0.021852324818239604,0.170082325314973,10.0,153,53.890003611420525
geom_0010,1964,22.559153179339326,25.129608945429162,0.8956955285840308,0.32432027367682004,0.8977120666035124,0.52432027367682,0.021852324818239604,0.170082325314973,10.0,154,53.790746593628825
geom_0010,1965,22.559153179339326,25.129608945429162,0.8956955285840308,0.32432027367682004,0.8977120666035124,0.52432027367682,0.021852324818239604,0.170082325314973,10.0,155,53.82471502635582
geom_0010,1966,22.559153179339326,25.129608945429162,0.8956955285840308,0.32432027367682004,0.8977120666035124,0.52432027367682,0.021852324818239604,0.170082325314973,10.0,156,53.850615980929796
geom_0010,1967,22.559153179339326,25.129608945429162,0.8956955285840308,0.32432027367682004,0.8977120666035124,0.52432027367682,0.021852324818239604,0.170082325314973,10.0,157,53.63188483026977
geom_0010,1968,22.559153179339326,25.129608945429162,0.8956955285840308,0.32432027367682004,0.8977120666035124,0.52432027367682,0.021852324818239604,0.170082325314973,10.0,158,53.816113653532895
geom_0010,1969,22.559153179339326,25.129608945429162,0.8956955285840308,0.32432027367682004,0.8977120666035124,0.52432027367682,0.021852324818239604,0.170082325314973,10.0,159,53.77586321695207
geom_0010,1970,22.559153179339326,25.129608945429162,0.8956955285840308,0.32432027367682004,0.8977120666035124,0.52432027367682,0.021852324818239604,0.170082325314973,10.0,160,53.745553454785465
geom_0010,1971,22.559153179339326,25.129608945429162,0.8956955285840308,0.32432027367682004,0.8977120666035124,0.52432027367682,0.021852324818239604,0.170082325314973,10.0,161,53.81765091448095
geom_0010,1972,22.559153179339326,25.129608945429162,0.8956955285840308,0.32432027367682004,0.8977120666035124,0.52432027367682,0.021852324818239604,0.170082325314973,10.0,162,54.02393663744242
geom_0010,1973,22.559153179339326,25.129608945429162,0.8956955285840308,0.32432027367682004,0.8977120666035124,0.52432027367682,0.021852324818239604,0.170082325314973,10.0,163,53.90499255884989
geom_0010,1974,22.559153179339326,25.129608945429162,0.8956955285840308,0.32432027367682004,0.8977120666035124,0.52432027367682,0.021852324818239604,0.170082325314973,10.0,164,53.77883746133551
geom_0010,1975,22.559153179339326,25.129608945429162,0.8956955285840308,0.32432027367682004,0.8977120666035124,0.52432027367682,0.021852324818239604,0.170082325314973,10.0,165,53.886542978462465
geom_0010,1976,22.559153179339326,25.129608945429162,0.8956955285840308,0.32432027367682004,0.8977120666035124,0.52432027367682,0.021852324818239604,0.170082325314973,10.0,166,53.96080922859148
geom_0010,1977,22.559153179339326,25.129608945429162,0.8956955285840308,0.32432027367682004,0.8977120666035124,0.52432027367682,0.021852324818239604,0.170082325314973,10.0,167,53.903165050872914
geom_0010,1978,22.559153179339326,25.129608945429162,0.8956955285840308,0.32432027367682004,0.8977120666035124,0.52432027367682,0.021852324818239604,0.170082325314973,10.0,168,53.804713109536586
geom_0010,1979,22.559153179339326,25.129608945429162,0.8956955285840308,0.32432027367682004,0.8977120666035124,0.52432027367682,0.021852324818239604,0.170082325314973,10.0,169,53.72030859927787
geom_0010,1980,22.559153179339326,25.129608945429162,0.8956955285840308,0.32432027367682004,0.8977120666035124,0.52432027367682,0.021852324818239604,0.170082325314973,10.0,170,53.83926612231924
geom_0010,1981,22.559153179339326,25.129608945429162,0.8956955285840308,0.32432027367682004,0.8977120666035124,0.52432027367682,0.021852324818239604,0.170082325314973,10.0,171,53.791410747510525
geom_0010,1982,22.559153179339326,25.129608945429162,0.8956955285840308,0.32432027367682004,0.8977120666035124,0.52432027367682,0.021852324818239604,0.170082325314973,10.0,172,53.822366572275534
geom_0010,1983,22.559153179339326,25.129608945429162,0.8956955285840308,0.32432027367682004,0.8977120666035124,0.52432027367682,0.021852324818239604,0.170082325314973,10.0,173,53.775307960837644
geom_0010,1984,22.559153179339326,25.129608945429162,0.8956955285840308,0.32432027367682004,0.8977120666035124,0.52432027367682,0.021852324818239604,0.170082325314973,10.0,174,53.7938421036131
geom_0010,1985,22.559153179339326,25.129608945429162,0.8956955285840308,0.32432027367682004,0.8977120666035124,0.52432027367682,0.021852324818239604,0.170082325314973,10.0,175,53.61060809830273
geom_0010,1986,22.559153179339326,25.129608945429162,0.8956955285840308,0.32432027367682004,0.8977120666035124,0.52432027367682,0.021852324818239604,0.170082325314973,10.0,176,53.76926296160919
geom_0010,1987,22.559153179339326,25.129608945429162,0.8956955285840308,0.32432027367682004,0.8977120666035124,0.52432027367682,0.021852324818239604,0.170082325314973,10.0,177,53.62882322045269
geom_0010,1988,22.559153179339326,25.129608945429162,0.8956955285840308,0.32432027367682004,0.8977120666035124,0.52432027367682,0.021852324818239604,0.170082325314973,10.0,178,53.78627966050242
geom_0010,1989,22.559153179339326,25.129608945429162,0.8956955285840308,0.32432027367682004,0.8977120666035124,0.52432027367682,0.021852324818239604,0.170082325314973,10.0,179,53.47768077603941
geom_0010,1990,22.559153179339326,25.129608945429162,0.8956955285840308,0.32432027367682004,0.8977120666035124,0.52432027367682,0.021852324818239604,0.170082325314973,10.0,180,53.68620488476168
geom_0011,1991,22.559153179339326,25.129608945429162,0.8956955285840308,0.32432027367682004,0.8977120666035124,0.52432027367682,0.021852324818239604,0.170082325314973,10.0,0,53.50914001570648
geom_0011,1992,22.559153179339326,25.129608945429162,0.8956955285840308,0.32432027367682004,0.8977120666035124,0.52432027367682,0.021852324818239604,0.170082325314973,10.0,1,53.570021031102016
geom_0011,1993,22.559153179339326,25.129608945429162,0.8956955285840308,0.32432027367682004,0.8977120666035124,0.52432027367682,0.021852324818239604,0.170082325314973,10.0,2,53.7338036225213
geom_0011,1994,22.559153179339326,25.129608945429162,0.8956955285840308,0.32432027367682004,0.8977120666035124,0.52432027367682,0.021852324818239604,0.170082325314973,10.0,3,53.50922785590957
geom_0011,1995,22.559153179339326,25.129608945429162,0.8956955285840308,0.32432027367682004,0.8977120666035124,0.52432027367682,0.021852324818239604,0.170082325314973,10.0,4,53.73595579489342
geom_0011,1996,22.559153179339326,25.129608945429162,0.8956955285840308,0.32432027367682004,0.8977120666035124,0.52432027367682,0.021852324818239604,0.170082325314973,10.0,5,53.64273273503623
geom_0011,1997,22.559153179339326,25.129608945429162,0.8956955285840308,0.32432027367682004,0.8977120666035124,0.52432027367682,0.021852324818239604,0.170082325314973,10.0,6,53.683940461115924
geom_0011,1998,22.559153179339326,25.129608945429162,0.8956955285840308,0.32432027367682004,0.8977120666035124,0.52432027367682,0.021852324818239604,0.170082325314973,10.0,7,53.77927272988611
geom_0011,1999,22.559153179339326,25.129608945429162,0.8956955285840308,0.32432027367682004,0.8977120666035124,0.52432027367682,0.021852324818239604,0.170082325314973,10.0,8,53.620575048116535
geom_0011,2000,22.559153179339326,25.129608945429162,0.8956955285840308,0.32432027367682004,0.8977120666035124,0.52432027367682,0.021852324818239604,0.170082325314973,10.0,9,53.79030318358675
geom_0011,2001,22.559153179339326,25.129608945429162,0.8956955285840308,0.32432027367682004,0.8977120666035124,0.52432027367682,0.021852324818239604,0.170082325314973,10.0,10,53.78608901177918
geom_0011,2002,22.559153179339326,25.129608945429162,0.8956955285840308,0.32432027367682004,0.8977120666035124,0.52432027367682,0.021852324818239604,0.170082325314973,10.0,11,53.83424740344924
geom_0011,2003,22.559153179339326,25.129608945429162,0.8956955285840308,0.32432027367682004,0.8977120666035124,0.52432027367682,0.021852324818239604,0.170082325314973,10.0,12,53.82766693693535
geom_0011,2004,22.559153179339326,25.129608945429162,0.8956955285840308,0.32432027367682004,0.8977120666035124,0.52432027367682,0.021852324818239604,0.170082325314973,10.0,13,54.05623169657272
geom_0011,2005,22.559153179339326,25.129608945429162,0.8956955285840308,0.32432027367682004,0.8977120666035124,0.52432027367682,0.021852324818239604,0.170082325314973,10.0,14,53.75709968650774
geom_0011,2006,22.559153179339326,25.129608945429162,0.8956955285840308,0.32432027367682004,0.8977120666035124,0.52432027367682,0.021852324818239604,0.170082325314973,10.0,15,53.77618500482667
geom_0011,2007,22.559153179339326,25.129608945429162,0.8956955285840308,0.32432027367682004,0.8977120666035124,0.52432027367682,0.021852324818239604,0.170082325314973,10.0,16,53.77364130767131
geom_0011,2008,22.559153179339326,25.129608945429162,0.8956955285840308,0.32432027367682004,0.8977120666035124,0.52432027367682,0.021852324818239604,0.170082325314973,10.0,17,53.78536056080716
geom_0011,2009,22.559153179339326,25.129608945429162,0.8956955285840308,0.32432027367682004,0.8977120666035124,0.52432027367682,0.021852324818239604,0.170082325314973,10.0,18,53.780429272026815
geom_0011,2010,22.559153179339326,25.129608945429162,0.8956955285840308,0.32432027367682004,0.8977120666035124,0.52432027367682,0.021852324818239604,0.170082325314973,10.0,19,53.9646625968803
geom_0011,2011,22.559153179339326,25.129608945429162,0.8956955285840308,0.32432027367682004,0.8977120666035124,0.52432027367682,0.021852324818239604,0.170082325314973,10.0,20,53.987765880573946
geom_0011,2012,22.559153179339326,25.129608945429162,0.8956955285840308,0.32432027367682004,0.8977120666035124,0.52432027367682,0.021852324818239604,0.170082325314973,10.0,21,53.786987012376905
geom_0011,2013,22.559153179339326,25.129608945429162,0.8956955285840308,0.32432027367682004,0.8977120666035124,0.52432027367682,0.021852324818239604,0.170082325314973,10.0,22,53.75759583447453
geom_0011,2014,22.559153179339326,25.129608945429162,0.8956955285840308,0.32432027367682004,0.8977120666035124,0.52432027367682,0.021852324818239604,0.170082325314973,10.0,23,53.883199872750836
geom_0011,2015,22.559153179339326,25.129608945429162,0.8956955285840308,0.32432027367682004,0.8977120666035124,0.52432027367682,0.021852324818239604,0.170082325314973,10.0,24,53.77455539570694
geom_0011,2016,22.559153179339326,25.129608945429162,0.8956955285840308,0.32432027367682004,0.8977120666035124,0.52432027367682,0.021852324818239604,0.170082325314973,10.0,25,53.88531962423191
geom_0011,2017,22.559153179339326,25.129608945429162,0.8956955285840308,0.32432027367682004,0.8977120666035124,0.52432027367682,0.021852324818239604,0.170082325314973,10.0,26,53.833135313096925
geom_0011,2018,22.559153179339326,25.129608945429162,0.8956955285840308,0.32432027367682004,0.8977120666035124,0.52432027367682,0.021852324818239604,0.170082325314973,10.0,27,53.65069297086323
geom_0011,2019,22.559153179339326,25.129608945429162,0.8956955285840308,0.32432027367682004,0.8977120666035124,0.52432027367682,0.021852324818239604,0.170082325314973,10.0,28,53.94509150535606
geom_0011,2020,22.559153179339326,25.129608945429162,0.8956955285840308,0.32432027367682004,0.8977120666035124,0.52432027367682,0.021852324818239604,0.170082325314973,10.0,29,53.95669440859719
geom_0011,2021,22.559153179339326,25.129608945429162,0.8956955285840308,0.32432027367682004,0.8977120666035124,0.52432027367682,0.021852324818239604,0.170082325314973,10.0,30,53.70132963539672
geom_0011,2022,22.559153179339326,25.129608945429162,0.8956955285840308,0.32432027367682004,0.8977120666035124,0.52432027367682,0.021852324818239604,0.170082325314973,10.0,31,53.7081218424505
geom_0011,2023,22.559153179339326,25.129608945429162,0.8956955285840308,0.32432027367682004,0.8977120666035124,0.52432027367682,0.021852324818239604,0.170082325314973,10.0,32,53.758590292167675
geom_0011,2024,22.559153179339326,25.129608945429162,0.8956955285840308,0.32432027367682004,0.8977120666035124,0.52432027367682,0.021852324818239604,0.170082325314973,10.0,33,53.74543721808761
geom_0011,2025,22.559153179339326,25.129608945429162,0.8956955285840308,0.32432027367682004,0.8977120666035124,0.52432027367682,0.021852324818239604,0.170082325314973,10.0,34,53.7587586287778
geom_0011,2026,22.559153179339326,25.129608945429162,0.8956955285840308,0.32432027367682004,0.8977120666035124,0.52432027367682,0.021852324818239604,0.170082325314973,10.0,35,53.87381204601239
geom_0011,2027,22.559153179339326,25.129608945429162,0.8956955285840308,0.32432027367682004,0.8977120666035124,0.52432027367682,0.021852324818239604,0.170082325314973,10.0,36,53.63400977784312
geom_0011,2028,22.559153179339326,25.129608945429162,0.8956955285840308,0.32432027367682004,0.8977120666035124,0.52432027367682,0.021852324818239604,0.170082325314973,10.0,37,53.549864860020904
geom_0011,2029,22.559153179339326,25.129608945429162,0.8956955285840308,0.32432027367682004,0.8977120666035124,0.52432027367682,0.021852324818239604,0.170082325314973,10.0,38,53.46888237569452
geom_0011,2030,22.559153179339326,25.129608945429162,0.8956955285840308,0.32432027367682004,0.8977120666035124,0.52432027367682,0.021852324818239604,0.170082325314973,10.0,39,53.51002381877727
geom_0011,2031,22.559153179339326,25.129608945429162,0.8956955285840308,0.32432027367682004,0.8977120666035124,0.52432027367682,0.021852324818239604,0.170082325314973,10.0,40,53.55534329303125
geom_0011,2032,22.559153179339326,25.129608945429162,0.8956955285840308,0.32432027367682004,0.8977120666035124,0.52432027367682,0.021852324818239604,0.170082325314973,10.0,41,53.71294200021805
geom_0011,2033,22.559153179339326,25.129608945429162,0.8956955285840308,0.32432027367682004,0.8977120666035124,0.52432027367682,0.021852324818239604,0.170082325314973,10.0,42,53.45590128216073
geom_0011,2034,22.559153179339326,25.129608945429162,0.8956955285840308,0.32432027367682004,0.8977120666035124,0.52432027367682,0.021852324818239604,0.170082325314973,10.0,43,53.503618730350226
geom_0011,2035,22.559153179339326,25.129608945429162,0.8956955285840308,0.32432027367682004,0.8977120666035124,0.52432027367682,0.021852324818239604,0.170082325314973,10.0,44,53.452632200809624
geom_0011,2036,22.559153179339326,25.129608945429162,0.8956955285840308,0.32432027367682004,0.8977120666035124,0.52432027367682,0.021852324818239604,0.170082325314973,10.0,45,53.545661394163055
geom_0011,2037,22.559153179339326,25.129608945429162,0.8956955285840308,0.32432027367682004,0.8977120666035124,0.52432027367682,0.021852324818239604,0.170082325314973,10.0,46,53.651632102656066
geom_0011,2038,22.559153179339326,25.129608945429162,0.8956955285840308,0.32432027367682004,0.8977120666035124,0.52432027367682,0.021852324818239604,0.170082325314973,10.0,47,53.317594319775274
geom_0011,2039,22.559153179339326,25.129608945429162,0.8956955285840308,0.32432027367682004,0.8977120666035124,0.52432027367682,0.021852324818239604,0.170082325314973,10.0,48,53.293161516246634
geom_0011,2040,22.559153179339326,25.129608945429162,0.8956955285840308,0.32432027367682004,0.8977120666035124,0.52432027367682,0.021852324818239604,0.170082325314973,10.0,49,53.41768410115751
geom_0011,2041,22.559153179339326,25.129608945429162,0.8956955285840308,0.32432027367682004,0.8977120666035124,0.52432027367682,0.021852324818239604,0.170082325314973,10.0,50,53.35241427314534
geom_0011,2042,22.559153179339326,25.129608945429162,0.8956955285840308,0.32432027367682004,0.8977120666035124,0.52432027367682,0.021852324818239604,0.170082325314973,10.0,51,53.43970362370606
geom_0011,2043,22.559153179339326,25.129608945429162,0.8956955285840308,0.32432027367682004,0.8977120666035124,0.52432027367682,0.021852324818239604,0.170082325314973,10.0,52,53.28413998679169
geom_0011,2044,22.559153179339326,25.129608945429162,0.8956955285840308,0.32432027367682004,0.8977120666035124,0.52432027367682,0.021852324818239604,0.170082325314973,10.0,53,53.16049428173553
geom_0011,2045,22.559153179339326,25.129608945429162,0.8956955285840308,0.32432027367682004,0.8977120666035124,0.52432027367682,0.021852324818239604,0.170082325314973,10.0,54,53.22618248470186
geom_0011,2046,22.559153179339326,25.129608945429162,0.8956955285840308,0.32432027367682004,0.8977120666035124,0.52432027367682,0.021852324818239604,0.170082325314973,10.0,55,53.248752736092925
geom_0011,2047,22.559153179339326,25.129608945429162,0.8956955285840308,0.32432027367682004,0.8977120666035124,0.52432027367682,0.021852324818239604,0.170082325314973,10.0,56,53.19082197755111
geom_0011,2048,22.559153179339326,25.129608945429162,0.8956955285840308,0.32432027367682004,0.8977120666035124,0.52432027367682,0.021852324818239604,0.170082325314973,10.0,57,53.130572078833026
geom_0011,2049,22.559153179339326,25.129608945429162,0.8956955285840308,0.32432027367682004,0.8977120666035124,0.52432027367682,0.021852324818239604,0.170082325314973,10.0,58,53.15781544553331
geom_0011,2050,22.559153179339326,25.129608945429162,0.8956955285840308,0.32432027367682004,0.8977120666035124,0.52432027367682,0.021852324818239604,0.170082325314973,10.0,59,53.13966532071511
geom_0011,2051,22.559153179339326,25.129608945429162,0.8956955285840308,0.32432027367682004,0.8977120666035124,0.52432027367682,0.021852324818239604,0.170082325314973,10.0,60,53.132875211117785
geom_0011,2052,22.559153179339326,25.129608945429162,0.8956955285840308,0.32432027367682004,0.8977120666035124,0.52432027367682,0.021852324818239604,0.170082325314973,10.0,61,53.0318400111331
geom_0011,2053,22.559153179339326,25.129608945429162,0.8956955285840308,0.32432027367682004,0.8977120666035124,0.52432027367682,0.021852324818239604,0.170082325314973,10.0,62,52.9230025269252
geom_0011,2054,22.559153179339326,25.129608945429162,0.8956955285840308,0.32432027367682004,0.8977120666035124,0.52432027367682,0.021852324818239604,0.170082325314973,10.0,63,52.92761504302651
geom_0011,2055,22.559153179339326,25.129608945429162,0.8956955285840308,0.32432027367682004,0.8977120666035124,0.52432027367682,0.021852324818239604,0.170082325314973,10.0,64,53.00735528070584
geom_0011,2056,22.559153179339326,25.129608945429162,0.8956955285840308,0.32432027367682004,0.8977120666035124,0.52432027367682,0.021852324818239604,0.170082325314973,10.0,65,52.77934909688992
geom_0011,2057,22.559153179339326,25.129608945429162,0.8956955285840308,0.32432027367682004,0.8977120666035124,0.52432027367682,0.021852324818239604,0.170082325314973,10.0,66,52.87287084107936
geom_0011,2058,22.559153179339326,25.129608945429162,0.8956955285840308,0.32432027367682004,0.8977120666035124,0.52432027367682,0.021852324818239604,0.170082325314973,10.0,67,52.7722967744288
geom_0011,2059,22.559153179339326,25.129608945429162,0.8956955285840308,0.32432027367682004,0.8977120666035124,0.52432027367682,0.021852324818239604,0.170082325314973,10.0,68,52.79084099536423
geom_0011,2060,22.559153179339326,25.129608945429162,0.8956955285840308,0.32432027367682004,0.8977120666035124,0.52432027367682,0.021852324818239604,0.170082325314973,10.0,69,52.8928973054842
geom_0011,2061,22.559153179339326,25.129608945429162,0.8956955285840308,0.32432027367682004,0.8977120666035124,0.52432027367682,0.021852324818239604,0.170082325314973,10.0,70,52.7620369881405
geom_0011,2062,22.559153179339326,25.129608945429162,0.8956955285840308,0.32432027367682004,0.8977120666035124,0.52432027367682,0.021852324818239604,0.170082325314973,10.0,71,52.72627318004932
geom_0011,2063,22.559153179339326,25.129608945429162,0.8956955285840308,0.32432027367682004,0.8977120666035124,0.52432027367682,0.021852324818239604,0.170082325314973,10.0,72,52.56521043137505
geom_0011,2064,22.559153179339326,25.129608945429162,0.8956955285840308,0.32432027367682004,0.8977120666035124,0.52432027367682,0.021852324818239604,0.170082325314973,10.0,73,52.756287014141385
geom_0011,2065,22.559153179339326,25.129608945429162,0.8956955285840308,0.32432027367682004,0.8977120666035124,0.52432027367682,0.021852324818239604,0.170082325314973,10.0,74,52.72760817020126
geom_0011,2066,22.559153179339326,25.129608945429162,0.8956955285840308,0.32432027367682004,0.8977120666035124,0.52432027367682,0.021852324818239604,0.170082325314973,10.0,75,52.86174752367718
geom_0011,2067,22.559153179339326,25.129608945429162,0.8956955285840308,0.32432027367682004,0.8977120666035124,0.52432027367682,0.021852324818239604,0.170082325314973,10.0,76,52.59800074421346
geom_0011,2068,22.559153179339326,25.129608945429162,0.8956955285840308,0.32432027367682004,0.8977120666035124,0.52432027367682,0.021852324818239604,0.170082325314973,10.0,77,52.63507259733327
geom_0011,2069,22.559153179339326,25.129608945429162,0.8956955285840308,0.32432027367682004,0.8977120666035124,0.52432027367682,0.021852324818239604,0.170082325314973,10.0,78,52.623523887819935
geom_0011,2070,22.559153179339326,25.129608945429162,0.8956955285840308,0.32432027367682004,0.8977120666035124,0.52432027367682,0.021852324818239604,0.170082325314973,10.0,79,52.74283241746665
geom_0011,2071,22.559153179339326,25.129608945429162,0.8956955285840308,0.32432027367682004,0.8977120666035124,0.52432027367682,0.021852324818239604,0.170082325314973,10.0,80,52.563155526052014
geom_0011,2072,22.559153179339326,25.129608945429162,0.8956955285840308,0.32432027367682004,0.8977120666035124,0.52432027367682,0.021852324818239604,0.170082325314973,10.0,81,52.589302563769735
geom_0011,2073,22.559153179339326,25.129608945429162,0.8956955285840308,0.32432027367682004,0.8977120666035124,0.52432027367682,0.021852324818239604,0.170082325314973,10.0,82,52.612041748992475
geom_0011,2074,22.559153179339326,25.129608945429162,0.8956955285840308,0.32432027367682004,0.8977120666035124,0.52432027367682,0.021852324818239604,0.170082325314973,10.0,83,52.56091813062944
geom_0011,2075,22.559153179339326,25.129608945429162,0.8956955285840308,0.32432027367682004,0.8977120666035124,0.52432027367682,0.021852324818239604,0.170082325314973,10.0,84,52.48978753262594
geom_0011,2076,22.559153179339326,25.129608945429162,0.8956955285840308,0.32432027367682004,0.8977120666035124,0.52432027367682,0.021852324818239604,0.170082325314973,10.0,85,52.54719527040017
geom_0011,2077,22.559153179339326,25.129608945429162,0.8956955285840308,0.32432027367682004,0.8977120666035124,0.52432027367682,0.021852324818239604,0.170082325314973,10.0,86,52.629697676838425
geom_0011,2078,22.559153179339326,25.129608945429162,0.8956955285840308,0.32432027367682004,0.8977120666035124,0.52432027367682,0.021852324818239604,0.170082325314973,10.0,87,52.415433200960784
geom_0011,2079,22.559153179339326,25.129608945429162,0.8956955285840308,0.32432027367682004,0.8977120666035124,0.52432027367682,0.021852324818239604,0.170082325314973,10.0,88,52.528341050508295
geom_0011,2080,22.559153179339326,25.129608945429162,0.8956955285840308,0.32432027367682004,0.8977120666035124,0.52432027367682,0.021852324818239604,0.170082325314973,10.0,89,52.44320557273538
geom_0011,2081,22.559153179339326,25.129608945429162,0.8956955285840308,0.32432027367682004,0.8977120666035124,0.52432027367682,0.021852324818239604,0.170082325314973,10.0,90,52.632113167337636
geom_0011,2082,22.559153179339326,25.129608945429162,0.8956955285840308,0.32432027367682004,0.8977120666035124,0.52432027367682,0.021852324818239604,0.170082325314973,10.0,91,52.36089896375092
geom_0011,2083,22.559153179339326,25.129608945429162,0.8956955285840308,0.32432027367682004,0.8977120666035124,0.52432027367682,0.021852324818239604,0.170082325314973,10.0,92,52.45915189836645
geom_0011,2084,22.559153179339326,25.129608945429162,0.8956955285840308,0.32432027367682004,0.8977120666035124,0.52432027367682,0.021852324818239604,0.170082325314973,10.0,93,52.55580591840834
geom_0011,2085,22.559153179339326,25.129608945429162,0.8956955285840308,0.32432027367682004,0.8977120666035124,0.52432027367682,0.021852324818239604,0.170082325314973,10.0,94,52.67888690477588
geom_0011,2086,22.559153179339326,25.129608945429162,0.8956955285840308,0.32432027367682004,0.8977120666035124,0.52432027367682,0.021852324818239604,0.170082325314973,10.0,95,52.52121124500304
geom_0011,2087,22.559153179339326,25.129608945429162,0.8956955285840308,0.32432027367682004,0.8977120666035124,0.52432027367682,0.021852324818239604,0.170082325314973,10.0,96,52.47891094141167
geom_0011,2088,22.559153179339326,25.129608945429162,0.8956955285840308,0.32432027367682004,0.8977120666035124,0.52432027367682,0.021852324818239604,0.170082325314973,10.0,97,52.73037292525787
geom_0011,2089,22.559153179339326,25.129608945429162,0.8956955285840308,0.32432027367682004,0.8977120666035124,0.52432027367682,0.021852324818239604,0.170082325314973,10.0,98,52.4064507079792
geom_0011,2090,22.559153179339326,25.129608945429162,0.8956955285840308,0.32432027367682004,0.8977120666035124,0.52432027367682,0.021852324818239604,0.170082325314973,10.0,99,52.341519815530695
geom_0011,2091,22.559153179339326,25.129608945429162,0.8956955285840308,0.32432027367682004,0.8977120666035124,0.52432027367682,0.021852324818239604,0.170082325314973,10.0,100,52.61668652429604
geom_0011,2092,22.559153179339326,25.129608945429162,0.8956955285840308,0.32432027367682004,0.8977120666035124,0.52432027367682,0.021852324818239604,0.170082325314973,10.0,101,52.53488166705504
geom_0011,2093,22.559153179339326,25.129608945429162,0.8956955285840308,0.32432027367682004,0.8977120666035124,0.52432027367682,0.021852324818239604,0.170082325314973,10.0,102,52.49646223773579
geom_0011,2094,22.559153179339326,25.129608945429162,0.8956955285840308,0.32432027367682004,0.8977120666035124,0.52432027367682,0.021852324818239604,0.170082325314973,10.0,103,52.68399320929681
geom_0011,2095,22.559153179339326,25.129608945429162,0.8956955285840308,0.32432027367682004,0.8977120666035124,0.52432027367682,0.021852324818239604,0.170082325314973,10.0,104,52.65315863908587
geom_0011,2096,22.559153179339326,25.129608945429162,0.8956955285840308,0.32432027367682004,0.8977120666035124,0.52432027367682,0.021852324818239604,0.170082325314973,10.0,105,52.58901418827296
geom_0011,2097,22.559153179339326,25.129608945429162,0.8956955285840308,0.32432027367682004,0.8977120666035124,0.52432027367682,0.021852324818239604,0.170082325314973,10.0,106,52.53502931222006
geom_0011,2098,22.559153179339326,25.129608945429162,0.8956955285840308,0.32432027367682004,0.8977120666035124,0.52432027367682,0.021852324818239604,0.170082325314973,10.0,107,52.76890739036668
geom_0011,2099,22.559153179339326,25.129608945429162,0.8956955285840308,0.32432027367682004,0.8977120666035124,0.52432027367682,0.021852324818239604,0.170082325314973,10.0,108,52.76621616326891
geom_0011,2100,22.559153179339326,25.129608945429162,0.8956955285840308,0.32432027367682004,0.8977120666035124,0.52432027367682,0.021852324818239604,0.170082325314973,10.0,109,52.711711938855764
geom_0011,2101,22.559153179339326,25.129608945429162,0.8956955285840308,0.32432027367682004,0.8977120666035124,0.52432027367682,0.021852324818239604,0.170082325314973,10.0,110,52.92759078094328
geom_0011,2102,22.559153179339326,25.129608945429162,0.8956955285840308,0.32432027367682004,0.8977120666035124,0.52432027367682,0.021852324818239604,0.170082325314973,10.0,111,52.658043642590854
geom_0011,2103,22.559153179339326,25.129608945429162,0.8956955285840308,0.32432027367682004,0.8977120666035124,0.52432027367682,0.021852324818239604,0.170082325314973,10.0,112,52.635413995978276
geom_0011,2104,22.559153179339326,25.129608945429162,0.8956955285840308,0.32432027367682004,0.8977120666035124,0.52432027367682,0.021852324818239604,0.170082325314973,10.0,113,52.74243984867341
geom_0011,2105,22.559153179339326,25.129608945429162,0.8956955285840308,0.32432027367682004,0.8977120666035124,0.52432027367682,0.021852324818239604,0.170082325314973,10.0,114,52.83144490855652
geom_0011,2106,22.559153179339326,25.129608945429162,0.8956955285840308,0.32432027367682004,0.8977120666035124,0.52432027367682,0.021852324818239604,0.170082325314973,10.0,115,52.885376608920915
geom_0011,2107,22.559153179339326,25.129608945429162,0.8956955285840308,0.32432027367682004,0.8977120666035124,0.52432027367682,0.021852324818239604,0.170082325314973,10.0,116,52.86258077826937
geom_0011,2108,22.559153179339326,25.129608945429162,0.8956955285840308,0.32432027367682004,0.8977120666035124,0.52432027367682,0.021852324818239604,0.170082325314973,10.0,117,52.94814921403461
geom_0011,2109,22.559153179339326,25.129608945429162,0.8956955285840308,0.32432027367682004,0.8977120666035124,0.52432027367682,0.021852324818239604,0.170082325314973,10.0,118,52.81456039253784
geom_0011,2110,22.559153179339326,25.129608945429162,0.8956955285840308,0.32432027367682004,0.8977120666035124,0.52432027367682,0.021852324818239604,0.170082325314973,10.0,119,53.111345482781466
geom_0011,2111,22.559153179339326,25.129608945429162,0.8956955285840308,0.32432027367682004,0.8977120666035124,0.52432027367682,0.021852324818239604,0.170082325314973,10.0,120,52.98644419417477
geom_0011,2112,22.559153179339326,25.129608945429162,0.8956955285840308,0.32432027367682004,0.8977120666035124,0.52432027367682,0.021852324818239604,0.170082325314973,10.0,121,53.13446534482936
geom_0011,2113,22.559153179339326,25.129608945429162,0.8956955285840308,0.32432027367682004,0.8977120666035124,0.52432027367682,0.021852324818239604,0.170082325314973,10.0,122,53.08542051121216
geom_0011,2114,22.559153179339326,25.129608945429162,0.8956955285840308,0.32432027367682004,0.8977120666035124,0.52432027367682,0.021852324818239604,0.170082325314973,10.0,123,53.125519997637674
geom_0011,2115,22.559153179339326,25.129608945429162,0.8956955285840308,0.32432027367682004,0.8977120666035124,0.52432027367682,0.021852324818239604,0.170082325314973,10.0,124,53.165750487454595
geom_0011,2116,22.559153179339326,25.129608945429162,0.8956955285840308,0.32432027367682004,0.8977120666035124,0.52432027367682,0.021852324818239604,0.170082325314973,10.0,125,53.182653234036366
geom_0011,2117,22.559153179339326,25.129608945429162,0.8956955285840308,0.32432027367682004,0.8977120666035124,0.52432027367682,0.021852324818239604,0.170082325314973,10.0,126,53.23138927761938
geom_0011,2118,22.559153179339326,25.129608945429162,0.8956955285840308,0.32432027367682004,0.8977120666035124,0.52432027367682,0.021852324818239604,0.170082325314973,10.0,127,53.329338743827485
geom_0011,2119,22.559153179339326,25.129608945429162,0.8956955285840308,0.32432027367682004,0.8977120666035124,0.52432027367682,0.021852324818239604,0.170082325314973,10.0,128,53.24539928522925
geom_0011,2120,22.559153179339326,25.129608945429162,0.8956955285840308,0.32432027367682004,0.8977120666035124,0.52432027367682,0.021852324818239604,0.170082325314973,10.0,129,53.32593326689131
geom_0011,2121,22.559153179339326,25.129608945429162,0.8956955285840308,0.32432027367682004,0.8977120666035124,0.52432027367682,0.021852324818239604,0.170082325314973,10.0,130,53.275251554753986
geom_0011,2122,22.559153179339326,25.129608945429162,0.8956955285840308,0.32432027367682004,0.8977120666035124,0.52432027367682,0.021852324818239604,0.170082325314973,10.0,131,53.45727973499555
geom_0011,2123,22.559153179339326,25.129608945429162,0.8956955285840308,0.32432027367682004,0.8977120666035124,0.52432027367682,0.021852324818239604,0.170082325314973,10.0,132,53.27446623029254
geom_0011,2124,22.559153179339326,25.129608945429162,0.8956955285840308,0.32432027367682004,0.8977120666035124,0.52432027367682,0.021852324818239604,0.170082325314973,10.0,133,53.55077524035839
geom_0011,2125,22.559153179339326,25.129608945429162,0.8956955285840308,0.32432027367682004,0.8977120666035124,0.52432027367682,0.021852324818239604,0.170082325314973,10.0,134,53.39492306500427
geom_0011,2126,22.559153179339326,25.129608945429162,0.8956955285840308,0.32432027367682004,0.8977120666035124,0.52432027367682,0.021852324818239604,0.170082325314973,10.0,135,53.28374455660644
geom_0011,2127,22.559153179339326,25.129608945429162,0.8956955285840308,0.32432027367682004,0.8977120666035124,0.52432027367682,0.021852324818239604,0.170082325314973,10.0,136,53.467084931907976
geom_0011,2128,22.559153179339326,25.129608945429162,0.8956955285840308,0.32432027367682004,0.8977120666035124,0.52432027367682,0.021852324818239604,0.170082325314973,10.0,137,53.41313476943885
geom_0011,2129,22.559153179339326,25.129608945429162,0.8956955285840308,0.32432027367682004,0.8977120666035124,0.52432027367682,0.021852324818239604,0.170082325314973,10.0,138,53.59172676696322
geom_0011,2130,22.559153179339326,25.129608945429162,0.8956955285840308,0.32432027367682004,0.8977120666035124,0.52432027367682,0.021852324818239604,0.170082325314973,10.0,139,53.46822381593603
geom_0011,2131,22.559153179339326,25.129608945429162,0.8956955285840308,0.32432027367682004,0.8977120666035124,0.52432027367682,0.021852324818239604,0.170082325314973,10.0,140,53.514037646997146
geom_0011,2132,22.559153179339326,25.129608945429162,0.8956955285840308,0.32432027367682004,0.8977120666035124,0.52432027367682,0.021852324818239604,0.170082325314973,10.0,141,53.394162749676916
geom_0011,2133,22.559153179339326,25.129608945429162,0.8956955285840308,0.32432027367682004,0.8977120666035124,0.52432027367682,0.021852324818239604,0.170082325314973,10.0,142,53.56158366657106
geom_0011,2134,22.559153179339326,25.129608945429162,0.8956955285840308,0.32432027367682004,0.8977120666035124,0.52432027367682,0.021852324818239604,0.170082325314973,10.0,143,53.387306651811855
geom_0011,2135,22.559153179339326,25.129608945429162,0.8956955285840308,0.32432027367682004,0.8977120666035124,0.52432027367682,0.021852324818239604,0.170082325314973,10.0,144,53.49331421824395
geom_0011,2136,22.559153179339326,25.129608945429162,0.8956955285840308,0.32432027367682004,0.8977120666035124,0.52432027367682,0.021852324818239604,0.170082325314973,10.0,145,53.74883305775018
geom_0011,2137,22.559153179339326,25.129608945429162,0.8956955285840308,0.32432027367682004,0.8977120666035124,0.52432027367682,0.021852324818239604,0.170082325314973,10.0,146,53.7714842173756
geom_0011,2138,22.559153179339326,25.129608945429162,0.8956955285840308,0.32432027367682004,0.8977120666035124,0.52432027367682,0.021852324818239604,0.170082325314973,10.0,147,53.754537295267404
geom_0011,2139,22.559153179339326,25.129608945429162,0.8956955285840308,0.32432027367682004,0.8977120666035124,0.52432027367682,0.021852324818239604,0.170082325314973,10.0,148,53.63330613878226
geom_0011,2140,22.559153179339326,25.129608945429162,0.8956955285840308,0.32432027367682004,0.8977120666035124,0.52432027367682,0.021852324818239604,0.170082325314973,10.0,149,53.7421208628299
geom_0011,2141,22.559153179339326,25.129608945429162,0.8956955285840308,0.32432027367682004,0.8977120666035124,0.52432027367682,0.021852324818239604,0.170082325314973,10.0,150,53.762248250536096
geom_0011,2142,22.559153179339326,25.129608945429162,0.8956955285840308,0.32432027367682004,0.8977120666035124,0.52432027367682,0.021852324818239604,0.170082325314973,10.0,151,53.66127017236838
geom_0011,2143,22.559153179339326,25.129608945429162,0.8956955285840308,0.32432027367682004,0.8977120666035124,0.52432027367682,0.021852324818239604,0.170082325314973,10.0,152,53.940680815399766
geom_0011,2144,22.559153179339326,25.129608945429162,0.8956955285840308,0.32432027367682004,0.8977120666035124,0.52432027367682,0.021852324818239604,0.170082325314973,10.0,153,53.890003611420525
geom_0011,2145,22.559153179339326,25.129608945429162,0.8956955285840308,0.32432027367682004,0.8977120666035124,0.52432027367682,0.021852324818239604,0.170082325314973,10.0,154,53.790746593628825
geom_0011,2146,22.559153179339326,25.129608945429162,0.8956955285840308,0.32432027367682004,0.8977120666035124,0.52432027367682,0.021852324818239604,0.170082325314973,10.0,155,53.82471502635582
geom_0011,2147,22.559153179339326,25.129608945429162,0.8956955285840308,0.32432027367682004,0.8977120666035124,0.52432027367682,0.021852324818239604,0.170082325314973,10.0,156,53.850615980929796
geom_0011,2148,22.559153179339326,25.129608945429162,0.8956955285840308,0.32432027367682004,0.8977120666035124,0.52432027367682,0.021852324818239604,0.170082325314973,10.0,157,53.63188483026977
geom_0011,2149,22.559153179339326,25.129608945429162,0.8956955285840308,0.32432027367682004,0.8977120666035124,0.52432027367682,0.021852324818239604,0.170082325314973,10.0,158,53.816113653532895
geom_0011,2150,22.559153179339326,25.129608945429162,0.8956955285840308,0.32432027367682004,0.8977120666035124,0.52432027367682,0.021852324818239604,0.170082325314973,10.0,159,53.77586321695207
geom_0011,2151,22.559153179339326,25.129608945429162,0.8956955285840308,0.32432027367682004,0.8977120666035124,0.52432027367682,0.021852324818239604,0.170082325314973,10.0,160,53.745553454785465
geom_0011,2152,22.559153179339326,25.129608945429162,0.8956955285840308,0.32432027367682004,0.8977120666035124,0.52432027367682,0.021852324818239604,0.170082325314973,10.0,161,53.81765091448095
geom_0011,2153,22.559153179339326,25.129608945429162,0.8956955285840308,0.32432027367682004,0.8977120666035124,0.52432027367682,0.021852324818239604,0.170082325314973,10.0,162,54.02393663744242
geom_0011,2154,22.559153179339326,25.129608945429162,0.8956955285840308,0.32432027367682004,0.8977120666035124,0.52432027367682,0.021852324818239604,0.170082325314973,10.0,163,53.90499255884989
geom_0011,2155,22.559153179339326,25.129608945429162,0.8956955285840308,0.32432027367682004,0.8977120666035124,0.52432027367682,0.021852324818239604,0.170082325314973,10.0,164,53.77883746133551
geom_0011,2156,22.559153179339326,25.129608945429162,0.8956955285840308,0.32432027367682004,0.8977120666035124,0.52432027367682,0.021852324818239604,0.170082325314973,10.0,165,53.886542978462465
geom_0011,2157,22.559153179339326,25.129608945429162,0.8956955285840308,0.32432027367682004,0.8977120666035124,0.52432027367682,0.021852324818239604,0.170082325314973,10.0,166,53.96080922859148
geom_0011,2158,22.559153179339326,25.129608945429162,0.8956955285840308,0.32432027367682004,0.8977120666035124,0.52432027367682,0.021852324818239604,0.170082325314973,10.0,167,53.903165050872914
geom_0011,2159,22.559153179339326,25.129608945429162,0.8956955285840308,0.32432027367682004,0.8977120666035124,0.52432027367682,0.021852324818239604,0.170082325314973,10.0,168,53.804713109536586
geom_0011,2160,22.559153179339326,25.129608945429162,0.8956955285840308,0.32432027367682004,0.8977120666035124,0.52432027367682,0.021852324818239604,0.170082325314973,10.0,169,53.72030859927787
geom_0011,2161,22.559153179339326,25.129608945429162,0.8956955285840308,0.32432027367682004,0.8977120666035124,0.52432027367682,0.021852324818239604,0.170082325314973,10.0,170,53.83926612231924
geom_0011,2162,22.559153179339326,25.129608945429162,0.8956955285840308,0.32432027367682004,0.8977120666035124,0.52432027367682,0.021852324818239604,0.170082325314973,10.0,171,53.791410747510525
geom_0011,2163,22.559153179339326,25.129608945429162,0.8956955285840308,0.32432027367682004,0.8977120666035124,0.52432027367682,0.021852324818239604,0.170082325314973,10.0,172,53.822366572275534
geom_0011,2164,22.559153179339326,25.129608945429162,0.8956955285840308,0.32432027367682004,0.8977120666035124,0.52432027367682,0.021852324818239604,0.170082325314973,10.0,173,53.775307960837644
geom_0011,2165,22.559153179339326,25.129608945429162,0.8956955285840308,0.32432027367682004,0.8977120666035124,0.52432027367682,0.021852324818239604,0.170082325314973,10.0,174,53.7938421036131
geom_0011,2166,22.559153179339326,25.129608945429162,0.8956955285840308,0.32432027367682004,0.8977120666035124,0.52432027367682,0.021852324818239604,0.170082325314973,10.0,175,53.61060809830273
geom_0011,2167,22.559153179339326,25.129608945429162,0.8956955285840308,0.32432027367682004,0.8977120666035124,0.52432027367682,0.021852324818239604,0.170082325314973,10.0,176,53.76926296160919
geom_0011,2168,22.559153179339326,25.129608945429162,0.8956955285840308,0.32432027367682004,0.8977120666035124,0.52432027367682,0.021852324818239604,0.170082325314973,10.0,177,53.62882322045269
geom_0011,2169,22.559153179339326,25.129608945429162,0.8956955285840308,0.32432027367682004,0.8977120666035124,0.52432027367682,0.021852324818239604,0.170082325314973,10.0,178,53.78627966050242
geom_0011,2170,22.559153179339326,25.129608945429162,0.8956955285840308,0.32432027367682004,0.8977120666035124,0.52432027367682,0.021852324818239604,0.170082325314973,10.0,179,53.47768077603941
geom_0011,2171,22.559153179339326,25.129608945429162,0.8956955285840308,0.32432027367682004,0.8977120666035124,0.52432027367682,0.021852324818239604,0.170082325314973,10.0,180,53.68620488476168
geom_0012,2172,22.559153179339326,25.129608945429162,0.8956955285840308,0.32432027367682004,0.8977120666035124,0.52432027367682,0.021852324818239604,0.170082325314973,10.0,0,53.50914001570648
geom_0012,2173,22.559153179339326,25.129608945429162,0.8956955285840308,0.32432027367682004,0.8977120666035124,0.52432027367682,0.021852324818239604,0.170082325314973,10.0,1,53.570021031102016
geom_0012,2174,22.559153179339326,25.129608945429162,0.8956955285840308,0.32432027367682004,0.8977120666035124,0.52432027367682,0.021852324818239604,0.170082325314973,10.0,2,53.7338036225213
geom_0012,2175,22.559153179339326,25.129608945429162,0.8956955285840308,0.32432027367682004,0.8977120666035124,0.52432027367682,0.021852324818239604,0.170082325314973,10.0,3,53.50922785590957
geom_0012,2176,22.559153179339326,25.129608945429162,0.8956955285840308,0.32432027367682004,0.8977120666035124,0.52432027367682,0.021852324818239604,0.170082325314973,10.0,4,53.73595579489342
geom_0012,2177,22.559153179339326,25.129608945429162,0.8956955285840308,0.32432027367682004,0.8977120666035124,0.52432027367682,0.021852324818239604,0.170082325314973,10.0,5,53.64273273503623
geom_0012,2178,22.559153179339326,25.129608945429162,0.8956955285840308,0.32432027367682004,0.8977120666035124,0.52432027367682,0.021852324818239604,0.170082325314973,10.0,6,53.683940461115924
geom_0012,2179,22.559153179339326,25.129608945429162,0.8956955285840308,0.32432027367682004,0.8977120666035124,0.52432027367682,0.021852324818239604,0.170082325314973,10.0,7,53.77927272988611
geom_0012,2180,22.559153179339326,25.129608945429162,0.8956955285840308,0.32432027367682004,0.8977120666035124,0.52432027367682,0.021852324818239604,0.170082325314973,10.0,8,53.620575048116535
geom_0012,2181,22.559153179339326,25.129608945429162,0.8956955285840308,0.32432027367682004,0.8977120666035124,0.52432027367682,0.021852324818239604,0.170082325314973,10.0,9,53.79030318358675
geom_0012,2182,22.559153179339326,25.129608945429162,0.8956955285840308,0.32432027367682004,0.8977120666035124,0.52432027367682,0.021852324818239604,0.170082325314973,10.0,10,53.78608901177918
geom_0012,2183,22.559153179339326,25.129608945429162,0.8956955285840308,0.32432027367682004,0.8977120666035124,0.52432027367682,0.021852324818239604,0.170082325314973,10.0,11,53.83424740344924
geom_0012,2184,22.559153179339326,25.129608945429162,0.8956955285840308,0.32432027367682004,0.8977120666035124,0.52432027367682,0.021852324818239604,0.170082325314973,10.0,12,53.82766693693535
geom_0012,2185,22.559153179339326,25.129608945429162,0.8956955285840308,0.32432027367682004,0.8977120666035124,0.52432027367682,0.021852324818239604,0.170082325314973,10.0,13,54.05623169657272
geom_0012,2186,22.559153179339326,25.129608945429162,0.8956955285840308,0.32432027367682004,0.8977120666035124,0.52432027367682,0.021852324818239604,0.170082325314973,10.0,14,53.75709968650774
geom_0012,2187,22.559153179339326,25.129608945429162,0.8956955285840308,0.32432027367682004,0.8977120666035124,0.52432027367682,0.021852324818239604,0.170082325314973,10.0,15,53.77618500482667
geom_0012,2188,22.559153179339326,25.129608945429162,0.8956955285840308,0.32432027367682004,0.8977120666035124,0.52432027367682,0.021852324818239604,0.170082325314973,10.0,16,53.77364130767131
geom_0012,2189,22.559153179339326,25.129608945429162,0.8956955285840308,0.32432027367682004,0.8977120666035124,0.52432027367682,0.021852324818239604,0.170082325314973,10.0,17,53.78536056080716
geom_0012,2190,22.559153179339326,25.129608945429162,0.8956955285840308,0.32432027367682004,0.8977120666035124,0.52432027367682,0.021852324818239604,0.170082325314973,10.0,18,53.780429272026815
geom_0012,2191,22.559153179339326,25.129608945429162,0.8956955285840308,0.32432027367682004,0.8977120666035124,0.52432027367682,0.021852324818239604,0.170082325314973,10.0,19,53.9646625968803
geom_0012,2192,22.559153179339326,25.129608945429162,0.8956955285840308,0.32432027367682004,0.8977120666035124,0.52432027367682,0.021852324818239604,0.170082325314973,10.0,20,53.987765880573946
geom_0012,2193,22.559153179339326,25.129608945429162,0.8956955285840308,0.32432027367682004,0.8977120666035124,0.52432027367682,0.021852324818239604,0.170082325314973,10.0,21,53.786987012376905
geom_0012,2194,22.559153179339326,25.129608945429162,0.8956955285840308,0.32432027367682004,0.8977120666035124,0.52432027367682,0.021852324818239604,0.170082325314973,10.0,22,53.75759583447453
geom_0012,2195,22.559153179339326,25.129608945429162,0.8956955285840308,0.32432027367682004,0.8977120666035124,0.52432027367682,0.021852324818239604,0.170082325314973,10.0,23,53.883199872750836
geom_0012,2196,22.559153179339326,25.129608945429162,0.8956955285840308,0.32432027367682004,0.8977120666035124,0.52432027367682,0.021852324818239604,0.170082325314973,10.0,24,53.77455539570694
geom_0012,2197,22.559153179339326,25.129608945429162,0.8956955285840308,0.32432027367682004,0.8977120666035124,0.52432027367682,0.021852324818239604,0.170082325314973,10.0,25,53.88531962423191
geom_0012,2198,22.559153179339326,25.129608945429162,0.8956955285840308,0.32432027367682004,0.8977120666035124,0.52432027367682,0.021852324818239604,0.170082325314973,10.0,26,53.833135313096925
geom_0012,2199,22.559153179339326,25.129608945429162,0.8956955285840308,0.32432027367682004,0.8977120666035124,0.52432027367682,0.021852324818239604,0.170082325314973,10.0,27,53.65069297086323
geom_0012,2200,22.559153179339326,25.129608945429162,0.8956955285840308,0.32432027367682004,0.8977120666035124,0.52432027367682,0.021852324818239604,0.170082325314973,10.0,28,53.94509150535606
geom_0012,2201,22.559153179339326,25.129608945429162,0.8956955285840308,0.32432027367682004,0.8977120666035124,0.52432027367682,0.021852324818239604,0.170082325314973,10.0,29,53.95669440859719
geom_0012,2202,22.559153179339326,25.129608945429162,0.8956955285840308,0.32432027367682004,0.8977120666035124,0.52432027367682,0.021852324818239604,0.170082325314973,10.0,30,53.70132963539672
geom_0012,2203,22.559153179339326,25.129608945429162,0.8956955285840308,0.32432027367682004,0.8977120666035124,0.52432027367682,0.021852324818239604,0.170082325314973,10.0,31,53.7081218424505
geom_0012,2204,22.559153179339326,25.129608945429162,0.8956955285840308,0.32432027367682004,0.8977120666035124,0.52432027367682,0.021852324818239604,0.170082325314973,10.0,32,53.758590292167675
geom_0012,2205,22.559153179339326,25.129608945429162,0.8956955285840308,0.32432027367682004,0.8977120666035124,0.52432027367682,0.021852324818239604,0.170082325314973,10.0,33,53.74543721808761
geom_0012,2206,22.559153179339326,25.129608945429162,0.8956955285840308,0.32432027367682004,0.8977120666035124,0.52432027367682,0.021852324818239604,0.170082325314973,10.0,34,53.7587586287778
geom_0012,2207,22.559153179339326,25.129608945429162,0.8956955285840308,0.32432027367682004,0.8977120666035124,0.52432027367682,0.021852324818239604,0.170082325314973,10.0,35,53.87381204601239
geom_0012,2208,22.559153179339326,25.129608945429162,0.8956955285840308,0.32432027367682004,0.8977120666035124,0.52432027367682,0.021852324818239604,0.170082325314973,10.0,36,53.63400977784312
geom_0012,2209,22.559153179339326,25.129608945429162,0.8956955285840308,0.32432027367682004,0.8977120666035124,0.52432027367682,0.021852324818239604,0.170082325314973,10.0,37,53.549864860020904
geom_0012,2210,22.559153179339326,25.129608945429162,0.8956955285840308,0.32432027367682004,0.8977120666035124,0.52432027367682,0.021852324818239604,0.170082325314973,10.0,38,53.46888237569452
geom_0012,2211,22.559153179339326,25.129608945429162,0.8956955285840308,0.32432027367682004,0.8977120666035124,0.52432027367682,0.021852324818239604,0.170082325314973,10.0,39,53.51002381877727
geom_0012,2212,22.559153179339326,25.129608945429162,0.8956955285840308,0.32432027367682004,0.8977120666035124,0.52432027367682,0.021852324818239604,0.170082325314973,10.0,40,53.55534329303125
geom_0012,2213,22.559153179339326,25.129608945429162,0.8956955285840308,0.32432027367682004,0.8977120666035124,0.52432027367682,0.021852324818239604,0.170082325314973,10.0,41,53.71294200021805
geom_0012,2214,22.559153179339326,25.129608945429162,0.8956955285840308,0.32432027367682004,0.8977120666035124,0.52432027367682,0.021852324818239604,0.170082325314973,10.0,42,53.45590128216073
geom_0012,2215,22.559153179339326,25.129608945429162,0.8956955285840308,0.32432027367682004,0.8977120666035124,0.52432027367682,0.021852324818239604,0.170082325314973,10.0,43,53.503618730350226
geom_0012,2216,22.559153179339326,25.129608945429162,0.8956955285840308,0.32432027367682004,0.8977120666035124,0.52432027367682,0.021852324818239604,0.170082325314973,10.0,44,53.452632200809624
geom_0012,2217,22.559153179339326,25.129608945429162,0.8956955285840308,0.32432027367682004,0.8977120666035124,0.52432027367682,0.021852324818239604,0.170082325314973,10.0,45,53.545661394163055
geom_0012,2218,22.559153179339326,25.129608945429162,0.8956955285840308,0.32432027367682004,0.8977120666035124,0.52432027367682,0.021852324818239604,0.170082325314973,10.0,46,53.651632102656066
geom_0012,2219,22.559153179339326,25.129608945429162,0.8956955285840308,0.32432027367682004,0.8977120666035124,0.52432027367682,0.021852324818239604,0.170082325314973,10.0,47,53.317594319775274
geom_0012,2220,22.559153179339326,25.129608945429162,0.8956955285840308,0.32432027367682004,0.8977120666035124,0.52432027367682,0.021852324818239604,0.170082325314973,10.0,48,53.293161516246634
geom_0012,2221,22.559153179339326,25.129608945429162,0.8956955285840308,0.32432027367682004,0.8977120666035124,0.52432027367682,0.021852324818239604,0.170082325314973,10.0,49,53.41768410115751
geom_0012,2222,22.559153179339326,25.129608945429162,0.8956955285840308,0.32432027367682004,0.8977120666035124,0.52432027367682,0.021852324818239604,0.170082325314973,10.0,50,53.35241427314534
geom_0012,2223,22.559153179339326,25.129608945429162,0.8956955285840308,0.32432027367682004,0.8977120666035124,0.52432027367682,0.021852324818239604,0.170082325314973,10.0,51,53.43970362370606
geom_0012,2224,22.559153179339326,25.129608945429162,0.8956955285840308,0.32432027367682004,0.8977120666035124,0.52432027367682,0.021852324818239604,0.170082325314973,10.0,52,53.28413998679169
geom_0012,2225,22.559153179339326,25.129608945429162,0.8956955285840308,0.32432027367682004,0.8977120666035124,0.52432027367682,0.021852324818239604,0.170082325314973,10.0,53,53.16049428173553
geom_0012,2226,22.559153179339326,25.129608945429162,0.8956955285840308,0.32432027367682004,0.8977120666035124,0.52432027367682,0.021852324818239604,0.170082325314973,10.0,54,53.22618248470186
geom_0012,2227,22.559153179339326,25.129608945429162,0.8956955285840308,0.32432027367682004,0.8977120666035124,0.52432027367682,0.021852324818239604,0.170082325314973,10.0,55,53.248752736092925
geom_0012,2228,22.559153179339326,25.129608945429162,0.8956955285840308,0.32432027367682004,0.8977120666035124,0.52432027367682,0.021852324818239604,0.170082325314973,10.0,56,53.19082197755111
geom_0012,2229,22.559153179339326,25.129608945429162,0.8956955285840308,0.32432027367682004,0.8977120666035124,0.52432027367682,0.021852324818239604,0.170082325314973,10.0,57,53.130572078833026
geom_0012,2230,22.559153179339326,25.129608945429162,0.8956955285840308,0.32432027367682004,0.8977120666035124,0.52432027367682,0.021852324818239604,0.170082325314973,10.0,58,53.15781544553331
geom_0012,2231,22.559153179339326,25.129608945429162,0.8956955285840308,0.32432027367682004,0.8977120666035124,0.52432027367682,0.021852324818239604,0.170082325314973,10.0,59,53.13966532071511
geom_0012,2232,22.559153179339326,25.129608945429162,0.8956955285840308,0.32432027367682004,0.8977120666035124,0.52432027367682,0.021852324818239604,0.170082325314973,10.0,60,53.132875211117785
geom_0012,2233,22.559153179339326,25.129608945429162,0.8956955285840308,0.32432027367682004,0.8977120666035124,0.52432027367682,0.021852324818239604,0.170082325314973,10.0,61,53.0318400111331
geom_0012,2234,22.559153179339326,25.129608945429162,0.8956955285840308,0.32432027367682004,0.8977120666035124,0.52432027367682,0.021852324818239604,0.170082325314973,10.0,62,52.9230025269252
geom_0012,2235,22.559153179339326,25.129608945429162,0.8956955285840308,0.32432027367682004,0.8977120666035124,0.52432027367682,0.021852324818239604,0.170082325314973,10.0,63,52.92761504302651
geom_0012,2236,22.559153179339326,25.129608945429162,0.8956955285840308,0.32432027367682004,0.8977120666035124,0.52432027367682,0.021852324818239604,0.170082325314973,10.0,64,53.00735528070584
geom_0012,2237,22.559153179339326,25.129608945429162,0.8956955285840308,0.32432027367682004,0.8977120666035124,0.52432027367682,0.021852324818239604,0.170082325314973,10.0,65,52.77934909688992
geom_0012,2238,22.559153179339326,25.129608945429162,0.8956955285840308,0.32432027367682004,0.8977120666035124,0.52432027367682,0.021852324818239604,0.170082325314973,10.0,66,52.87287084107936
geom_0012,2239,22.559153179339326,25.129608945429162,0.8956955285840308,0.32432027367682004,0.8977120666035124,0.52432027367682,0.021852324818239604,0.170082325314973,10.0,67,52.7722967744288
geom_0012,2240,22.559153179339326,25.129608945429162,0.8956955285840308,0.32432027367682004,0.8977120666035124,0.52432027367682,0.021852324818239604,0.170082325314973,10.0,68,52.79084099536423
geom_0012,2241,22.559153179339326,25.129608945429162,0.8956955285840308,0.32432027367682004,0.8977120666035124,0.52432027367682,0.021852324818239604,0.170082325314973,10.0,69,52.8928973054842
geom_0012,2242,22.559153179339326,25.129608945429162,0.8956955285840308,0.32432027367682004,0.8977120666035124,0.52432027367682,0.021852324818239604,0.170082325314973,10.0,70,52.7620369881405
geom_0012,2243,22.559153179339326,25.129608945429162,0.8956955285840308,0.32432027367682004,0.8977120666035124,0.52432027367682,0.021852324818239604,0.170082325314973,10.0,71,52.72627318004932
geom_0012,2244,22.559153179339326,25.129608945429162,0.8956955285840308,0.32432027367682004,0.8977120666035124,0.52432027367682,0.021852324818239604,0.170082325314973,10.0,72,52.56521043137505
geom_0012,2245,22.559153179339326,25.129608945429162,0.8956955285840308,0.32432027367682004,0.8977120666035124,0.52432027367682,0.021852324818239604,0.170082325314973,10.0,73,52.756287014141385
geom_0012,2246,22.559153179339326,25.129608945429162,0.8956955285840308,0.32432027367682004,0.8977120666035124,0.52432027367682,0.021852324818239604,0.170082325314973,10.0,74,52.72760817020126
geom_0012,2247,22.559153179339326,25.129608945429162,0.8956955285840308,0.32432027367682004,0.8977120666035124,0.52432027367682,0.021852324818239604,0.170082325314973,10.0,75,52.86174752367718
geom_0012,2248,22.559153179339326,25.129608945429162,0.8956955285840308,0.32432027367682004,0.8977120666035124,0.52432027367682,0.021852324818239604,0.170082325314973,10.0,76,52.59800074421346
geom_0012,2249,22.559153179339326,25.129608945429162,0.8956955285840308,0.32432027367682004,0.8977120666035124,0.52432027367682,0.021852324818239604,0.170082325314973,10.0,77,52.63507259733327
geom_0012,2250,22.559153179339326,25.129608945429162,0.8956955285840308,0.32432027367682004,0.8977120666035124,0.52432027367682,0.021852324818239604,0.170082325314973,10.0,78,52.623523887819935
geom_0012,2251,22.559153179339326,25.129608945429162,0.8956955285840308,0.32432027367682004,0.8977120666035124,0.52432027367682,0.021852324818239604,0.170082325314973,10.0,79,52.74283241746665
geom_0012,2252,22.559153179339326,25.129608945429162,0.8956955285840308,0.32432027367682004,0.8977120666035124,0.52432027367682,0.021852324818239604,0.170082325314973,10.0,80,52.563155526052014
geom_0012,2253,22.559153179339326,25.129608945429162,0.8956955285840308,0.32432027367682004,0.8977120666035124,0.52432027367682,0.021852324818239604,0.170082325314973,10.0,81,52.589302563769735
geom_0012,2254,22.559153179339326,25.129608945429162,0.8956955285840308,0.32432027367682004,0.8977120666035124,0.52432027367682,0.021852324818239604,0.170082325314973,10.0,82,52.612041748992475
geom_0012,2255,22.559153179339326,25.129608945429162,0.8956955285840308,0.32432027367682004,0.8977120666035124,0.52432027367682,0.021852324818239604,0.170082325314973,10.0,83,52.56091813062944
geom_0012,2256,22.559153179339326,25.129608945429162,0.8956955285840308,0.32432027367682004,0.8977120666035124,0.52432027367682,0.021852324818239604,0.170082325314973,10.0,84,52.48978753262594
geom_0012,2257,22.559153179339326,25.129608945429162,0.8956955285840308,0.32432027367682004,0.8977120666035124,0.52432027367682,0.021852324818239604,0.170082325314973,10.0,85,52.54719527040017
geom_0012,2258,22.559153179339326,25.129608945429162,0.8956955285840308,0.32432027367682004,0.8977120666035124,0.52432027367682,0.021852324818239604,0.170082325314973,10.0,86,52.629697676838425
geom_0012,2259,22.559153179339326,25.129608945429162,0.8956955285840308,0.32432027367682004,0.8977120666035124,0.52432027367682,0.021852324818239604,0.170082325314973,10.0,87,52.415433200960784
geom_0012,2260,22.559153179339326,25.129608945429162,0.8956955285840308,0.32432027367682004,0.8977120666035124,0.52432027367682,0.021852324818239604,0.170082325314973,10.0,88,52.528341050508295
geom_0012,2261,22.559153179339326,25.129608945429162,0.8956955285840308,0.32432027367682004,0.8977120666035124,0.52432027367682,0.021852324818239604,0.170082325314973,10.0,89,52.44320557273538
geom_0012,2262,22.559153179339326,25.129608945429162,0.8956955285840308,0.32432027367682004,0.8977120666035124,0.52432027367682,0.021852324818239604,0.170082325314973,10.0,90,52.632113167337636
geom_0012,2263,22.559153179339326,25.129608945429162,0.8956955285840308,0.32432027367682004,0.8977120666035124,0.52432027367682,0.021852324818239604,0.170082325314973,10.0,91,52.36089896375092
geom_0012,2264,22.559153179339326,25.129608945429162,0.8956955285840308,0.32432027367682004,0.8977120666035124,0.52432027367682,0.021852324818239604,0.170082325314973,10.0,92,52.45915189836645
geom_0012,2265,22.559153179339326,25.129608945429162,0.8956955285840308,0.32432027367682004,0.8977120666035124,0.52432027367682,0.021852324818239604,0.170082325314973,10.0,93,52.55580591840834
geom_0012,2266,22.559153179339326,25.129608945429162,0.8956955285840308,0.32432027367682004,0.8977120666035124,0.52432027367682,0.021852324818239604,0.170082325314973,10.0,94,52.67888690477588
geom_0012,2267,22.559153179339326,25.129608945429162,0.8956955285840308,0.32432027367682004,0.8977120666035124,0.52432027367682,0.021852324818239604,0.170082325314973,10.0,95,52.52121124500304
geom_0012,2268,22.559153179339326,25.129608945429162,0.8956955285840308,0.32432027367682004,0.8977120666035124,0.52432027367682,0.021852324818239604,0.170082325314973,10.0,96,52.47891094141167
geom_0012,2269,22.559153179339326,25.129608945429162,0.8956955285840308,0.32432027367682004,0.8977120666035124,0.52432027367682,0.021852324818239604,0.170082325314973,10.0,97,52.73037292525787
geom_0012,2270,22.559153179339326,25.129608945429162,0.8956955285840308,0.32432027367682004,0.8977120666035124,0.52432027367682,0.021852324818239604,0.170082325314973,10.0,98,52.4064507079792
geom_0012,2271,22.559153179339326,25.129608945429162,0.8956955285840308,0.32432027367682004,0.8977120666035124,0.52432027367682,0.021852324818239604,0.170082325314973,10.0,99,52.341519815530695
geom_0012,2272,22.559153179339326,25.129608945429162,0.8956955285840308,0.32432027367682004,0.8977120666035124,0.52432027367682,0.021852324818239604,0.170082325314973,10.0,100,52.61668652429604
geom_0012,2273,22.559153179339326,25.129608945429162,0.8956955285840308,0.32432027367682004,0.8977120666035124,0.52432027367682,0.021852324818239604,0.170082325314973,10.0,101,52.53488166705504
geom_0012,2274,22.559153179339326,25.129608945429162,0.8956955285840308,0.32432027367682004,0.8977120666035124,0.52432027367682,0.021852324818239604,0.170082325314973,10.0,102,52.49646223773579
geom_0012,2275,22.559153179339326,25.129608945429162,0.8956955285840308,0.32432027367682004,0.8977120666035124,0.52432027367682,0.021852324818239604,0.170082325314973,10.0,103,52.68399320929681
geom_0012,2276,22.559153179339326,25.129608945429162,0.8956955285840308,0.32432027367682004,0.8977120666035124,0.52432027367682,0.021852324818239604,0.170082325314973,10.0,104,52.65315863908587
geom_0012,2277,22.559153179339326,25.129608945429162,0.8956955285840308,0.32432027367682004,0.8977120666035124,0.52432027367682,0.021852324818239604,0.170082325314973,10.0,105,52.58901418827296
geom_0012,2278,22.559153179339326,25.129608945429162,0.8956955285840308,0.32432027367682004,0.8977120666035124,0.52432027367682,0.021852324818239604,0.170082325314973,10.0,106,52.53502931222006
geom_0012,2279,22.559153179339326,25.129608945429162,0.8956955285840308,0.32432027367682004,0.8977120666035124,0.52432027367682,0.021852324818239604,0.170082325314973,10.0,107,52.76890739036668
geom_0012,2280,22.559153179339326,25.129608945429162,0.8956955285840308,0.32432027367682004,0.8977120666035124,0.52432027367682,0.021852324818239604,0.170082325314973,10.0,108,52.76621616326891
geom_0012,2281,22.559153179339326,25.129608945429162,0.8956955285840308,0.32432027367682004,0.8977120666035124,0.52432027367682,0.021852324818239604,0.170082325314973,10.0,109,52.711711938855764
geom_0012,2282,22.559153179339326,25.129608945429162,0.8956955285840308,0.32432027367682004,0.8977120666035124,0.52432027367682,0.021852324818239604,0.170082325314973,10.0,110,52.92759078094328
geom_0012,2283,22.559153179339326,25.129608945429162,0.8956955285840308,0.32432027367682004,0.8977120666035124,0.52432027367682,0.021852324818239604,0.170082325314973,10.0,111,52.658043642590854
geom_0012,2284,22.559153179339326,25.129608945429162,0.8956955285840308,0.32432027367682004,0.8977120666035124,0.52432027367682,0.021852324818239604,0.170082325314973,10.0,112,52.635413995978276
geom_0012,2285,22.559153179339326,25.129608945429162,0.8956955285840308,0.32432027367682004,0.8977120666035124,0.52432027367682,0.021852324818239604,0.170082325314973,10.0,113,52.74243984867341
geom_0012,2286,22.559153179339326,25.129608945429162,0.8956955285840308,0.32432027367682004,0.8977120666035124,0.52432027367682,0.021852324818239604,0.170082325314973,10.0,114,52.83144490855652
geom_0012,2287,22.559153179339326,25.129608945429162,0.8956955285840308,0.32432027367682004,0.8977120666035124,0.52432027367682,0.021852324818239604,0.170082325314973,10.0,115,52.885376608920915
geom_0012,2288,22.559153179339326,25.129608945429162,0.8956955285840308,0.32432027367682004,0.8977120666035124,0.52432027367682,0.021852324818239604,0.170082325314973,10.0,116,52.86258077826937
geom_0012,2289,22.559153179339326,25.129608945429162,0.8956955285840308,0.32432027367682004,0.8977120666035124,0.52432027367682,0.021852324818239604,0.170082325314973,10.0,117,52.94814921403461
geom_0012,2290,22.559153179339326,25.129608945429162,0.8956955285840308,0.32432027367682004,0.8977120666035124,0.52432027367682,0.021852324818239604,0.170082325314973,10.0,118,52.81456039253784
geom_0012,2291,22.559153179339326,25.129608945429162,0.8956955285840308,0.32432027367682004,0.8977120666035124,0.52432027367682,0.021852324818239604,0.170082325314973,10.0,119,53.111345482781466
geom_0012,2292,22.559153179339326,25.129608945429162,0.8956955285840308,0.32432027367682004,0.8977120666035124,0.52432027367682,0.021852324818239604,0.170082325314973,10.0,120,52.98644419417477
geom_0012,2293,22.559153179339326,25.129608945429162,0.8956955285840308,0.32432027367682004,0.8977120666035124,0.52432027367682,0.021852324818239604,0.170082325314973,10.0,121,53.13446534482936
geom_0012,2294,22.559153179339326,25.129608945429162,0.8956955285840308,0.32432027367682004,0.8977120666035124,0.52432027367682,0.021852324818239604,0.170082325314973,10.0,122,53.08542051121216
geom_0012,2295,22.559153179339326,25.129608945429162,0.8956955285840308,0.32432027367682004,0.8977120666035124,0.52432027367682,0.021852324818239604,0.170082325314973,10.0,123,53.125519997637674
geom_0012,2296,22.559153179339326,25.129608945429162,0.8956955285840308,0.32432027367682004,0.8977120666035124,0.52432027367682,0.021852324818239604,0.170082325314973,10.0,124,53.165750487454595
geom_0012,2297,22.559153179339326,25.129608945429162,0.8956955285840308,0.32432027367682004,0.8977120666035124,0.52432027367682,0.021852324818239604,0.170082325314973,10.0,125,53.182653234036366
geom_0012,2298,22.559153179339326,25.129608945429162,0.8956955285840308,0.32432027367682004,0.8977120666035124,0.52432027367682,0.021852324818239604,0.170082325314973,10.0,126,53.23138927761938
geom_0012,2299,22.559153179339326,25.129608945429162,0.8956955285840308,0.32432027367682004,0.8977120666035124,0.52432027367682,0.021852324818239604,0.170082325314973,10.0,127,53.329338743827485
geom_0012,2300,22.559153179339326,25.129608945429162,0.8956955285840308,0.32432027367682004,0.8977120666035124,0.52432027367682,0.021852324818239604,0.170082325314973,10.0,128,53.24539928522925
geom_0012,2301,22.559153179339326,25.129608945429162,0.8956955285840308,0.32432027367682004,0.8977120666035124,0.52432027367682,0.021852324818239604,0.170082325314973,10.0,129,53.32593326689131
geom_0012,2302,22.559153179339326,25.129608945429162,0.8956955285840308,0.32432027367682004,0.8977120666035124,0.52432027367682,0.021852324818239604,0.170082325314973,10.0,130,53.275251554753986
geom_0012,2303,22.559153179339326,25.129608945429162,0.8956955285840308,0.32432027367682004,0.8977120666035124,0.52432027367682,0.021852324818239604,0.170082325314973,10.0,131,53.45727973499555
geom_0012,2304,22.559153179339326,25.129608945429162,0.8956955285840308,0.32432027367682004,0.8977120666035124,0.52432027367682,0.021852324818239604,0.170082325314973,10.0,132,53.27446623029254
geom_0012,2305,22.559153179339326,25.129608945429162,0.8956955285840308,0.32432027367682004,0.8977120666035124,0.52432027367682,0.021852324818239604,0.170082325314973,10.0,133,53.55077524035839
geom_0012,2306,22.559153179339326,25.129608945429162,0.8956955285840308,0.32432027367682004,0.8977120666035124,0.52432027367682,0.021852324818239604,0.170082325314973,10.0,134,53.39492306500427
geom_0012,2307,22.559153179339326,25.129608945429162,0.8956955285840308,0.32432027367682004,0.8977120666035124,0.52432027367682,0.021852324818239604,0.170082325314973,10.0,135,53.28374455660644
geom_0012,2308,22.559153179339326,25.129608945429162,0.8956955285840308,0.32432027367682004,0.8977120666035124,0.52432027367682,0.021852324818239604,0.170082325314973,10.0,136,53.467084931907976
geom_0012,2309,22.559153179339326,25.129608945429162,0.8956955285840308,0.32432027367682004,0.8977120666035124,0.52432027367682,0.021852324818239604,0.170082325314973,10.0,137,53.41313476943885
geom_0012,2310,22.559153179339326,25.129608945429162,0.8956955285840308,0.32432027367682004,0.8977120666035124,0.52432027367682,0.021852324818239604,0.170082325314973,10.0,138,53.59172676696322
geom_0012,2311,22.559153179339326,25.129608945429162,0.8956955285840308,0.32432027367682004,0.8977120666035124,0.52432027367682,0.021852324818239604,0.170082325314973,10.0,139,53.46822381593603
geom_0012,2312,22.559153179339326,25.129608945429162,0.8956955285840308,0.32432027367682004,0.8977120666035124,0.52432027367682,0.021852324818239604,0.170082325314973,10.0,140,53.514037646997146
geom_0012,2313,22.559153179339326,25.129608945429162,0.8956955285840308,0.32432027367682004,0.8977120666035124,0.52432027367682,0.021852324818239604,0.170082325314973,10.0,141,53.394162749676916
geom_0012,2314,22.559153179339326,25.129608945429162,0.8956955285840308,0.32432027367682004,0.8977120666035124,0.52432027367682,0.021852324818239604,0.170082325314973,10.0,142,53.56158366657106
geom_0012,2315,22.559153179339326,25.129608945429162,0.8956955285840308,0.32432027367682004,0.8977120666035124,0.52432027367682,0.021852324818239604,0.170082325314973,10.0,143,53.387306651811855
geom_0012,2316,22.559153179339326,25.129608945429162,0.8956955285840308,0.32432027367682004,0.8977120666035124,0.52432027367682,0.021852324818239604,0.170082325314973,10.0,144,53.49331421824395
geom_0012,2317,22.559153179339326,25.129608945429162,0.8956955285840308,0.32432027367682004,0.8977120666035124,0.52432027367682,0.021852324818239604,0.170082325314973,10.0,145,53.74883305775018
geom_0012,2318,22.559153179339326,25.129608945429162,0.8956955285840308,0.32432027367682004,0.8977120666035124,0.52432027367682,0.021852324818239604,0.170082325314973,10.0,146,53.7714842173756
geom_0012,2319,22.559153179339326,25.129608945429162,0.8956955285840308,0.32432027367682004,0.8977120666035124,0.52432027367682,0.021852324818239604,0.170082325314973,10.0,147,53.754537295267404
geom_0012,2320,22.559153179339326,25.129608945429162,0.8956955285840308,0.32432027367682004,0.8977120666035124,0.52432027367682,0.021852324818239604,0.170082325314973,10.0,148,53.63330613878226
geom_0012,2321,22.559153179339326,25.129608945429162,0.8956955285840308,0.32432027367682004,0.8977120666035124,0.52432027367682,0.021852324818239604,0.170082325314973,10.0,149,53.7421208628299
geom_0012,2322,22.559153179339326,25.129608945429162,0.8956955285840308,0.32432027367682004,0.8977120666035124,0.52432027367682,0.021852324818239604,0.170082325314973,10.0,150,53.762248250536096
geom_0012,2323,22.559153179339326,25.129608945429162,0.8956955285840308,0.32432027367682004,0.8977120666035124,0.52432027367682,0.021852324818239604,0.170082325314973,10.0,151,53.66127017236838
geom_0012,2324,22.559153179339326,25.129608945429162,0.8956955285840308,0.32432027367682004,0.8977120666035124,0.52432027367682,0.021852324818239604,0.170082325314973,10.0,152,53.940680815399766
geom_0012,2325,22.559153179339326,25.129608945429162,0.8956955285840308,0.32432027367682004,0.8977120666035124,0.52432027367682,0.021852324818239604,0.170082325314973,10.0,153,53.890003611420525
geom_0012,2326,22.559153179339326,25.129608945429162,0.8956955285840308,0.32432027367682004,0.8977120666035124,0.52432027367682,0.021852324818239604,0.170082325314973,10.0,154,53.790746593628825
geom_0012,2327,22.559153179339326,25.129608945429162,0.8956955285840308,0.32432027367682004,0.8977120666035124,0.52432027367682,0.021852324818239604,0.170082325314973,10.0,155,53.82471502635582
geom_0012,2328,22.559153179339326,25.129608945429162,0.8956955285840308,0.32432027367682004,0.8977120666035124,0.52432027367682,0.021852324818239604,0.170082325314973,10.0,156,53.850615980929796
geom_0012,2329,22.559153179339326,25.129608945429162,0.8956955285840308,0.32432027367682004,0.8977120666035124,0.52432027367682,0.021852324818239604,0.170082325314973,10.0,157,53.63188483026977
geom_0012,2330,22.559153179339326,25.129608945429162,0.8956955285840308,0.32432027367682004,0.8977120666035124,0.52432027367682,0.021852324818239604,0.170082325314973,10.0,158,53.816113653532895
geom_0012,2331,22.559153179339326,25.129608945429162,0.8956955285840308,0.32432027367682004,0.8977120666035124,0.52432027367682,0.021852324818239604,0.170082325314973,10.0,159,53.77586321695207
geom_0012,2332,22.559153179339326,25.129608945429162,0.8956955285840308,0.32432027367682004,0.8977120666035124,0.52432027367682,0.021852324818239604,0.170082325314973,10.0,160,53.745553454785465
geom_0012,2333,22.559153179339326,25.129608945429162,0.8956955285840308,0.32432027367682004,0.8977120666035124,0.52432027367682,0.021852324818239604,0.170082325314973,10.0,161,53.81765091448095
geom_0012,2334,22.559153179339326,25.129608945429162,0.8956955285840308,0.32432027367682004,0.8977120666035124,0.52432027367682,0.021852324818239604,0.170082325314973,10.0,162,54.02393663744242
geom_0012,2335,22.559153179339326,25.129608945429162,0.8956955285840308,0.32432027367682004,0.8977120666035124,0.52432027367682,0.021852324818239604,0.170082325314973,10.0,163,53.90499255884989
geom_0012,2336,22.559153179339326,25.129608945429162,0.8956955285840308,0.32432027367682004,0.8977120666035124,0.52432027367682,0.021852324818239604,0.170082325314973,10.0,164,53.77883746133551
geom_0012,2337,22.559153179339326,25.129608945429162,0.8956955285840308,0.32432027367682004,0.8977120666035124,0.52432027367682,0.021852324818239604,0.170082325314973,10.0,165,53.886542978462465
geom_0012,2338,22.559153179339326,25.129608945429162,0.8956955285840308,0.32432027367682004,0.8977120666035124,0.52432027367682,0.021852324818239604,0.170082325314973,10.0,166,53.96080922859148
geom_0012,2339,22.559153179339326,25.129608945429162,0.8956955285840308,0.32432027367682004,0.8977120666035124,0.52432027367682,0.021852324818239604,0.170082325314973,10.0,167,53.903165050872914
geom_0012,2340,22.559153179339326,25.129608945429162,0.8956955285840308,0.32432027367682004,0.8977120666035124,0.52432027367682,0.021852324818239604,0.170082325314973,10.0,168,53.804713109536586
geom_0012,2341,22.559153179339326,25.129608945429162,0.8956955285840308,0.32432027367682004,0.8977120666035124,0.52432027367682,0.021852324818239604,0.170082325314973,10.0,169,53.72030859927787
geom_0012,2342,22.559153179339326,25.129608945429162,0.8956955285840308,0.32432027367682004,0.8977120666035124,0.52432027367682,0.021852324818239604,0.170082325314973,10.0,170,53.83926612231924
geom_0012,2343,22.559153179339326,25.129608945429162,0.8956955285840308,0.32432027367682004,0.8977120666035124,0.52432027367682,0.021852324818239604,0.170082325314973,10.0,171,53.791410747510525
geom_0012,2344,22.559153179339326,25.129608945429162,0.8956955285840308,0.32432027367682004,0.8977120666035124,0.52432027367682,0.021852324818239604,0.170082325314973,10.0,172,53.822366572275534
geom_0012,2345,22.559153179339326,25.129608945429162,0.8956955285840308,0.32432027367682004,0.8977120666035124,0.52432027367682,0.021852324818239604,0.170082325314973,10.0,173,53.775307960837644
geom_0012,2346,22.559153179339326,25.129608945429162,0.8956955285840308,0.32432027367682004,0.8977120666035124,0.52432027367682,0.021852324818239604,0.170082325314973,10.0,174,53.7938421036131
geom_0012,2347,22.559153179339326,25.129608945429162,0.8956955285840308,0.32432027367682004,0.8977120666035124,0.52432027367682,0.021852324818239604,0.170082325314973,10.0,175,53.61060809830273
geom_0012,2348,22.559153179339326,25.129608945429162,0.8956955285840308,0.32432027367682004,0.8977120666035124,0.52432027367682,0.021852324818239604,0.170082325314973,10.0,176,53.76926296160919
geom_0012,2349,22.559153179339326,25.129608945429162,0.8956955285840308,0.32432027367682004,0.8977120666035124,0.52432027367682,0.021852324818239604,0.170082325314973,10.0,177,53.62882322045269
geom_0012,2350,22.559153179339326,25.129608945429162,0.8956955285840308,0.32432027367682004,0.8977120666035124,0.52432027367682,0.021852324818239604,0.170082325314973,10.0,178,53.78627966050242
geom_0012,2351,22.559153179339326,25.129608945429162,0.8956955285840308,0.32432027367682004,0.8977120666035124,0.52432027367682,0.021852324818239604,0.170082325314973,10.0,179,53.47768077603941
geom_0012,2352,22.559153179339326,25.129608945429162,0.8956955285840308,0.32432027367682004,0.8977120666035124,0.52432027367682,0.021852324818239604,0.170082325314973,10.0,180,53.68620488476168
geom_0013,2353,22.559153179339326,25.129608945429162,0.8956955285840308,0.32432027367682004,0.8977120666035124,0.52432027367682,0.021852324818239604,0.170082325314973,10.0,0,53.50914001570648
geom_0013,2354,22.559153179339326,25.129608945429162,0.8956955285840308,0.32432027367682004,0.8977120666035124,0.52432027367682,0.021852324818239604,0.170082325314973,10.0,1,53.570021031102016
geom_0013,2355,22.559153179339326,25.129608945429162,0.8956955285840308,0.32432027367682004,0.8977120666035124,0.52432027367682,0.021852324818239604,0.170082325314973,10.0,2,53.7338036225213
geom_0013,2356,22.559153179339326,25.129608945429162,0.8956955285840308,0.32432027367682004,0.8977120666035124,0.52432027367682,0.021852324818239604,0.170082325314973,10.0,3,53.50922785590957
geom_0013,2357,22.559153179339326,25.129608945429162,0.8956955285840308,0.32432027367682004,0.8977120666035124,0.52432027367682,0.021852324818239604,0.170082325314973,10.0,4,53.73595579489342
geom_0013,2358,22.559153179339326,25.129608945429162,0.8956955285840308,0.32432027367682004,0.8977120666035124,0.52432027367682,0.021852324818239604,0.170082325314973,10.0,5,53.64273273503623
geom_0013,2359,22.559153179339326,25.129608945429162,0.8956955285840308,0.32432027367682004,0.8977120666035124,0.52432027367682,0.021852324818239604,0.170082325314973,10.0,6,53.683940461115924
geom_0013,2360,22.559153179339326,25.129608945429162,0.8956955285840308,0.32432027367682004,0.8977120666035124,0.52432027367682,0.021852324818239604,0.170082325314973,10.0,7,53.77927272988611
geom_0013,2361,22.559153179339326,25.129608945429162,0.8956955285840308,0.32432027367682004,0.8977120666035124,0.52432027367682,0.021852324818239604,0.170082325314973,10.0,8,53.620575048116535
geom_0013,2362,22.559153179339326,25.129608945429162,0.8956955285840308,0.32432027367682004,0.8977120666035124,0.52432027367682,0.021852324818239604,0.170082325314973,10.0,9,53.79030318358675
geom_0013,2363,22.559153179339326,25.129608945429162,0.8956955285840308,0.32432027367682004,0.8977120666035124,0.52432027367682,0.021852324818239604,0.170082325314973,10.0,10,53.78608901177918
geom_0013,2364,22.559153179339326,25.129608945429162,0.8956955285840308,0.32432027367682004,0.8977120666035124,0.52432027367682,0.021852324818239604,0.170082325314973,10.0,11,53.83424740344924
geom_0013,2365,22.559153179339326,25.129608945429162,0.8956955285840308,0.32432027367682004,0.8977120666035124,0.52432027367682,0.021852324818239604,0.170082325314973,10.0,12,53.82766693693535
geom_0013,2366,22.559153179339326,25.129608945429162,0.8956955285840308,0.32432027367682004,0.8977120666035124,0.52432027367682,0.021852324818239604,0.170082325314973,10.0,13,54.05623169657272
geom_0013,2367,22.559153179339326,25.129608945429162,0.8956955285840308,0.32432027367682004,0.8977120666035124,0.52432027367682,0.021852324818239604,0.170082325314973,10.0,14,53.75709968650774
geom_0013,2368,22.559153179339326,25.129608945429162,0.8956955285840308,0.32432027367682004,0.8977120666035124,0.52432027367682,0.021852324818239604,0.170082325314973,10.0,15,53.77618500482667
geom_0013,2369,22.559153179339326,25.129608945429162,0.8956955285840308,0.32432027367682004,0.8977120666035124,0.52432027367682,0.021852324818239604,0.170082325314973,10.0,16,53.77364130767131
geom_0013,2370,22.559153179339326,25.129608945429162,0.8956955285840308,0.32432027367682004,0.8977120666035124,0.52432027367682,0.021852324818239604,0.170082325314973,10.0,17,53.78536056080716
geom_0013,2371,22.559153179339326,25.129608945429162,0.8956955285840308,0.32432027367682004,0.8977120666035124,0.52432027367682,0.021852324818239604,0.170082325314973,10.0,18,53.780429272026815
geom_0013,2372,22.559153179339326,25.129608945429162,0.8956955285840308,0.32432027367682004,0.8977120666035124,0.52432027367682,0.021852324818239604,0.170082325314973,10.0,19,53.9646625968803
geom_0013,2373,22.559153179339326,25.129608945429162,0.8956955285840308,0.32432027367682004,0.8977120666035124,0.52432027367682,0.021852324818239604,0.170082325314973,10.0,20,53.987765880573946
geom_0013,2374,22.559153179339326,25.129608945429162,0.8956955285840308,0.32432027367682004,0.8977120666035124,0.52432027367682,0.021852324818239604,0.170082325314973,10.0,21,53.786987012376905
geom_0013,2375,22.559153179339326,25.129608945429162,0.8956955285840308,0.32432027367682004,0.8977120666035124,0.52432027367682,0.021852324818239604,0.170082325314973,10.0,22,53.75759583447453
geom_0013,2376,22.559153179339326,25.129608945429162,0.8956955285840308,0.32432027367682004,0.8977120666035124,0.52432027367682,0.021852324818239604,0.170082325314973,10.0,23,53.883199872750836
geom_0013,2377,22.559153179339326,25.129608945429162,0.8956955285840308,0.32432027367682004,0.8977120666035124,0.52432027367682,0.021852324818239604,0.170082325314973,10.0,24,53.77455539570694
geom_0013,2378,22.559153179339326,25.129608945429162,0.8956955285840308,0.32432027367682004,0.8977120666035124,0.52432027367682,0.021852324818239604,0.170082325314973,10.0,25,53.88531962423191
geom_0013,2379,22.559153179339326,25.129608945429162,0.8956955285840308,0.32432027367682004,0.8977120666035124,0.52432027367682,0.021852324818239604,0.170082325314973,10.0,26,53.833135313096925
geom_0013,2380,22.559153179339326,25.129608945429162,0.8956955285840308,0.32432027367682004,0.8977120666035124,0.52432027367682,0.021852324818239604,0.170082325314973,10.0,27,53.65069297086323
geom_0013,2381,22.559153179339326,25.129608945429162,0.8956955285840308,0.32432027367682004,0.8977120666035124,0.52432027367682,0.021852324818239604,0.170082325314973,10.0,28,53.94509150535606
geom_0013,2382,22.559153179339326,25.129608945429162,0.8956955285840308,0.32432027367682004,0.8977120666035124,0.52432027367682,0.021852324818239604,0.170082325314973,10.0,29,53.95669440859719
geom_0013,2383,22.559153179339326,25.129608945429162,0.8956955285840308,0.32432027367682004,0.8977120666035124,0.52432027367682,0.021852324818239604,0.170082325314973,10.0,30,53.70132963539672
geom_0013,2384,22.559153179339326,25.129608945429162,0.8956955285840308,0.32432027367682004,0.8977120666035124,0.52432027367682,0.021852324818239604,0.170082325314973,10.0,31,53.7081218424505
geom_0013,2385,22.559153179339326,25.129608945429162,0.8956955285840308,0.32432027367682004,0.8977120666035124,0.52432027367682,0.021852324818239604,0.170082325314973,10.0,32,53.758590292167675
geom_0013,2386,22.559153179339326,25.129608945429162,0.8956955285840308,0.32432027367682004,0.8977120666035124,0.52432027367682,0.021852324818239604,0.170082325314973,10.0,33,53.74543721808761
geom_0013,2387,22.559153179339326,25.129608945429162,0.8956955285840308,0.32432027367682004,0.8977120666035124,0.52432027367682,0.021852324818239604,0.170082325314973,10.0,34,53.7587586287778
geom_0013,2388,22.559153179339326,25.129608945429162,0.8956955285840308,0.32432027367682004,0.8977120666035124,0.52432027367682,0.021852324818239604,0.170082325314973,10.0,35,53.87381204601239
geom_0013,2389,22.559153179339326,25.129608945429162,0.8956955285840308,0.32432027367682004,0.8977120666035124,0.52432027367682,0.021852324818239604,0.170082325314973,10.0,36,53.63400977784312
geom_0013,2390,22.559153179339326,25.129608945429162,0.8956955285840308,0.32432027367682004,0.8977120666035124,0.52432027367682,0.021852324818239604,0.170082325314973,10.0,37,53.549864860020904
geom_0013,2391,22.559153179339326,25.129608945429162,0.8956955285840308,0.32432027367682004,0.8977120666035124,0.52432027367682,0.021852324818239604,0.170082325314973,10.0,38,53.46888237569452
geom_0013,2392,22.559153179339326,25.129608945429162,0.8956955285840308,0.32432027367682004,0.8977120666035124,0.52432027367682,0.021852324818239604,0.170082325314973,10.0,39,53.51002381877727
geom_0013,2393,22.559153179339326,25.129608945429162,0.8956955285840308,0.32432027367682004,0.8977120666035124,0.52432027367682,0.021852324818239604,0.170082325314973,10.0,40,53.55534329303125
geom_0013,2394,22.559153179339326,25.129608945429162,0.8956955285840308,0.32432027367682004,0.8977120666035124,0.52432027367682,0.021852324818239604,0.170082325314973,10.0,41,53.71294200021805
geom_0013,2395,22.559153179339326,25.129608945429162,0.8956955285840308,0.32432027367682004,0.8977120666035124,0.52432027367682,0.021852324818239604,0.170082325314973,10.0,42,53.45590128216073
geom_0013,2396,22.559153179339326,25.129608945429162,0.8956955285840308,0.32432027367682004,0.8977120666035124,0.52432027367682,0.021852324818239604,0.170082325314973,10.0,43,53.503618730350226
geom_0013,2397,22.559153179339326,25.129608945429162,0.8956955285840308,0.32432027367682004,0.8977120666035124,0.52432027367682,0.021852324818239604,0.170082325314973,10.0,44,53.452632200809624
geom_0013,2398,22.559153179339326,25.129608945429162,0.8956955285840308,0.32432027367682004,0.8977120666035124,0.52432027367682,0.021852324818239604,0.170082325314973,10.0,45,53.545661394163055
geom_0013,2399,22.559153179339326,25.129608945429162,0.8956955285840308,0.32432027367682004,0.8977120666035124,0.52432027367682,0.021852324818239604,0.170082325314973,10.0,46,53.651632102656066
geom_0013,2400,22.559153179339326,25.129608945429162,0.8956955285840308,0.32432027367682004,0.8977120666035124,0.52432027367682,0.021852324818239604,0.170082325314973,10.0,47,53.317594319775274
geom_0013,2401,22.559153179339326,25.129608945429162,0.8956955285840308,0.32432027367682004,0.8977120666035124,0.52432027367682,0.021852324818239604,0.170082325314973,10.0,48,53.293161516246634
geom_0013,2402,22.559153179339326,25.129608945429162,0.8956955285840308,0.32432027367682004,0.8977120666035124,0.52432027367682,0.021852324818239604,0.170082325314973,10.0,49,53.41768410115751
geom_0013,2403,22.559153179339326,25.129608945429162,0.8956955285840308,0.32432027367682004,0.8977120666035124,0.52432027367682,0.021852324818239604,0.170082325314973,10.0,50,53.35241427314534
geom_0013,2404,22.559153179339326,25.129608945429162,0.8956955285840308,0.32432027367682004,0.8977120666035124,0.52432027367682,0.021852324818239604,0.170082325314973,10.0,51,53.43970362370606
geom_0013,2405,22.559153179339326,25.129608945429162,0.8956955285840308,0.32432027367682004,0.8977120666035124,0.52432027367682,0.021852324818239604,0.170082325314973,10.0,52,53.28413998679169
geom_0013,2406,22.559153179339326,25.129608945429162,0.8956955285840308,0.32432027367682004,0.8977120666035124,0.52432027367682,0.021852324818239604,0.170082325314973,10.0,53,53.16049428173553
geom_0013,2407,22.559153179339326,25.129608945429162,0.8956955285840308,0.32432027367682004,0.8977120666035124,0.52432027367682,0.021852324818239604,0.170082325314973,10.0,54,53.22618248470186
geom_0013,2408,22.559153179339326,25.129608945429162,0.8956955285840308,0.32432027367682004,0.8977120666035124,0.52432027367682,0.021852324818239604,0.170082325314973,10.0,55,53.248752736092925
geom_0013,2409,22.559153179339326,25.129608945429162,0.8956955285840308,0.32432027367682004,0.8977120666035124,0.52432027367682,0.021852324818239604,0.170082325314973,10.0,56,53.19082197755111
geom_0013,2410,22.559153179339326,25.129608945429162,0.8956955285840308,0.32432027367682004,0.8977120666035124,0.52432027367682,0.021852324818239604,0.170082325314973,10.0,57,53.130572078833026
geom_0013,2411,22.559153179339326,25.129608945429162,0.8956955285840308,0.32432027367682004,0.8977120666035124,0.52432027367682,0.021852324818239604,0.170082325314973,10.0,58,53.15781544553331
geom_0013,2412,22.559153179339326,25.129608945429162,0.8956955285840308,0.32432027367682004,0.8977120666035124,0.52432027367682,0.021852324818239604,0.170082325314973,10.0,59,53.13966532071511
geom_0013,2413,22.559153179339326,25.129608945429162,0.8956955285840308,0.32432027367682004,0.8977120666035124,0.52432027367682,0.021852324818239604,0.170082325314973,10.0,60,53.132875211117785
geom_0013,2414,22.559153179339326,25.129608945429162,0.8956955285840308,0.32432027367682004,0.8977120666035124,0.52432027367682,0.021852324818239604,0.170082325314973,10.0,61,53.0318400111331
geom_0013,2415,22.559153179339326,25.129608945429162,0.8956955285840308,0.32432027367682004,0.8977120666035124,0.52432027367682,0.021852324818239604,0.170082325314973,10.0,62,52.9230025269252
geom_0013,2416,22.559153179339326,25.129608945429162,0.8956955285840308,0.32432027367682004,0.8977120666035124,0.52432027367682,0.021852324818239604,0.170082325314973,10.0,63,52.92761504302651
geom_0013,2417,22.559153179339326,25.129608945429162,0.8956955285840308,0.32432027367682004,0.8977120666035124,0.52432027367682,0.021852324818239604,0.170082325314973,10.0,64,53.00735528070584
geom_0013,2418,22.559153179339326,25.129608945429162,0.8956955285840308,0.32432027367682004,0.8977120666035124,0.52432027367682,0.021852324818239604,0.170082325314973,10.0,65,52.77934909688992
geom_0013,2419,22.559153179339326,25.129608945429162,0.8956955285840308,0.32432027367682004,0.8977120666035124,0.52432027367682,0.021852324818239604,0.170082325314973,10.0,66,52.87287084107936
geom_0013,2420,22.559153179339326,25.129608945429162,0.8956955285840308,0.32432027367682004,0.8977120666035124,0.52432027367682,0.021852324818239604,0.170082325314973,10.0,67,52.7722967744288
geom_0013,2421,22.559153179339326,25.129608945429162,0.8956955285840308,0.32432027367682004,0.8977120666035124,0.52432027367682,0.021852324818239604,0.170082325314973,10.0,68,52.79084099536423
geom_0013,2422,22.559153179339326,25.129608945429162,0.8956955285840308,0.32432027367682004,0.8977120666035124,0.52432027367682,0.021852324818239604,0.170082325314973,10.0,69,52.8928973054842
geom_0013,2423,22.559153179339326,25.129608945429162,0.8956955285840308,0.32432027367682004,0.8977120666035124,0.52432027367682,0.021852324818239604,0.170082325314973,10.0,70,52.7620369881405
geom_0013,2424,22.559153179339326,25.129608945429162,0.8956955285840308,0.32432027367682004,0.8977120666035124,0.52432027367682,0.021852324818239604,0.170082325314973,10.0,71,52.72627318004932
geom_0013,2425,22.559153179339326,25.129608945429162,0.8956955285840308,0.32432027367682004,0.8977120666035124,0.52432027367682,0.021852324818239604,0.170082325314973,10.0,72,52.56521043137505
geom_0013,2426,22.559153179339326,25.129608945429162,0.8956955285840308,0.32432027367682004,0.8977120666035124,0.52432027367682,0.021852324818239604,0.170082325314973,10.0,73,52.756287014141385
geom_0013,2427,22.559153179339326,25.129608945429162,0.8956955285840308,0.32432027367682004,0.8977120666035124,0.52432027367682,0.021852324818239604,0.170082325314973,10.0,74,52.72760817020126
geom_0013,2428,22.559153179339326,25.129608945429162,0.8956955285840308,0.32432027367682004,0.8977120666035124,0.52432027367682,0.021852324818239604,0.170082325314973,10.0,75,52.86174752367718
geom_0013,2429,22.559153179339326,25.129608945429162,0.8956955285840308,0.32432027367682004,0.8977120666035124,0.52432027367682,0.021852324818239604,0.170082325314973,10.0,76,52.59800074421346
geom_0013,2430,22.559153179339326,25.129608945429162,0.8956955285840308,0.32432027367682004,0.8977120666035124,0.52432027367682,0.021852324818239604,0.170082325314973,10.0,77,52.63507259733327
geom_0013,2431,22.559153179339326,25.129608945429162,0.8956955285840308,0.32432027367682004,0.8977120666035124,0.52432027367682,0.021852324818239604,0.170082325314973,10.0,78,52.623523887819935
geom_0013,2432,22.559153179339326,25.129608945429162,0.8956955285840308,0.32432027367682004,0.8977120666035124,0.52432027367682,0.021852324818239604,0.170082325314973,10.0,79,52.74283241746665
geom_0013,2433,22.559153179339326,25.129608945429162,0.8956955285840308,0.32432027367682004,0.8977120666035124,0.52432027367682,0.021852324818239604,0.170082325314973,10.0,80,52.563155526052014
geom_0013,2434,22.559153179339326,25.129608945429162,0.8956955285840308,0.32432027367682004,0.8977120666035124,0.52432027367682,0.021852324818239604,0.170082325314973,10.0,81,52.589302563769735
geom_0013,2435,22.559153179339326,25.129608945429162,0.8956955285840308,0.32432027367682004,0.8977120666035124,0.52432027367682,0.021852324818239604,0.170082325314973,10.0,82,52.612041748992475
geom_0013,2436,22.559153179339326,25.129608945429162,0.8956955285840308,0.32432027367682004,0.8977120666035124,0.52432027367682,0.021852324818239604,0.170082325314973,10.0,83,52.56091813062944
geom_0013,2437,22.559153179339326,25.129608945429162,0.8956955285840308,0.32432027367682004,0.8977120666035124,0.52432027367682,0.021852324818239604,0.170082325314973,10.0,84,52.48978753262594
geom_0013,2438,22.559153179339326,25.129608945429162,0.8956955285840308,0.32432027367682004,0.8977120666035124,0.52432027367682,0.021852324818239604,0.170082325314973,10.0,85,52.54719527040017
geom_0013,2439,22.559153179339326,25.129608945429162,0.8956955285840308,0.32432027367682004,0.8977120666035124,0.52432027367682,0.021852324818239604,0.170082325314973,10.0,86,52.629697676838425
geom_0013,2440,22.559153179339326,25.129608945429162,0.8956955285840308,0.32432027367682004,0.8977120666035124,0.52432027367682,0.021852324818239604,0.170082325314973,10.0,87,52.415433200960784
geom_0013,2441,22.559153179339326,25.129608945429162,0.8956955285840308,0.32432027367682004,0.8977120666035124,0.52432027367682,0.021852324818239604,0.170082325314973,10.0,88,52.528341050508295
geom_0013,2442,22.559153179339326,25.129608945429162,0.8956955285840308,0.32432027367682004,0.8977120666035124,0.52432027367682,0.021852324818239604,0.170082325314973,10.0,89,52.44320557273538
geom_0013,2443,22.559153179339326,25.129608945429162,0.8956955285840308,0.32432027367682004,0.8977120666035124,0.52432027367682,0.021852324818239604,0.170082325314973,10.0,90,52.632113167337636
geom_0013,2444,22.559153179339326,25.129608945429162,0.8956955285840308,0.32432027367682004,0.8977120666035124,0.52432027367682,0.021852324818239604,0.170082325314973,10.0,91,52.36089896375092
geom_0013,2445,22.559153179339326,25.129608945429162,0.8956955285840308,0.32432027367682004,0.8977120666035124,0.52432027367682,0.021852324818239604,0.170082325314973,10.0,92,52.45915189836645
geom_0013,2446,22.559153179339326,25.129608945429162,0.8956955285840308,0.32432027367682004,0.8977120666035124,0.52432027367682,0.021852324818239604,0.170082325314973,10.0,93,52.55580591840834
geom_0013,2447,22.559153179339326,25.129608945429162,0.8956955285840308,0.32432027367682004,0.8977120666035124,0.52432027367682,0.021852324818239604,0.170082325314973,10.0,94,52.67888690477588
geom_0013,2448,22.559153179339326,25.129608945429162,0.8956955285840308,0.32432027367682004,0.8977120666035124,0.52432027367682,0.021852324818239604,0.170082325314973,10.0,95,52.52121124500304
geom_0013,2449,22.559153179339326,25.129608945429162,0.8956955285840308,0.32432027367682004,0.8977120666035124,0.52432027367682,0.021852324818239604,0.170082325314973,10.0,96,52.47891094141167
geom_0013,2450,22.559153179339326,25.129608945429162,0.8956955285840308,0.32432027367682004,0.8977120666035124,0.52432027367682,0.021852324818239604,0.170082325314973,10.0,97,52.73037292525787
geom_0013,2451,22.559153179339326,25.129608945429162,0.8956955285840308,0.32432027367682004,0.8977120666035124,0.52432027367682,0.021852324818239604,0.170082325314973,10.0,98,52.4064507079792
geom_0013,2452,22.559153179339326,25.129608945429162,0.8956955285840308,0.32432027367682004,0.8977120666035124,0.52432027367682,0.021852324818239604,0.170082325314973,10.0,99,52.341519815530695
geom_0013,2453,22.559153179339326,25.129608945429162,0.8956955285840308,0.32432027367682004,0.8977120666035124,0.52432027367682,0.021852324818239604,0.170082325314973,10.0,100,52.61668652429604
geom_0013,2454,22.559153179339326,25.129608945429162,0.8956955285840308,0.32432027367682004,0.8977120666035124,0.52432027367682,0.021852324818239604,0.170082325314973,10.0,101,52.53488166705504
geom_0013,2455,22.559153179339326,25.129608945429162,0.8956955285840308,0.32432027367682004,0.8977120666035124,0.52432027367682,0.021852324818239604,0.170082325314973,10.0,102,52.49646223773579
geom_0013,2456,22.559153179339326,25.129608945429162,0.8956955285840308,0.32432027367682004,0.8977120666035124,0.52432027367682,0.021852324818239604,0.170082325314973,10.0,103,52.68399320929681
geom_0013,2457,22.559153179339326,25.129608945429162,0.8956955285840308,0.32432027367682004,0.8977120666035124,0.52432027367682,0.021852324818239604,0.170082325314973,10.0,104,52.65315863908587
geom_0013,2458,22.559153179339326,25.129608945429162,0.8956955285840308,0.32432027367682004,0.8977120666035124,0.52432027367682,0.021852324818239604,0.170082325314973,10.0,105,52.58901418827296
geom_0013,2459,22.559153179339326,25.129608945429162,0.8956955285840308,0.32432027367682004,0.8977120666035124,0.52432027367682,0.021852324818239604,0.170082325314973,10.0,106,52.53502931222006
geom_0013,2460,22.559153179339326,25.129608945429162,0.8956955285840308,0.32432027367682004,0.8977120666035124,0.52432027367682,0.021852324818239604,0.170082325314973,10.0,107,52.76890739036668
geom_0013,2461,22.559153179339326,25.129608945429162,0.8956955285840308,0.32432027367682004,0.8977120666035124,0.52432027367682,0.021852324818239604,0.170082325314973,10.0,108,52.76621616326891
geom_0013,2462,22.559153179339326,25.129608945429162,0.8956955285840308,0.32432027367682004,0.8977120666035124,0.52432027367682,0.021852324818239604,0.170082325314973,10.0,109,52.711711938855764
geom_0013,2463,22.559153179339326,25.129608945429162,0.8956955285840308,0.32432027367682004,0.8977120666035124,0.52432027367682,0.021852324818239604,0.170082325314973,10.0,110,52.92759078094328
geom_0013,2464,22.559153179339326,25.129608945429162,0.8956955285840308,0.32432027367682004,0.8977120666035124,0.52432027367682,0.021852324818239604,0.170082325314973,10.0,111,52.658043642590854
geom_0013,2465,22.559153179339326,25.129608945429162,0.8956955285840308,0.32432027367682004,0.8977120666035124,0.52432027367682,0.021852324818239604,0.170082325314973,10.0,112,52.635413995978276
geom_0013,2466,22.559153179339326,25.129608945429162,0.8956955285840308,0.32432027367682004,0.8977120666035124,0.52432027367682,0.021852324818239604,0.170082325314973,10.0,113,52.74243984867341
geom_0013,2467,22.559153179339326,25.129608945429162,0.8956955285840308,0.32432027367682004,0.8977120666035124,0.52432027367682,0.021852324818239604,0.170082325314973,10.0,114,52.83144490855652
geom_0013,2468,22.559153179339326,25.129608945429162,0.8956955285840308,0.32432027367682004,0.8977120666035124,0.52432027367682,0.021852324818239604,0.170082325314973,10.0,115,52.885376608920915
geom_0013,2469,22.559153179339326,25.129608945429162,0.8956955285840308,0.32432027367682004,0.8977120666035124,0.52432027367682,0.021852324818239604,0.170082325314973,10.0,116,52.86258077826937
geom_0013,2470,22.559153179339326,25.129608945429162,0.8956955285840308,0.32432027367682004,0.8977120666035124,0.52432027367682,0.021852324818239604,0.170082325314973,10.0,117,52.94814921403461
geom_0013,2471,22.559153179339326,25.129608945429162,0.8956955285840308,0.32432027367682004,0.8977120666035124,0.52432027367682,0.021852324818239604,0.170082325314973,10.0,118,52.81456039253784
geom_0013,2472,22.559153179339326,25.129608945429162,0.8956955285840308,0.32432027367682004,0.8977120666035124,0.52432027367682,0.021852324818239604,0.170082325314973,10.0,119,53.111345482781466
geom_0013,2473,22.559153179339326,25.129608945429162,0.8956955285840308,0.32432027367682004,0.8977120666035124,0.52432027367682,0.021852324818239604,0.170082325314973,10.0,120,52.98644419417477
geom_0013,2474,22.559153179339326,25.129608945429162,0.8956955285840308,0.32432027367682004,0.8977120666035124,0.52432027367682,0.021852324818239604,0.170082325314973,10.0,121,53.13446534482936
geom_0013,2475,22.559153179339326,25.129608945429162,0.8956955285840308,0.32432027367682004,0.8977120666035124,0.52432027367682,0.021852324818239604,0.170082325314973,10.0,122,53.08542051121216
geom_0013,2476,22.559153179339326,25.129608945429162,0.8956955285840308,0.32432027367682004,0.8977120666035124,0.52432027367682,0.021852324818239604,0.170082325314973,10.0,123,53.125519997637674
geom_0013,2477,22.559153179339326,25.129608945429162,0.8956955285840308,0.32432027367682004,0.8977120666035124,0.52432027367682,0.021852324818239604,0.170082325314973,10.0,124,53.165750487454595
geom_0013,2478,22.559153179339326,25.129608945429162,0.8956955285840308,0.32432027367682004,0.8977120666035124,0.52432027367682,0.021852324818239604,0.170082325314973,10.0,125,53.182653234036366
geom_0013,2479,22.559153179339326,25.129608945429162,0.8956955285840308,0.32432027367682004,0.8977120666035124,0.52432027367682,0.021852324818239604,0.170082325314973,10.0,126,53.23138927761938
geom_0013,2480,22.559153179339326,25.129608945429162,0.8956955285840308,0.32432027367682004,0.8977120666035124,0.52432027367682,0.021852324818239604,0.170082325314973,10.0,127,53.329338743827485
geom_0013,2481,22.559153179339326,25.129608945429162,0.8956955285840308,0.32432027367682004,0.8977120666035124,0.52432027367682,0.021852324818239604,0.170082325314973,10.0,128,53.24539928522925
geom_0013,2482,22.559153179339326,25.129608945429162,0.8956955285840308,0.32432027367682004,0.8977120666035124,0.52432027367682,0.021852324818239604,0.170082325314973,10.0,129,53.32593326689131
geom_0013,2483,22.559153179339326,25.129608945429162,0.8956955285840308,0.32432027367682004,0.8977120666035124,0.52432027367682,0.021852324818239604,0.170082325314973,10.0,130,53.275251554753986
geom_0013,2484,22.559153179339326,25.129608945429162,0.8956955285840308,0.32432027367682004,0.8977120666035124,0.52432027367682,0.021852324818239604,0.170082325314973,10.0,131,53.45727973499555
geom_0013,2485,22.559153179339326,25.129608945429162,0.8956955285840308,0.32432027367682004,0.8977120666035124,0.52432027367682,0.021852324818239604,0.170082325314973,10.0,132,53.27446623029254
geom_0013,2486,22.559153179339326,25.129608945429162,0.8956955285840308,0.32432027367682004,0.8977120666035124,0.52432027367682,0.021852324818239604,0.170082325314973,10.0,133,53.55077524035839
geom_0013,2487,22.559153179339326,25.129608945429162,0.8956955285840308,0.32432027367682004,0.8977120666035124,0.52432027367682,0.021852324818239604,0.170082325314973,10.0,134,53.39492306500427
geom_0013,2488,22.559153179339326,25.129608945429162,0.8956955285840308,0.32432027367682004,0.8977120666035124,0.52432027367682,0.021852324818239604,0.170082325314973,10.0,135,53.28374455660644
geom_0013,2489,22.559153179339326,25.129608945429162,0.8956955285840308,0.32432027367682004,0.8977120666035124,0.52432027367682,0.021852324818239604,0.170082325314973,10.0,136,53.467084931907976
geom_0013,2490,22.559153179339326,25.129608945429162,0.8956955285840308,0.32432027367682004,0.8977120666035124,0.52432027367682,0.021852324818239604,0.170082325314973,10.0,137,53.41313476943885
geom_0013,2491,22.559153179339326,25.129608945429162,0.8956955285840308,0.32432027367682004,0.8977120666035124,0.52432027367682,0.021852324818239604,0.170082325314973,10.0,138,53.59172676696322
geom_0013,2492,22.559153179339326,25.129608945429162,0.8956955285840308,0.32432027367682004,0.8977120666035124,0.52432027367682,0.021852324818239604,0.170082325314973,10.0,139,53.46822381593603
geom_0013,2493,22.559153179339326,25.129608945429162,0.8956955285840308,0.32432027367682004,0.8977120666035124,0.52432027367682,0.021852324818239604,0.170082325314973,10.0,140,53.514037646997146
geom_0013,2494,22.559153179339326,25.129608945429162,0.8956955285840308,0.32432027367682004,0.8977120666035124,0.52432027367682,0.021852324818239604,0.170082325314973,10.0,141,53.394162749676916
geom_0013,2495,22.559153179339326,25.129608945429162,0.8956955285840308,0.32432027367682004,0.8977120666035124,0.52432027367682,0.021852324818239604,0.170082325314973,10.0,142,53.56158366657106
geom_0013,2496,22.559153179339326,25.129608945429162,0.8956955285840308,0.32432027367682004,0.8977120666035124,0.52432027367682,0.021852324818239604,0.170082325314973,10.0,143,53.387306651811855
geom_0013,2497,22.559153179339326,25.129608945429162,0.8956955285840308,0.32432027367682004,0.8977120666035124,0.52432027367682,0.021852324818239604,0.170082325314973,10.0,144,53.49331421824395
geom_0013,2498,22.559153179339326,25.129608945429162,0.8956955285840308,0.32432027367682004,0.8977120666035124,0.52432027367682,0.021852324818239604,0.170082325314973,10.0,145,53.74883305775018
geom_0013,2499,22.559153179339326,25.129608945429162,0.8956955285840308,0.32432027367682004,0.8977120666035124,0.52432027367682,0.021852324818239604,0.170082325314973,10.0,146,53.7714842173756
geom_0013,2500,22.559153179339326,25.129608945429162,0.8956955285840308,0.32432027367682004,0.8977120666035124,0.52432027367682,0.021852324818239604,0.170082325314973,10.0,147,53.754537295267404
geom_0013,2501,22.559153179339326,25.129608945429162,0.8956955285840308,0.32432027367682004,0.8977120666035124,0.52432027367682,0.021852324818239604,0.170082325314973,10.0,148,53.63330613878226
geom_0013,2502,22.559153179339326,25.129608945429162,0.8956955285840308,0.32432027367682004,0.8977120666035124,0.52432027367682,0.021852324818239604,0.170082325314973,10.0,149,53.7421208628299
geom_0013,2503,22.559153179339326,25.129608945429162,0.8956955285840308,0.32432027367682004,0.8977120666035124,0.52432027367682,0.021852324818239604,0.170082325314973,10.0,150,53.762248250536096
geom_0013,2504,22.559153179339326,25.129608945429162,0.8956955285840308,0.32432027367682004,0.8977120666035124,0.52432027367682,0.021852324818239604,0.170082325314973,10.0,151,53.66127017236838
geom_0013,2505,22.559153179339326,25.129608945429162,0.8956955285840308,0.32432027367682004,0.8977120666035124,0.52432027367682,0.021852324818239604,0.170082325314973,10.0,152,53.940680815399766
geom_0013,2506,22.559153179339326,25.129608945429162,0.8956955285840308,0.32432027367682004,0.8977120666035124,0.52432027367682,0.021852324818239604,0.170082325314973,10.0,153,53.890003611420525
geom_0013,2507,22.559153179339326,25.129608945429162,0.8956955285840308,0.32432027367682004,0.8977120666035124,0.52432027367682,0.021852324818239604,0.170082325314973,10.0,154,53.790746593628825
geom_0013,2508,22.559153179339326,25.129608945429162,0.8956955285840308,0.32432027367682004,0.8977120666035124,0.52432027367682,0.021852324818239604,0.170082325314973,10.0,155,53.82471502635582
geom_0013,2509,22.559153179339326,25.129608945429162,0.8956955285840308,0.32432027367682004,0.8977120666035124,0.52432027367682,0.021852324818239604,0.170082325314973,10.0,156,53.850615980929796
geom_0013,2510,22.559153179339326,25.129608945429162,0.8956955285840308,0.32432027367682004,0.8977120666035124,0.52432027367682,0.021852324818239604,0.170082325314973,10.0,157,53.63188483026977
geom_0013,2511,22.559153179339326,25.129608945429162,0.8956955285840308,0.32432027367682004,0.8977120666035124,0.52432027367682,0.021852324818239604,0.170082325314973,10.0,158,53.816113653532895
geom_0013,2512,22.559153179339326,25.129608945429162,0.8956955285840308,0.32432027367682004,0.8977120666035124,0.52432027367682,0.021852324818239604,0.170082325314973,10.0,159,53.77586321695207
geom_0013,2513,22.559153179339326,25.129608945429162,0.8956955285840308,0.32432027367682004,0.8977120666035124,0.52432027367682,0.021852324818239604,0.170082325314973,10.0,160,53.745553454785465
geom_0013,2514,22.559153179339326,25.129608945429162,0.8956955285840308,0.32432027367682004,0.8977120666035124,0.52432027367682,0.021852324818239604,0.170082325314973,10.0,161,53.81765091448095
geom_0013,2515,22.559153179339326,25.129608945429162,0.8956955285840308,0.32432027367682004,0.8977120666035124,0.52432027367682,0.021852324818239604,0.170082325314973,10.0,162,54.02393663744242
geom_0013,2516,22.559153179339326,25.129608945429162,0.8956955285840308,0.32432027367682004,0.8977120666035124,0.52432027367682,0.021852324818239604,0.170082325314973,10.0,163,53.90499255884989
geom_0013,2517,22.559153179339326,25.129608945429162,0.8956955285840308,0.32432027367682004,0.8977120666035124,0.52432027367682,0.021852324818239604,0.170082325314973,10.0,164,53.77883746133551
geom_0013,2518,22.559153179339326,25.129608945429162,0.8956955285840308,0.32432027367682004,0.8977120666035124,0.52432027367682,0.021852324818239604,0.170082325314973,10.0,165,53.886542978462465
geom_0013,2519,22.559153179339326,25.129608945429162,0.8956955285840308,0.32432027367682004,0.8977120666035124,0.52432027367682,0.021852324818239604,0.170082325314973,10.0,166,53.96080922859148
geom_0013,2520,22.559153179339326,25.129608945429162,0.8956955285840308,0.32432027367682004,0.8977120666035124,0.52432027367682,0.021852324818239604,0.170082325314973,10.0,167,53.903165050872914
geom_0013,2521,22.559153179339326,25.129608945429162,0.8956955285840308,0.32432027367682004,0.8977120666035124,0.52432027367682,0.021852324818239604,0.170082325314973,10.0,168,53.804713109536586
geom_0013,2522,22.559153179339326,25.129608945429162,0.8956955285840308,0.32432027367682004,0.8977120666035124,0.52432027367682,0.021852324818239604,0.170082325314973,10.0,169,53.72030859927787
geom_0013,2523,22.559153179339326,25.129608945429162,0.8956955285840308,0.32432027367682004,0.8977120666035124,0.52432027367682,0.021852324818239604,0.170082325314973,10.0,170,53.83926612231924
geom_0013,2524,22.559153179339326,25.129608945429162,0.8956955285840308,0.32432027367682004,0.8977120666035124,0.52432027367682,0.021852324818239604,0.170082325314973,10.0,171,53.791410747510525
geom_0013,2525,22.559153179339326,25.129608945429162,0.8956955285840308,0.32432027367682004,0.8977120666035124,0.52432027367682,0.021852324818239604,0.170082325314973,10.0,172,53.822366572275534
geom_0013,2526,22.559153179339326,25.129608945429162,0.8956955285840308,0.32432027367682004,0.8977120666035124,0.52432027367682,0.021852324818239604,0.170082325314973,10.0,173,53.775307960837644
geom_0013,2527,22.559153179339326,25.129608945429162,0.8956955285840308,0.32432027367682004,0.8977120666035124,0.52432027367682,0.021852324818239604,0.170082325314973,10.0,174,53.7938421036131
geom_0013,2528,22.559153179339326,25.129608945429162,0.8956955285840308,0.32432027367682004,0.8977120666035124,0.52432027367682,0.021852324818239604,0.170082325314973,10.0,175,53.61060809830273
geom_0013,2529,22.559153179339326,25.129608945429162,0.8956955285840308,0.32432027367682004,0.8977120666035124,0.52432027367682,0.021852324818239604,0.170082325314973,10.0,176,53.76926296160919
geom_0013,2530,22.559153179339326,25.129608945429162,0.8956955285840308,0.32432027367682004,0.8977120666035124,0.52432027367682,0.021852324818239604,0.170082325314973,10.0,177,53.62882322045269
geom_0013,2531,22.559153179339326,25.129608945429162,0.8956955285840308,0.32432027367682004,0.8977120666035124,0.52432027367682,0.021852324818239604,0.170082325314973,10.0,178,53.78627966050242
geom_0013,2532,22.559153179339326,25.129608945429162,0.8956955285840308,0.32432027367682004,0.8977120666035124,0.52432027367682,0.021852324818239604,0.170082325314973,10.0,179,53.47768077603941
geom_0013,2533,22.559153179339326,25.129608945429162,0.8956955285840308,0.32432027367682004,0.8977120666035124,0.52432027367682,0.021852324818239604,0.170082325314973,10.0,180,53.68620488476168
geom_0014,2534,22.559153179339326,25.129608945429162,0.8956955285840308,0.32432027367682004,0.8977120666035124,0.52432027367682,0.021852324818239604,0.170082325314973,10.0,0,53.50914001570648
geom_0014,2535,22.559153179339326,25.129608945429162,0.8956955285840308,0.32432027367682004,0.8977120666035124,0.52432027367682,0.021852324818239604,0.170082325314973,10.0,1,53.570021031102016
geom_0014,2536,22.559153179339326,25.129608945429162,0.8956955285840308,0.32432027367682004,0.8977120666035124,0.52432027367682,0.021852324818239604,0.170082325314973,10.0,2,53.7338036225213
geom_0014,2537,22.559153179339326,25.129608945429162,0.8956955285840308,0.32432027367682004,0.8977120666035124,0.52432027367682,0.021852324818239604,0.170082325314973,10.0,3,53.50922785590957
geom_0014,2538,22.559153179339326,25.129608945429162,0.8956955285840308,0.32432027367682004,0.8977120666035124,0.52432027367682,0.021852324818239604,0.170082325314973,10.0,4,53.73595579489342
geom_0014,2539,22.559153179339326,25.129608945429162,0.8956955285840308,0.32432027367682004,0.8977120666035124,0.52432027367682,0.021852324818239604,0.170082325314973,10.0,5,53.64273273503623
geom_0014,2540,22.559153179339326,25.129608945429162,0.8956955285840308,0.32432027367682004,0.8977120666035124,0.52432027367682,0.021852324818239604,0.170082325314973,10.0,6,53.683940461115924
geom_0014,2541,22.559153179339326,25.129608945429162,0.8956955285840308,0.32432027367682004,0.8977120666035124,0.52432027367682,0.021852324818239604,0.170082325314973,10.0,7,53.77927272988611
geom_0014,2542,22.559153179339326,25.129608945429162,0.8956955285840308,0.32432027367682004,0.8977120666035124,0.52432027367682,0.021852324818239604,0.170082325314973,10.0,8,53.620575048116535
geom_0014,2543,22.559153179339326,25.129608945429162,0.8956955285840308,0.32432027367682004,0.8977120666035124,0.52432027367682,0.021852324818239604,0.170082325314973,10.0,9,53.79030318358675
geom_0014,2544,22.559153179339326,25.129608945429162,0.8956955285840308,0.32432027367682004,0.8977120666035124,0.52432027367682,0.021852324818239604,0.170082325314973,10.0,10,53.78608901177918
geom_0014,2545,22.559153179339326,25.129608945429162,0.8956955285840308,0.32432027367682004,0.8977120666035124,0.52432027367682,0.021852324818239604,0.170082325314973,10.0,11,53.83424740344924
geom_0014,2546,22.559153179339326,25.129608945429162,0.8956955285840308,0.32432027367682004,0.8977120666035124,0.52432027367682,0.021852324818239604,0.170082325314973,10.0,12,53.82766693693535
geom_0014,2547,22.559153179339326,25.129608945429162,0.8956955285840308,0.32432027367682004,0.8977120666035124,0.52432027367682,0.021852324818239604,0.170082325314973,10.0,13,54.05623169657272
geom_0014,2548,22.559153179339326,25.129608945429162,0.8956955285840308,0.32432027367682004,0.8977120666035124,0.52432027367682,0.021852324818239604,0.170082325314973,10.0,14,53.75709968650774
geom_0014,2549,22.559153179339326,25.129608945429162,0.8956955285840308,0.32432027367682004,0.8977120666035124,0.52432027367682,0.021852324818239604,0.170082325314973,10.0,15,53.77618500482667
geom_0014,2550,22.559153179339326,25.129608945429162,0.8956955285840308,0.32432027367682004,0.8977120666035124,0.52432027367682,0.021852324818239604,0.170082325314973,10.0,16,53.77364130767131
geom_0014,2551,22.559153179339326,25.129608945429162,0.8956955285840308,0.32432027367682004,0.8977120666035124,0.52432027367682,0.021852324818239604,0.170082325314973,10.0,17,53.78536056080716
geom_0014,2552,22.559153179339326,25.129608945429162,0.8956955285840308,0.32432027367682004,0.8977120666035124,0.52432027367682,0.021852324818239604,0.170082325314973,10.0,18,53.780429272026815
geom_0014,2553,22.559153179339326,25.129608945429162,0.8956955285840308,0.32432027367682004,0.8977120666035124,0.52432027367682,0.021852324818239604,0.170082325314973,10.0,19,53.9646625968803
geom_0014,2554,22.559153179339326,25.129608945429162,0.8956955285840308,0.32432027367682004,0.8977120666035124,0.52432027367682,0.021852324818239604,0.170082325314973,10.0,20,53.987765880573946
geom_0014,2555,22.559153179339326,25.129608945429162,0.8956955285840308,0.32432027367682004,0.8977120666035124,0.52432027367682,0.021852324818239604,0.170082325314973,10.0,21,53.786987012376905
geom_0014,2556,22.559153179339326,25.129608945429162,0.8956955285840308,0.32432027367682004,0.8977120666035124,0.52432027367682,0.021852324818239604,0.170082325314973,10.0,22,53.75759583447453
geom_0014,2557,22.559153179339326,25.129608945429162,0.8956955285840308,0.32432027367682004,0.8977120666035124,0.52432027367682,0.021852324818239604,0.170082325314973,10.0,23,53.883199872750836
geom_0014,2558,22.559153179339326,25.129608945429162,0.8956955285840308,0.32432027367682004,0.8977120666035124,0.52432027367682,0.021852324818239604,0.170082325314973,10.0,24,53.77455539570694
geom_0014,2559,22.559153179339326,25.129608945429162,0.8956955285840308,0.32432027367682004,0.8977120666035124,0.52432027367682,0.021852324818239604,0.170082325314973,10.0,25,53.88531962423191
geom_0014,2560,22.559153179339326,25.129608945429162,0.8956955285840308,0.32432027367682004,0.8977120666035124,0.52432027367682,0.021852324818239604,0.170082325314973,10.0,26,53.833135313096925
geom_0014,2561,22.559153179339326,25.129608945429162,0.8956955285840308,0.32432027367682004,0.8977120666035124,0.52432027367682,0.021852324818239604,0.170082325314973,10.0,27,53.65069297086323
geom_0014,2562,22.559153179339326,25.129608945429162,0.8956955285840308,0.32432027367682004,0.8977120666035124,0.52432027367682,0.021852324818239604,0.170082325314973,10.0,28,53.94509150535606
geom_0014,2563,22.559153179339326,25.129608945429162,0.8956955285840308,0.32432027367682004,0.8977120666035124,0.52432027367682,0.021852324818239604,0.170082325314973,10.0,29,53.95669440859719
geom_0014,2564,22.559153179339326,25.129608945429162,0.8956955285840308,0.32432027367682004,0.8977120666035124,0.52432027367682,0.021852324818239604,0.170082325314973,10.0,30,53.70132963539672
geom_0014,2565,22.559153179339326,25.129608945429162,0.8956955285840308,0.32432027367682004,0.8977120666035124,0.52432027367682,0.021852324818239604,0.170082325314973,10.0,31,53.7081218424505
geom_0014,2566,22.559153179339326,25.129608945429162,0.8956955285840308,0.32432027367682004,0.8977120666035124,0.52432027367682,0.021852324818239604,0.170082325314973,10.0,32,53.758590292167675
geom_0014,2567,22.559153179339326,25.129608945429162,0.8956955285840308,0.32432027367682004,0.8977120666035124,0.52432027367682,0.021852324818239604,0.170082325314973,10.0,33,53.74543721808761
geom_0014,2568,22.559153179339326,25.129608945429162,0.8956955285840308,0.32432027367682004,0.8977120666035124,0.52432027367682,0.021852324818239604,0.170082325314973,10.0,34,53.7587586287778
geom_0014,2569,22.559153179339326,25.129608945429162,0.8956955285840308,0.32432027367682004,0.8977120666035124,0.52432027367682,0.021852324818239604,0.170082325314973,10.0,35,53.87381204601239
geom_0014,2570,22.559153179339326,25.129608945429162,0.8956955285840308,0.32432027367682004,0.8977120666035124,0.52432027367682,0.021852324818239604,0.170082325314973,10.0,36,53.63400977784312
geom_0014,2571,22.559153179339326,25.129608945429162,0.8956955285840308,0.32432027367682004,0.8977120666035124,0.52432027367682,0.021852324818239604,0.170082325314973,10.0,37,53.549864860020904
geom_0014,2572,22.559153179339326,25.129608945429162,0.8956955285840308,0.32432027367682004,0.8977120666035124,0.52432027367682,0.021852324818239604,0.170082325314973,10.0,38,53.46888237569452
geom_0014,2573,22.559153179339326,25.129608945429162,0.8956955285840308,0.32432027367682004,0.8977120666035124,0.52432027367682,0.021852324818239604,0.170082325314973,10.0,39,53.51002381877727
geom_0014,2574,22.559153179339326,25.129608945429162,0.8956955285840308,0.32432027367682004,0.8977120666035124,0.52432027367682,0.021852324818239604,0.170082325314973,10.0,40,53.55534329303125
geom_0014,2575,22.559153179339326,25.129608945429162,0.8956955285840308,0.32432027367682004,0.8977120666035124,0.52432027367682,0.021852324818239604,0.170082325314973,10.0,41,53.71294200021805
geom_0014,2576,22.559153179339326,25.129608945429162,0.8956955285840308,0.32432027367682004,0.8977120666035124,0.52432027367682,0.021852324818239604,0.170082325314973,10.0,42,53.45590128216073
geom_0014,2577,22.559153179339326,25.129608945429162,0.8956955285840308,0.32432027367682004,0.8977120666035124,0.52432027367682,0.021852324818239604,0.170082325314973,10.0,43,53.503618730350226
geom_0014,2578,22.559153179339326,25.129608945429162,0.8956955285840308,0.32432027367682004,0.8977120666035124,0.52432027367682,0.021852324818239604,0.170082325314973,10.0,44,53.452632200809624
geom_0014,2579,22.559153179339326,25.129608945429162,0.8956955285840308,0.32432027367682004,0.8977120666035124,0.52432027367682,0.021852324818239604,0.170082325314973,10.0,45,53.545661394163055
geom_0014,2580,22.559153179339326,25.129608945429162,0.8956955285840308,0.32432027367682004,0.8977120666035124,0.52432027367682,0.021852324818239604,0.170082325314973,10.0,46,53.651632102656066
geom_0014,2581,22.559153179339326,25.129608945429162,0.8956955285840308,0.32432027367682004,0.8977120666035124,0.52432027367682,0.021852324818239604,0.170082325314973,10.0,47,53.317594319775274
geom_0014,2582,22.559153179339326,25.129608945429162,0.8956955285840308,0.32432027367682004,0.8977120666035124,0.52432027367682,0.021852324818239604,0.170082325314973,10.0,48,53.293161516246634
geom_0014,2583,22.559153179339326,25.129608945429162,0.8956955285840308,0.32432027367682004,0.8977120666035124,0.52432027367682,0.021852324818239604,0.170082325314973,10.0,49,53.41768410115751
geom_0014,2584,22.559153179339326,25.129608945429162,0.8956955285840308,0.32432027367682004,0.8977120666035124,0.52432027367682,0.021852324818239604,0.170082325314973,10.0,50,53.35241427314534
geom_0014,2585,22.559153179339326,25.129608945429162,0.8956955285840308,0.32432027367682004,0.8977120666035124,0.52432027367682,0.021852324818239604,0.170082325314973,10.0,51,53.43970362370606
geom_0014,2586,22.559153179339326,25.129608945429162,0.8956955285840308,0.32432027367682004,0.8977120666035124,0.52432027367682,0.021852324818239604,0.170082325314973,10.0,52,53.28413998679169
geom_0014,2587,22.559153179339326,25.129608945429162,0.8956955285840308,0.32432027367682004,0.8977120666035124,0.52432027367682,0.021852324818239604,0.170082325314973,10.0,53,53.16049428173553
geom_0014,2588,22.559153179339326,25.129608945429162,0.8956955285840308,0.32432027367682004,0.8977120666035124,0.52432027367682,0.021852324818239604,0.170082325314973,10.0,54,53.22618248470186
geom_0014,2589,22.559153179339326,25.129608945429162,0.8956955285840308,0.32432027367682004,0.8977120666035124,0.52432027367682,0.021852324818239604,0.170082325314973,10.0,55,53.248752736092925
geom_0014,2590,22.559153179339326,25.129608945429162,0.8956955285840308,0.32432027367682004,0.8977120666035124,0.52432027367682,0.021852324818239604,0.170082325314973,10.0,56,53.19082197755111
geom_0014,2591,22.559153179339326,25.129608945429162,0.8956955285840308,0.32432027367682004,0.8977120666035124,0.52432027367682,0.021852324818239604,0.170082325314973,10.0,57,53.130572078833026
geom_0014,2592,22.559153179339326,25.129608945429162,0.8956955285840308,0.32432027367682004,0.8977120666035124,0.52432027367682,0.021852324818239604,0.170082325314973,10.0,58,53.15781544553331
geom_0014,2593,22.559153179339326,25.129608945429162,0.8956955285840308,0.32432027367682004,0.8977120666035124,0.52432027367682,0.021852324818239604,0.170082325314973,10.0,59,53.13966532071511
geom_0014,2594,22.559153179339326,25.129608945429162,0.8956955285840308,0.32432027367682004,0.8977120666035124,0.52432027367682,0.021852324818239604,0.170082325314973,10.0,60,53.132875211117785
geom_0014,2595,22.559153179339326,25.129608945429162,0.8956955285840308,0.32432027367682004,0.8977120666035124,0.52432027367682,0.021852324818239604,0.170082325314973,10.0,61,53.0318400111331
geom_0014,2596,22.559153179339326,25.129608945429162,0.8956955285840308,0.32432027367682004,0.8977120666035124,0.52432027367682,0.021852324818239604,0.170082325314973,10.0,62,52.9230025269252
geom_0014,2597,22.559153179339326,25.129608945429162,0.8956955285840308,0.32432027367682004,0.8977120666035124,0.52432027367682,0.021852324818239604,0.170082325314973,10.0,63,52.92761504302651
geom_0014,2598,22.559153179339326,25.129608945429162,0.8956955285840308,0.32432027367682004,0.8977120666035124,0.52432027367682,0.021852324818239604,0.170082325314973,10.0,64,53.00735528070584
geom_0014,2599,22.559153179339326,25.129608945429162,0.8956955285840308,0.32432027367682004,0.8977120666035124,0.52432027367682,0.021852324818239604,0.170082325314973,10.0,65,52.77934909688992
geom_0014,2600,22.559153179339326,25.129608945429162,0.8956955285840308,0.32432027367682004,0.8977120666035124,0.52432027367682,0.021852324818239604,0.170082325314973,10.0,66,52.87287084107936
geom_0014,2601,22.559153179339326,25.129608945429162,0.8956955285840308,0.32432027367682004,0.8977120666035124,0.52432027367682,0.021852324818239604,0.170082325314973,10.0,67,52.7722967744288
geom_0014,2602,22.559153179339326,25.129608945429162,0.8956955285840308,0.32432027367682004,0.8977120666035124,0.52432027367682,0.021852324818239604,0.170082325314973,10.0,68,52.79084099536423
geom_0014,2603,22.559153179339326,25.129608945429162,0.8956955285840308,0.32432027367682004,0.8977120666035124,0.52432027367682,0.021852324818239604,0.170082325314973,10.0,69,52.8928973054842
geom_0014,2604,22.559153179339326,25.129608945429162,0.8956955285840308,0.32432027367682004,0.8977120666035124,0.52432027367682,0.021852324818239604,0.170082325314973,10.0,70,52.7620369881405
geom_0014,2605,22.559153179339326,25.129608945429162,0.8956955285840308,0.32432027367682004,0.8977120666035124,0.52432027367682,0.021852324818239604,0.170082325314973,10.0,71,52.72627318004932
geom_0014,2606,22.559153179339326,25.129608945429162,0.8956955285840308,0.32432027367682004,0.8977120666035124,0.52432027367682,0.021852324818239604,0.170082325314973,10.0,72,52.56521043137505
geom_0014,2607,22.559153179339326,25.129608945429162,0.8956955285840308,0.32432027367682004,0.8977120666035124,0.52432027367682,0.021852324818239604,0.170082325314973,10.0,73,52.756287014141385
geom_0014,2608,22.559153179339326,25.129608945429162,0.8956955285840308,0.32432027367682004,0.8977120666035124,0.52432027367682,0.021852324818239604,0.170082325314973,10.0,74,52.72760817020126
geom_0014,2609,22.559153179339326,25.129608945429162,0.8956955285840308,0.32432027367682004,0.8977120666035124,0.52432027367682,0.021852324818239604,0.170082325314973,10.0,75,52.86174752367718
geom_0014,2610,22.559153179339326,25.129608945429162,0.8956955285840308,0.32432027367682004,0.8977120666035124,0.52432027367682,0.021852324818239604,0.170082325314973,10.0,76,52.59800074421346
geom_0014,2611,22.559153179339326,25.129608945429162,0.8956955285840308,0.32432027367682004,0.8977120666035124,0.52432027367682,0.021852324818239604,0.170082325314973,10.0,77,52.63507259733327
geom_0014,2612,22.559153179339326,25.129608945429162,0.8956955285840308,0.32432027367682004,0.8977120666035124,0.52432027367682,0.021852324818239604,0.170082325314973,10.0,78,52.623523887819935
geom_0014,2613,22.559153179339326,25.129608945429162,0.8956955285840308,0.32432027367682004,0.8977120666035124,0.52432027367682,0.021852324818239604,0.170082325314973,10.0,79,52.74283241746665
geom_0014,2614,22.559153179339326,25.129608945429162,0.8956955285840308,0.32432027367682004,0.8977120666035124,0.52432027367682,0.021852324818239604,0.170082325314973,10.0,80,52.563155526052014
geom_0014,2615,22.559153179339326,25.129608945429162,0.8956955285840308,0.32432027367682004,0.8977120666035124,0.52432027367682,0.021852324818239604,0.170082325314973,10.0,81,52.589302563769735
geom_0014,2616,22.559153179339326,25.129608945429162,0.8956955285840308,0.32432027367682004,0.8977120666035124,0.52432027367682,0.021852324818239604,0.170082325314973,10.0,82,52.612041748992475
geom_0014,2617,22.559153179339326,25.129608945429162,0.8956955285840308,0.32432027367682004,0.8977120666035124,0.52432027367682,0.021852324818239604,0.170082325314973,10.0,83,52.56091813062944
geom_0014,2618,22.559153179339326,25.129608945429162,0.8956955285840308,0.32432027367682004,0.8977120666035124,0.52432027367682,0.021852324818239604,0.170082325314973,10.0,84,52.48978753262594
geom_0014,2619,22.559153179339326,25.129608945429162,0.8956955285840308,0.32432027367682004,0.8977120666035124,0.52432027367682,0.021852324818239604,0.170082325314973,10.0,85,52.54719527040017
geom_0014,2620,22.559153179339326,25.129608945429162,0.8956955285840308,0.32432027367682004,0.8977120666035124,0.52432027367682,0.021852324818239604,0.170082325314973,10.0,86,52.629697676838425
geom_0014,2621,22.559153179339326,25.129608945429162,0.8956955285840308,0.32432027367682004,0.8977120666035124,0.52432027367682,0.021852324818239604,0.170082325314973,10.0,87,52.415433200960784
geom_0014,2622,22.559153179339326,25.129608945429162,0.8956955285840308,0.32432027367682004,0.8977120666035124,0.52432027367682,0.021852324818239604,0.170082325314973,10.0,88,52.528341050508295
geom_0014,2623,22.559153179339326,25.129608945429162,0.8956955285840308,0.32432027367682004,0.8977120666035124,0.52432027367682,0.021852324818239604,0.170082325314973,10.0,89,52.44320557273538
geom_0014,2624,22.559153179339326,25.129608945429162,0.8956955285840308,0.32432027367682004,0.8977120666035124,0.52432027367682,0.021852324818239604,0.170082325314973,10.0,90,52.632113167337636
geom_0014,2625,22.559153179339326,25.129608945429162,0.8956955285840308,0.32432027367682004,0.8977120666035124,0.52432027367682,0.021852324818239604,0.170082325314973,10.0,91,52.36089896375092
geom_0014,2626,22.559153179339326,25.129608945429162,0.8956955285840308,0.32432027367682004,0.8977120666035124,0.52432027367682,0.021852324818239604,0.170082325314973,10.0,92,52.45915189836645
geom_0014,2627,22.559153179339326,25.129608945429162,0.8956955285840308,0.32432027367682004,0.8977120666035124,0.52432027367682,0.021852324818239604,0.170082325314973,10.0,93,52.55580591840834
geom_0014,2628,22.559153179339326,25.129608945429162,0.8956955285840308,0.32432027367682004,0.8977120666035124,0.52432027367682,0.021852324818239604,0.170082325314973,10.0,94,52.67888690477588
geom_0014,2629,22.559153179339326,25.129608945429162,0.8956955285840308,0.32432027367682004,0.8977120666035124,0.52432027367682,0.021852324818239604,0.170082325314973,10.0,95,52.52121124500304
geom_0014,2630,22.559153179339326,25.129608945429162,0.8956955285840308,0.32432027367682004,0.8977120666035124,0.52432027367682,0.021852324818239604,0.170082325314973,10.0,96,52.47891094141167
geom_0014,2631,22.559153179339326,25.129608945429162,0.8956955285840308,0.32432027367682004,0.8977120666035124,0.52432027367682,0.021852324818239604,0.170082325314973,10.0,97,52.73037292525787
geom_0014,2632,22.559153179339326,25.129608945429162,0.8956955285840308,0.32432027367682004,0.8977120666035124,0.52432027367682,0.021852324818239604,0.170082325314973,10.0,98,52.4064507079792
geom_0014,2633,22.559153179339326,25.129608945429162,0.8956955285840308,0.32432027367682004,0.8977120666035124,0.52432027367682,0.021852324818239604,0.170082325314973,10.0,99,52.341519815530695
geom_0014,2634,22.559153179339326,25.129608945429162,0.8956955285840308,0.32432027367682004,0.8977120666035124,0.52432027367682,0.021852324818239604,0.170082325314973,10.0,100,52.61668652429604
geom_0014,2635,22.559153179339326,25.129608945429162,0.8956955285840308,0.32432027367682004,0.8977120666035124,0.52432027367682,0.021852324818239604,0.170082325314973,10.0,101,52.53488166705504
geom_0014,2636,22.559153179339326,25.129608945429162,0.8956955285840308,0.32432027367682004,0.8977120666035124,0.52432027367682,0.021852324818239604,0.170082325314973,10.0,102,52.49646223773579
geom_0014,2637,22.559153179339326,25.129608945429162,0.8956955285840308,0.32432027367682004,0.8977120666035124,0.52432027367682,0.021852324818239604,0.170082325314973,10.0,103,52.68399320929681
geom_0014,2638,22.559153179339326,25.129608945429162,0.8956955285840308,0.32432027367682004,0.8977120666035124,0.52432027367682,0.021852324818239604,0.170082325314973,10.0,104,52.65315863908587
geom_0014,2639,22.559153179339326,25.129608945429162,0.8956955285840308,0.32432027367682004,0.8977120666035124,0.52432027367682,0.021852324818239604,0.170082325314973,10.0,105,52.58901418827296
geom_0014,2640,22.559153179339326,25.129608945429162,0.8956955285840308,0.32432027367682004,0.8977120666035124,0.52432027367682,0.021852324818239604,0.170082325314973,10.0,106,52.53502931222006
geom_0014,2641,22.559153179339326,25.129608945429162,0.8956955285840308,0.32432027367682004,0.8977120666035124,0.52432027367682,0.021852324818239604,0.170082325314973,10.0,107,52.76890739036668
geom_0014,2642,22.559153179339326,25.129608945429162,0.8956955285840308,0.32432027367682004,0.8977120666035124,0.52432027367682,0.021852324818239604,0.170082325314973,10.0,108,52.76621616326891
geom_0014,2643,22.559153179339326,25.129608945429162,0.8956955285840308,0.32432027367682004,0.8977120666035124,0.52432027367682,0.021852324818239604,0.170082325314973,10.0,109,52.711711938855764
geom_0014,2644,22.559153179339326,25.129608945429162,0.8956955285840308,0.32432027367682004,0.8977120666035124,0.52432027367682,0.021852324818239604,0.170082325314973,10.0,110,52.92759078094328
geom_0014,2645,22.559153179339326,25.129608945429162,0.8956955285840308,0.32432027367682004,0.8977120666035124,0.52432027367682,0.021852324818239604,0.170082325314973,10.0,111,52.658043642590854
geom_0014,2646,22.559153179339326,25.129608945429162,0.8956955285840308,0.32432027367682004,0.8977120666035124,0.52432027367682,0.021852324818239604,0.170082325314973,10.0,112,52.635413995978276
geom_0014,2647,22.559153179339326,25.129608945429162,0.8956955285840308,0.32432027367682004,0.8977120666035124,0.52432027367682,0.021852324818239604,0.170082325314973,10.0,113,52.74243984867341
geom_0014,2648,22.559153179339326,25.129608945429162,0.8956955285840308,0.32432027367682004,0.8977120666035124,0.52432027367682,0.021852324818239604,0.170082325314973,10.0,114,52.83144490855652
geom_0014,2649,22.559153179339326,25.129608945429162,0.8956955285840308,0.32432027367682004,0.8977120666035124,0.52432027367682,0.021852324818239604,0.170082325314973,10.0,115,52.885376608920915
geom_0014,2650,22.559153179339326,25.129608945429162,0.8956955285840308,0.32432027367682004,0.8977120666035124,0.52432027367682,0.021852324818239604,0.170082325314973,10.0,116,52.86258077826937
geom_0014,2651,22.559153179339326,25.129608945429162,0.8956955285840308,0.32432027367682004,0.8977120666035124,0.52432027367682,0.021852324818239604,0.170082325314973,10.0,117,52.94814921403461
geom_0014,2652,22.559153179339326,25.129608945429162,0.8956955285840308,0.32432027367682004,0.8977120666035124,0.52432027367682,0.021852324818239604,0.170082325314973,10.0,118,52.81456039253784
geom_0014,2653,22.559153179339326,25.129608945429162,0.8956955285840308,0.32432027367682004,0.8977120666035124,0.52432027367682,0.021852324818239604,0.170082325314973,10.0,119,53.111345482781466
geom_0014,2654,22.559153179339326,25.129608945429162,0.8956955285840308,0.32432027367682004,0.8977120666035124,0.52432027367682,0.021852324818239604,0.170082325314973,10.0,120,52.98644419417477
geom_0014,2655,22.559153179339326,25.129608945429162,0.8956955285840308,0.32432027367682004,0.8977120666035124,0.52432027367682,0.021852324818239604,0.170082325314973,10.0,121,53.13446534482936
geom_0014,2656,22.559153179339326,25.129608945429162,0.8956955285840308,0.32432027367682004,0.8977120666035124,0.52432027367682,0.021852324818239604,0.170082325314973,10.0,122,53.08542051121216
geom_0014,2657,22.559153179339326,25.129608945429162,0.8956955285840308,0.32432027367682004,0.8977120666035124,0.52432027367682,0.021852324818239604,0.170082325314973,10.0,123,53.125519997637674
geom_0014,2658,22.559153179339326,25.129608945429162,0.8956955285840308,0.32432027367682004,0.8977120666035124,0.52432027367682,0.021852324818239604,0.170082325314973,10.0,124,53.165750487454595
geom_0014,2659,22.559153179339326,25.129608945429162,0.8956955285840308,0.32432027367682004,0.8977120666035124,0.52432027367682,0.021852324818239604,0.170082325314973,10.0,125,53.182653234036366
geom_0014,2660,22.559153179339326,25.129608945429162,0.8956955285840308,0.32432027367682004,0.8977120666035124,0.52432027367682,0.021852324818239604,0.170082325314973,10.0,126,53.23138927761938
geom_0014,2661,22.559153179339326,25.129608945429162,0.8956955285840308,0.32432027367682004,0.8977120666035124,0.52432027367682,0.021852324818239604,0.170082325314973,10.0,127,53.329338743827485
geom_0014,2662,22.559153179339326,25.129608945429162,0.8956955285840308,0.32432027367682004,0.8977120666035124,0.52432027367682,0.021852324818239604,0.170082325314973,10.0,128,53.24539928522925
geom_0014,2663,22.559153179339326,25.129608945429162,0.8956955285840308,0.32432027367682004,0.8977120666035124,0.52432027367682,0.021852324818239604,0.170082325314973,10.0,129,53.32593326689131
geom_0014,2664,22.559153179339326,25.129608945429162,0.8956955285840308,0.32432027367682004,0.8977120666035124,0.52432027367682,0.021852324818239604,0.170082325314973,10.0,130,53.275251554753986
geom_0014,2665,22.559153179339326,25.129608945429162,0.8956955285840308,0.32432027367682004,0.8977120666035124,0.52432027367682,0.021852324818239604,0.170082325314973,10.0,131,53.45727973499555
geom_0014,2666,22.559153179339326,25.129608945429162,0.8956955285840308,0.32432027367682004,0.8977120666035124,0.52432027367682,0.021852324818239604,0.170082325314973,10.0,132,53.27446623029254
geom_0014,2667,22.559153179339326,25.129608945429162,0.8956955285840308,0.32432027367682004,0.8977120666035124,0.52432027367682,0.021852324818239604,0.170082325314973,10.0,133,53.55077524035839
geom_0014,2668,22.559153179339326,25.129608945429162,0.8956955285840308,0.32432027367682004,0.8977120666035124,0.52432027367682,0.021852324818239604,0.170082325314973,10.0,134,53.39492306500427
geom_0014,2669,22.559153179339326,25.129608945429162,0.8956955285840308,0.32432027367682004,0.8977120666035124,0.52432027367682,0.021852324818239604,0.170082325314973,10.0,135,53.28374455660644
geom_0014,2670,22.559153179339326,25.129608945429162,0.8956955285840308,0.32432027367682004,0.8977120666035124,0.52432027367682,0.021852324818239604,0.170082325314973,10.0,136,53.467084931907976
geom_0014,2671,22.559153179339326,25.129608945429162,0.8956955285840308,0.32432027367682004,0.8977120666035124,0.52432027367682,0.021852324818239604,0.170082325314973,10.0,137,53.41313476943885
geom_0014,2672,22.559153179339326,25.129608945429162,0.8956955285840308,0.32432027367682004,0.8977120666035124,0.52432027367682,0.021852324818239604,0.170082325314973,10.0,138,53.59172676696322
geom_0014,2673,22.559153179339326,25.129608945429162,0.8956955285840308,0.32432027367682004,0.8977120666035124,0.52432027367682,0.021852324818239604,0.170082325314973,10.0,139,53.46822381593603
geom_0014,2674,22.559153179339326,25.129608945429162,0.8956955285840308,0.32432027367682004,0.8977120666035124,0.52432027367682,0.021852324818239604,0.170082325314973,10.0,140,53.514037646997146
geom_0014,2675,22.559153179339326,25.129608945429162,0.8956955285840308,0.32432027367682004,0.8977120666035124,0.52432027367682,0.021852324818239604,0.170082325314973,10.0,141,53.394162749676916
geom_0014,2676,22.559153179339326,25.129608945429162,0.8956955285840308,0.32432027367682004,0.8977120666035124,0.52432027367682,0.021852324818239604,0.170082325314973,10.0,142,53.56158366657106
geom_0014,2677,22.559153179339326,25.129608945429162,0.8956955285840308,0.32432027367682004,0.8977120666035124,0.52432027367682,0.021852324818239604,0.170082325314973,10.0,143,53.387306651811855
geom_0014,2678,22.559153179339326,25.129608945429162,0.8956955285840308,0.32432027367682004,0.8977120666035124,0.52432027367682,0.021852324818239604,0.170082325314973,10.0,144,53.49331421824395
geom_0014,2679,22.559153179339326,25.129608945429162,0.8956955285840308,0.32432027367682004,0.8977120666035124,0.52432027367682,0.021852324818239604,0.170082325314973,10.0,145,53.74883305775018
geom_0014,2680,22.559153179339326,25.129608945429162,0.8956955285840308,0.32432027367682004,0.8977120666035124,0.52432027367682,0.021852324818239604,0.170082325314973,10.0,146,53.7714842173756
geom_0014,2681,22.559153179339326,25.129608945429162,0.8956955285840308,0.32432027367682004,0.8977120666035124,0.52432027367682,0.021852324818239604,0.170082325314973,10.0,147,53.754537295267404
geom_0014,2682,22.559153179339326,25.129608945429162,0.8956955285840308,0.32432027367682004,0.8977120666035124,0.52432027367682,0.021852324818239604,0.170082325314973,10.0,148,53.63330613878226
geom_0014,2683,22.559153179339326,25.129608945429162,0.8956955285840308,0.32432027367682004,0.8977120666035124,0.52432027367682,0.021852324818239604,0.170082325314973,10.0,149,53.7421208628299
geom_0014,2684,22.559153179339326,25.129608945429162,0.8956955285840308,0.32432027367682004,0.8977120666035124,0.52432027367682,0.021852324818239604,0.170082325314973,10.0,150,53.762248250536096
geom_0014,2685,22.559153179339326,25.129608945429162,0.8956955285840308,0.32432027367682004,0.8977120666035124,0.52432027367682,0.021852324818239604,0.170082325314973,10.0,151,53.66127017236838
geom_0014,2686,22.559153179339326,25.129608945429162,0.8956955285840308,0.32432027367682004,0.8977120666035124,0.52432027367682,0.021852324818239604,0.170082325314973,10.0,152,53.940680815399766
geom_0014,2687,22.559153179339326,25.129608945429162,0.8956955285840308,0.32432027367682004,0.8977120666035124,0.52432027367682,0.021852324818239604,0.170082325314973,10.0,153,53.890003611420525
geom_0014,2688,22.559153179339326,25.129608945429162,0.8956955285840308,0.32432027367682004,0.8977120666035124,0.52432027367682,0.021852324818239604,0.170082325314973,10.0,154,53.790746593628825
geom_0014,2689,22.559153179339326,25.129608945429162,0.8956955285840308,0.32432027367682004,0.8977120666035124,0.52432027367682,0.021852324818239604,0.170082325314973,10.0,155,53.82471502635582
geom_0014,2690,22.559153179339326,25.129608945429162,0.8956955285840308,0.32432027367682004,0.8977120666035124,0.52432027367682,0.021852324818239604,0.170082325314973,10.0,156,53.850615980929796
geom_0014,2691,22.559153179339326,25.129608945429162,0.8956955285840308,0.32432027367682004,0.8977120666035124,0.52432027367682,0.021852324818239604,0.170082325314973,10.0,157,53.63188483026977
geom_0014,2692,22.559153179339326,25.129608945429162,0.8956955285840308,0.32432027367682004,0.8977120666035124,0.52432027367682,0.021852324818239604,0.170082325314973,10.0,158,53.816113653532895
geom_0014,2693,22.559153179339326,25.129608945429162,0.8956955285840308,0.32432027367682004,0.8977120666035124,0.52432027367682,0.021852324818239604,0.170082325314973,10.0,159,53.77586321695207
geom_0014,2694,22.559153179339326,25.129608945429162,0.8956955285840308,0.32432027367682004,0.8977120666035124,0.52432027367682,0.021852324818239604,0.170082325314973,10.0,160,53.745553454785465
geom_0014,2695,22.559153179339326,25.129608945429162,0.8956955285840308,0.32432027367682004,0.8977120666035124,0.52432027367682,0.021852324818239604,0.170082325314973,10.0,161,53.81765091448095
geom_0014,2696,22.559153179339326,25.129608945429162,0.8956955285840308,0.32432027367682004,0.8977120666035124,0.52432027367682,0.021852324818239604,0.170082325314973,10.0,162,54.02393663744242
geom_0014,2697,22.559153179339326,25.129608945429162,0.8956955285840308,0.32432027367682004,0.8977120666035124,0.52432027367682,0.021852324818239604,0.170082325314973,10.0,163,53.90499255884989
geom_0014,2698,22.559153179339326,25.129608945429162,0.8956955285840308,0.32432027367682004,0.8977120666035124,0.52432027367682,0.021852324818239604,0.170082325314973,10.0,164,53.77883746133551
geom_0014,2699,22.559153179339326,25.129608945429162,0.8956955285840308,0.32432027367682004,0.8977120666035124,0.52432027367682,0.021852324818239604,0.170082325314973,10.0,165,53.886542978462465
geom_0014,2700,22.559153179339326,25.129608945429162,0.8956955285840308,0.32432027367682004,0.8977120666035124,0.52432027367682,0.021852324818239604,0.170082325314973,10.0,166,53.96080922859148
geom_0014,2701,22.559153179339326,25.129608945429162,0.8956955285840308,0.32432027367682004,0.8977120666035124,0.52432027367682,0.021852324818239604,0.170082325314973,10.0,167,53.903165050872914
geom_0014,2702,22.559153179339326,25.129608945429162,0.8956955285840308,0.32432027367682004,0.8977120666035124,0.52432027367682,0.021852324818239604,0.170082325314973,10.0,168,53.804713109536586
geom_0014,2703,22.559153179339326,25.129608945429162,0.8956955285840308,0.32432027367682004,0.8977120666035124,0.52432027367682,0.021852324818239604,0.170082325314973,10.0,169,53.72030859927787
geom_0014,2704,22.559153179339326,25.129608945429162,0.8956955285840308,0.32432027367682004,0.8977120666035124,0.52432027367682,0.021852324818239604,0.170082325314973,10.0,170,53.83926612231924
geom_0014,2705,22.559153179339326,25.129608945429162,0.8956955285840308,0.32432027367682004,0.8977120666035124,0.52432027367682,0.021852324818239604,0.170082325314973,10.0,171,53.791410747510525
geom_0014,2706,22.559153179339326,25.129608945429162,0.8956955285840308,0.32432027367682004,0.8977120666035124,0.52432027367682,0.021852324818239604,0.170082325314973,10.0,172,53.822366572275534
geom_0014,2707,22.559153179339326,25.129608945429162,0.8956955285840308,0.32432027367682004,0.8977120666035124,0.52432027367682,0.021852324818239604,0.170082325314973,10.0,173,53.775307960837644
geom_0014,2708,22.559153179339326,25.129608945429162,0.8956955285840308,0.32432027367682004,0.8977120666035124,0.52432027367682,0.021852324818239604,0.170082325314973,10.0,174,53.7938421036131
geom_0014,2709,22.559153179339326,25.129608945429162,0.8956955285840308,0.32432027367682004,0.8977120666035124,0.52432027367682,0.021852324818239604,0.170082325314973,10.0,175,53.61060809830273
geom_0014,2710,22.559153179339326,25.129608945429162,0.8956955285840308,0.32432027367682004,0.8977120666035124,0.52432027367682,0.021852324818239604,0.170082325314973,10.0,176,53.76926296160919
geom_0014,2711,22.559153179339326,25.129608945429162,0.8956955285840308,0.32432027367682004,0.8977120666035124,0.52432027367682,0.021852324818239604,0.170082325314973,10.0,177,53.62882322045269
geom_0014,2712,22.559153179339326,25.129608945429162,0.8956955285840308,0.32432027367682004,0.8977120666035124,0.52432027367682,0.021852324818239604,0.170082325314973,10.0,178,53.78627966050242
geom_0014,2713,22.559153179339326,25.129608945429162,0.8956955285840308,0.32432027367682004,0.8977120666035124,0.52432027367682,0.021852324818239604,0.170082325314973,10.0,179,53.47768077603941
geom_0014,2714,22.559153179339326,25.129608945429162,0.8956955285840308,0.32432027367682004,0.8977120666035124,0.52432027367682,0.021852324818239604,0.170082325314973,10.0,180,53.68620488476168
geom_0015,2715,22.559153179339326,25.129608945429162,0.8956955285840308,0.32432027367682004,0.8977120666035124,0.52432027367682,0.021852324818239604,0.170082325314973,10.0,0,53.50914001570648
geom_0015,2716,22.559153179339326,25.129608945429162,0.8956955285840308,0.32432027367682004,0.8977120666035124,0.52432027367682,0.021852324818239604,0.170082325314973,10.0,1,53.570021031102016
geom_0015,2717,22.559153179339326,25.129608945429162,0.8956955285840308,0.32432027367682004,0.8977120666035124,0.52432027367682,0.021852324818239604,0.170082325314973,10.0,2,53.7338036225213
geom_0015,2718,22.559153179339326,25.129608945429162,0.8956955285840308,0.32432027367682004,0.8977120666035124,0.52432027367682,0.021852324818239604,0.170082325314973,10.0,3,53.50922785590957
geom_0015,2719,22.559153179339326,25.129608945429162,0.8956955285840308,0.32432027367682004,0.8977120666035124,0.52432027367682,0.021852324818239604,0.170082325314973,10.0,4,53.73595579489342
geom_0015,2720,22.559153179339326,25.129608945429162,0.8956955285840308,0.32432027367682004,0.8977120666035124,0.52432027367682,0.021852324818239604,0.170082325314973,10.0,5,53.64273273503623
geom_0015,2721,22.559153179339326,25.129608945429162,0.8956955285840308,0.32432027367682004,0.8977120666035124,0.52432027367682,0.021852324818239604,0.170082325314973,10.0,6,53.683940461115924
geom_0015,2722,22.559153179339326,25.129608945429162,0.8956955285840308,0.32432027367682004,0.8977120666035124,0.52432027367682,0.021852324818239604,0.170082325314973,10.0,7,53.77927272988611
geom_0015,2723,22.559153179339326,25.129608945429162,0.8956955285840308,0.32432027367682004,0.8977120666035124,0.52432027367682,0.021852324818239604,0.170082325314973,10.0,8,53.620575048116535
geom_0015,2724,22.559153179339326,25.129608945429162,0.8956955285840308,0.32432027367682004,0.8977120666035124,0.52432027367682,0.021852324818239604,0.170082325314973,10.0,9,53.79030318358675
geom_0015,2725,22.559153179339326,25.129608945429162,0.8956955285840308,0.32432027367682004,0.8977120666035124,0.52432027367682,0.021852324818239604,0.170082325314973,10.0,10,53.78608901177918
geom_0015,2726,22.559153179339326,25.129608945429162,0.8956955285840308,0.32432027367682004,0.8977120666035124,0.52432027367682,0.021852324818239604,0.170082325314973,10.0,11,53.83424740344924
geom_0015,2727,22.559153179339326,25.129608945429162,0.8956955285840308,0.32432027367682004,0.8977120666035124,0.52432027367682,0.021852324818239604,0.170082325314973,10.0,12,53.82766693693535
geom_0015,2728,22.559153179339326,25.129608945429162,0.8956955285840308,0.32432027367682004,0.8977120666035124,0.52432027367682,0.021852324818239604,0.170082325314973,10.0,13,54.05623169657272
geom_0015,2729,22.559153179339326,25.129608945429162,0.8956955285840308,0.32432027367682004,0.8977120666035124,0.52432027367682,0.021852324818239604,0.170082325314973,10.0,14,53.75709968650774
geom_0015,2730,22.559153179339326,25.129608945429162,0.8956955285840308,0.32432027367682004,0.8977120666035124,0.52432027367682,0.021852324818239604,0.170082325314973,10.0,15,53.77618500482667
geom_0015,2731,22.559153179339326,25.129608945429162,0.8956955285840308,0.32432027367682004,0.8977120666035124,0.52432027367682,0.021852324818239604,0.170082325314973,10.0,16,53.77364130767131
geom_0015,2732,22.559153179339326,25.129608945429162,0.8956955285840308,0.32432027367682004,0.8977120666035124,0.52432027367682,0.021852324818239604,0.170082325314973,10.0,17,53.78536056080716
geom_0015,2733,22.559153179339326,25.129608945429162,0.8956955285840308,0.32432027367682004,0.8977120666035124,0.52432027367682,0.021852324818239604,0.170082325314973,10.0,18,53.780429272026815
geom_0015,2734,22.559153179339326,25.129608945429162,0.8956955285840308,0.32432027367682004,0.8977120666035124,0.52432027367682,0.021852324818239604,0.170082325314973,10.0,19,53.9646625968803
geom_0015,2735,22.559153179339326,25.129608945429162,0.8956955285840308,0.32432027367682004,0.8977120666035124,0.52432027367682,0.021852324818239604,0.170082325314973,10.0,20,53.987765880573946
geom_0015,2736,22.559153179339326,25.129608945429162,0.8956955285840308,0.32432027367682004,0.8977120666035124,0.52432027367682,0.021852324818239604,0.170082325314973,10.0,21,53.786987012376905
geom_0015,2737,22.559153179339326,25.129608945429162,0.8956955285840308,0.32432027367682004,0.8977120666035124,0.52432027367682,0.021852324818239604,0.170082325314973,10.0,22,53.75759583447453
geom_0015,2738,22.559153179339326,25.129608945429162,0.8956955285840308,0.32432027367682004,0.8977120666035124,0.52432027367682,0.021852324818239604,0.170082325314973,10.0,23,53.883199872750836
geom_0015,2739,22.559153179339326,25.129608945429162,0.8956955285840308,0.32432027367682004,0.8977120666035124,0.52432027367682,0.021852324818239604,0.170082325314973,10.0,24,53.77455539570694
geom_0015,2740,22.559153179339326,25.129608945429162,0.8956955285840308,0.32432027367682004,0.8977120666035124,0.52432027367682,0.021852324818239604,0.170082325314973,10.0,25,53.88531962423191
geom_0015,2741,22.559153179339326,25.129608945429162,0.8956955285840308,0.32432027367682004,0.8977120666035124,0.52432027367682,0.021852324818239604,0.170082325314973,10.0,26,53.833135313096925
geom_0015,2742,22.559153179339326,25.129608945429162,0.8956955285840308,0.32432027367682004,0.8977120666035124,0.52432027367682,0.021852324818239604,0.170082325314973,10.0,27,53.65069297086323
geom_0015,2743,22.559153179339326,25.129608945429162,0.8956955285840308,0.32432027367682004,0.8977120666035124,0.52432027367682,0.021852324818239604,0.170082325314973,10.0,28,53.94509150535606
geom_0015,2744,22.559153179339326,25.129608945429162,0.8956955285840308,0.32432027367682004,0.8977120666035124,0.52432027367682,0.021852324818239604,0.170082325314973,10.0,29,53.95669440859719
geom_0015,2745,22.559153179339326,25.129608945429162,0.8956955285840308,0.32432027367682004,0.8977120666035124,0.52432027367682,0.021852324818239604,0.170082325314973,10.0,30,53.70132963539672
geom_0015,2746,22.559153179339326,25.129608945429162,0.8956955285840308,0.32432027367682004,0.8977120666035124,0.52432027367682,0.021852324818239604,0.170082325314973,10.0,31,53.7081218424505
geom_0015,2747,22.559153179339326,25.129608945429162,0.8956955285840308,0.32432027367682004,0.8977120666035124,0.52432027367682,0.021852324818239604,0.170082325314973,10.0,32,53.758590292167675
geom_0015,2748,22.559153179339326,25.129608945429162,0.8956955285840308,0.32432027367682004,0.8977120666035124,0.52432027367682,0.021852324818239604,0.170082325314973,10.0,33,53.74543721808761
geom_0015,2749,22.559153179339326,25.129608945429162,0.8956955285840308,0.32432027367682004,0.8977120666035124,0.52432027367682,0.021852324818239604,0.170082325314973,10.0,34,53.7587586287778
geom_0015,2750,22.559153179339326,25.129608945429162,0.8956955285840308,0.32432027367682004,0.8977120666035124,0.52432027367682,0.021852324818239604,0.170082325314973,10.0,35,53.87381204601239
geom_0015,2751,22.559153179339326,25.129608945429162,0.8956955285840308,0.32432027367682004,0.8977120666035124,0.52432027367682,0.021852324818239604,0.170082325314973,10.0,36,53.63400977784312
geom_0015,2752,22.559153179339326,25.129608945429162,0.8956955285840308,0.32432027367682004,0.8977120666035124,0.52432027367682,0.021852324818239604,0.170082325314973,10.0,37,53.549864860020904
geom_0015,2753,22.559153179339326,25.129608945429162,0.8956955285840308,0.32432027367682004,0.8977120666035124,0.52432027367682,0.021852324818239604,0.170082325314973,10.0,38,53.46888237569452
geom_0015,2754,22.559153179339326,25.129608945429162,0.8956955285840308,0.32432027367682004,0.8977120666035124,0.52432027367682,0.021852324818239604,0.170082325314973,10.0,39,53.51002381877727
geom_0015,2755,22.559153179339326,25.129608945429162,0.8956955285840308,0.32432027367682004,0.8977120666035124,0.52432027367682,0.021852324818239604,0.170082325314973,10.0,40,53.55534329303125
geom_0015,2756,22.559153179339326,25.129608945429162,0.8956955285840308,0.32432027367682004,0.8977120666035124,0.52432027367682,0.021852324818239604,0.170082325314973,10.0,41,53.71294200021805
geom_0015,2757,22.559153179339326,25.129608945429162,0.8956955285840308,0.32432027367682004,0.8977120666035124,0.52432027367682,0.021852324818239604,0.170082325314973,10.0,42,53.45590128216073
geom_0015,2758,22.559153179339326,25.129608945429162,0.8956955285840308,0.32432027367682004,0.8977120666035124,0.52432027367682,0.021852324818239604,0.170082325314973,10.0,43,53.503618730350226
geom_0015,2759,22.559153179339326,25.129608945429162,0.8956955285840308,0.32432027367682004,0.8977120666035124,0.52432027367682,0.021852324818239604,0.170082325314973,10.0,44,53.452632200809624
geom_0015,2760,22.559153179339326,25.129608945429162,0.8956955285840308,0.32432027367682004,0.8977120666035124,0.52432027367682,0.021852324818239604,0.170082325314973,10.0,45,53.545661394163055
geom_0015,2761,22.559153179339326,25.129608945429162,0.8956955285840308,0.32432027367682004,0.8977120666035124,0.52432027367682,0.021852324818239604,0.170082325314973,10.0,46,53.651632102656066
geom_0015,2762,22.559153179339326,25.129608945429162,0.8956955285840308,0.32432027367682004,0.8977120666035124,0.52432027367682,0.021852324818239604,0.170082325314973,10.0,47,53.317594319775274
geom_0015,2763,22.559153179339326,25.129608945429162,0.8956955285840308,0.32432027367682004,0.8977120666035124,0.52432027367682,0.021852324818239604,0.170082325314973,10.0,48,53.293161516246634
geom_0015,2764,22.559153179339326,25.129608945429162,0.8956955285840308,0.32432027367682004,0.8977120666035124,0.52432027367682,0.021852324818239604,0.170082325314973,10.0,49,53.41768410115751
geom_0015,2765,22.559153179339326,25.129608945429162,0.8956955285840308,0.32432027367682004,0.8977120666035124,0.52432027367682,0.021852324818239604,0.170082325314973,10.0,50,53.35241427314534
geom_0015,2766,22.559153179339326,25.129608945429162,0.8956955285840308,0.32432027367682004,0.8977120666035124,0.52432027367682,0.021852324818239604,0.170082325314973,10.0,51,53.43970362370606
geom_0015,2767,22.559153179339326,25.129608945429162,0.8956955285840308,0.32432027367682004,0.8977120666035124,0.52432027367682,0.021852324818239604,0.170082325314973,10.0,52,53.28413998679169
geom_0015,2768,22.559153179339326,25.129608945429162,0.8956955285840308,0.32432027367682004,0.8977120666035124,0.52432027367682,0.021852324818239604,0.170082325314973,10.0,53,53.16049428173553
geom_0015,2769,22.559153179339326,25.129608945429162,0.8956955285840308,0.32432027367682004,0.8977120666035124,0.52432027367682,0.021852324818239604,0.170082325314973,10.0,54,53.22618248470186
geom_0015,2770,22.559153179339326,25.129608945429162,0.8956955285840308,0.32432027367682004,0.8977120666035124,0.52432027367682,0.021852324818239604,0.170082325314973,10.0,55,53.248752736092925
geom_0015,2771,22.559153179339326,25.129608945429162,0.8956955285840308,0.32432027367682004,0.8977120666035124,0.52432027367682,0.021852324818239604,0.170082325314973,10.0,56,53.19082197755111
geom_0015,2772,22.559153179339326,25.129608945429162,0.8956955285840308,0.32432027367682004,0.8977120666035124,0.52432027367682,0.021852324818239604,0.170082325314973,10.0,57,53.130572078833026
geom_0015,2773,22.559153179339326,25.129608945429162,0.8956955285840308,0.32432027367682004,0.8977120666035124,0.52432027367682,0.021852324818239604,0.170082325314973,10.0,58,53.15781544553331
geom_0015,2774,22.559153179339326,25.129608945429162,0.8956955285840308,0.32432027367682004,0.8977120666035124,0.52432027367682,0.021852324818239604,0.170082325314973,10.0,59,53.13966532071511
geom_0015,2775,22.559153179339326,25.129608945429162,0.8956955285840308,0.32432027367682004,0.8977120666035124,0.52432027367682,0.021852324818239604,0.170082325314973,10.0,60,53.132875211117785
geom_0015,2776,22.559153179339326,25.129608945429162,0.8956955285840308,0.32432027367682004,0.8977120666035124,0.52432027367682,0.021852324818239604,0.170082325314973,10.0,61,53.0318400111331
geom_0015,2777,22.559153179339326,25.129608945429162,0.8956955285840308,0.32432027367682004,0.8977120666035124,0.52432027367682,0.021852324818239604,0.170082325314973,10.0,62,52.9230025269252
geom_0015,2778,22.559153179339326,25.129608945429162,0.8956955285840308,0.32432027367682004,0.8977120666035124,0.52432027367682,0.021852324818239604,0.170082325314973,10.0,63,52.92761504302651
geom_0015,2779,22.559153179339326,25.129608945429162,0.8956955285840308,0.32432027367682004,0.8977120666035124,0.52432027367682,0.021852324818239604,0.170082325314973,10.0,64,53.00735528070584
geom_0015,2780,22.559153179339326,25.129608945429162,0.8956955285840308,0.32432027367682004,0.8977120666035124,0.52432027367682,0.021852324818239604,0.170082325314973,10.0,65,52.77934909688992
geom_0015,2781,22.559153179339326,25.129608945429162,0.8956955285840308,0.32432027367682004,0.8977120666035124,0.52432027367682,0.021852324818239604,0.170082325314973,10.0,66,52.87287084107936
geom_0015,2782,22.559153179339326,25.129608945429162,0.8956955285840308,0.32432027367682004,0.8977120666035124,0.52432027367682,0.021852324818239604,0.170082325314973,10.0,67,52.7722967744288
geom_0015,2783,22.559153179339326,25.129608945429162,0.8956955285840308,0.32432027367682004,0.8977120666035124,0.52432027367682,0.021852324818239604,0.170082325314973,10.0,68,52.79084099536423
geom_0015,2784,22.559153179339326,25.129608945429162,0.8956955285840308,0.32432027367682004,0.8977120666035124,0.52432027367682,0.021852324818239604,0.170082325314973,10.0,69,52.8928973054842
geom_0015,2785,22.559153179339326,25.129608945429162,0.8956955285840308,0.32432027367682004,0.8977120666035124,0.52432027367682,0.021852324818239604,0.170082325314973,10.0,70,52.7620369881405
geom_0015,2786,22.559153179339326,25.129608945429162,0.8956955285840308,0.32432027367682004,0.8977120666035124,0.52432027367682,0.021852324818239604,0.170082325314973,10.0,71,52.72627318004932
geom_0015,2787,22.559153179339326,25.129608945429162,0.8956955285840308,0.32432027367682004,0.8977120666035124,0.52432027367682,0.021852324818239604,0.170082325314973,10.0,72,52.56521043137505
geom_0015,2788,22.559153179339326,25.129608945429162,0.8956955285840308,0.32432027367682004,0.8977120666035124,0.52432027367682,0.021852324818239604,0.170082325314973,10.0,73,52.756287014141385
geom_0015,2789,22.559153179339326,25.129608945429162,0.8956955285840308,0.32432027367682004,0.8977120666035124,0.52432027367682,0.021852324818239604,0.170082325314973,10.0,74,52.72760817020126
geom_0015,2790,22.559153179339326,25.129608945429162,0.8956955285840308,0.32432027367682004,0.8977120666035124,0.52432027367682,0.021852324818239604,0.170082325314973,10.0,75,52.86174752367718
geom_0015,2791,22.559153179339326,25.129608945429162,0.8956955285840308,0.32432027367682004,0.8977120666035124,0.52432027367682,0.021852324818239604,0.170082325314973,10.0,76,52.59800074421346
geom_0015,2792,22.559153179339326,25.129608945429162,0.8956955285840308,0.32432027367682004,0.8977120666035124,0.52432027367682,0.021852324818239604,0.170082325314973,10.0,77,52.63507259733327
geom_0015,2793,22.559153179339326,25.129608945429162,0.8956955285840308,0.32432027367682004,0.8977120666035124,0.52432027367682,0.021852324818239604,0.170082325314973,10.0,78,52.623523887819935
geom_0015,2794,22.559153179339326,25.129608945429162,0.8956955285840308,0.32432027367682004,0.8977120666035124,0.52432027367682,0.021852324818239604,0.170082325314973,10.0,79,52.74283241746665
geom_0015,2795,22.559153179339326,25.129608945429162,0.8956955285840308,0.32432027367682004,0.8977120666035124,0.52432027367682,0.021852324818239604,0.170082325314973,10.0,80,52.563155526052014
geom_0015,2796,22.559153179339326,25.129608945429162,0.8956955285840308,0.32432027367682004,0.8977120666035124,0.52432027367682,0.021852324818239604,0.170082325314973,10.0,81,52.589302563769735
geom_0015,2797,22.559153179339326,25.129608945429162,0.8956955285840308,0.32432027367682004,0.8977120666035124,0.52432027367682,0.021852324818239604,0.170082325314973,10.0,82,52.612041748992475
geom_0015,2798,22.559153179339326,25.129608945429162,0.8956955285840308,0.32432027367682004,0.8977120666035124,0.52432027367682,0.021852324818239604,0.170082325314973,10.0,83,52.56091813062944
geom_0015,2799,22.559153179339326,25.129608945429162,0.8956955285840308,0.32432027367682004,0.8977120666035124,0.52432027367682,0.021852324818239604,0.170082325314973,10.0,84,52.48978753262594
geom_0015,2800,22.559153179339326,25.129608945429162,0.8956955285840308,0.32432027367682004,0.8977120666035124,0.52432027367682,0.021852324818239604,0.170082325314973,10.0,85,52.54719527040017
geom_0015,2801,22.559153179339326,25.129608945429162,0.8956955285840308,0.32432027367682004,0.8977120666035124,0.52432027367682,0.021852324818239604,0.170082325314973,10.0,86,52.629697676838425
geom_0015,2802,22.559153179339326,25.129608945429162,0.8956955285840308,0.32432027367682004,0.8977120666035124,0.52432027367682,0.021852324818239604,0.170082325314973,10.0,87,52.415433200960784
geom_0015,2803,22.559153179339326,25.129608945429162,0.8956955285840308,0.32432027367682004,0.8977120666035124,0.52432027367682,0.021852324818239604,0.170082325314973,10.0,88,52.528341050508295
geom_0015,2804,22.559153179339326,25.129608945429162,0.8956955285840308,0.32432027367682004,0.8977120666035124,0.52432027367682,0.021852324818239604,0.170082325314973,10.0,89,52.44320557273538
geom_0015,2805,22.559153179339326,25.129608945429162,0.8956955285840308,0.32432027367682004,0.8977120666035124,0.52432027367682,0.021852324818239604,0.170082325314973,10.0,90,52.632113167337636
geom_0015,2806,22.559153179339326,25.129608945429162,0.8956955285840308,0.32432027367682004,0.8977120666035124,0.52432027367682,0.021852324818239604,0.170082325314973,10.0,91,52.36089896375092
geom_0015,2807,22.559153179339326,25.129608945429162,0.8956955285840308,0.32432027367682004,0.8977120666035124,0.52432027367682,0.021852324818239604,0.170082325314973,10.0,92,52.45915189836645
geom_0015,2808,22.559153179339326,25.129608945429162,0.8956955285840308,0.32432027367682004,0.8977120666035124,0.52432027367682,0.021852324818239604,0.170082325314973,10.0,93,52.55580591840834
geom_0015,2809,22.559153179339326,25.129608945429162,0.8956955285840308,0.32432027367682004,0.8977120666035124,0.52432027367682,0.021852324818239604,0.170082325314973,10.0,94,52.67888690477588
geom_0015,2810,22.559153179339326,25.129608945429162,0.8956955285840308,0.32432027367682004,0.8977120666035124,0.52432027367682,0.021852324818239604,0.170082325314973,10.0,95,52.52121124500304
geom_0015,2811,22.559153179339326,25.129608945429162,0.8956955285840308,0.32432027367682004,0.8977120666035124,0.52432027367682,0.021852324818239604,0.170082325314973,10.0,96,52.47891094141167
geom_0015,2812,22.559153179339326,25.129608945429162,0.8956955285840308,0.32432027367682004,0.8977120666035124,0.52432027367682,0.021852324818239604,0.170082325314973,10.0,97,52.73037292525787
geom_0015,2813,22.559153179339326,25.129608945429162,0.8956955285840308,0.32432027367682004,0.8977120666035124,0.52432027367682,0.021852324818239604,0.170082325314973,10.0,98,52.4064507079792
geom_0015,2814,22.559153179339326,25.129608945429162,0.8956955285840308,0.32432027367682004,0.8977120666035124,0.52432027367682,0.021852324818239604,0.170082325314973,10.0,99,52.341519815530695
geom_0015,2815,22.559153179339326,25.129608945429162,0.8956955285840308,0.32432027367682004,0.8977120666035124,0.52432027367682,0.021852324818239604,0.170082325314973,10.0,100,52.61668652429604
geom_0015,2816,22.559153179339326,25.129608945429162,0.8956955285840308,0.32432027367682004,0.8977120666035124,0.52432027367682,0.021852324818239604,0.170082325314973,10.0,101,52.53488166705504
geom_0015,2817,22.559153179339326,25.129608945429162,0.8956955285840308,0.32432027367682004,0.8977120666035124,0.52432027367682,0.021852324818239604,0.170082325314973,10.0,102,52.49646223773579
geom_0015,2818,22.559153179339326,25.129608945429162,0.8956955285840308,0.32432027367682004,0.8977120666035124,0.52432027367682,0.021852324818239604,0.170082325314973,10.0,103,52.68399320929681
geom_0015,2819,22.559153179339326,25.129608945429162,0.8956955285840308,0.32432027367682004,0.8977120666035124,0.52432027367682,0.021852324818239604,0.170082325314973,10.0,104,52.65315863908587
geom_0015,2820,22.559153179339326,25.129608945429162,0.8956955285840308,0.32432027367682004,0.8977120666035124,0.52432027367682,0.021852324818239604,0.170082325314973,10.0,105,52.58901418827296
geom_0015,2821,22.559153179339326,25.129608945429162,0.8956955285840308,0.32432027367682004,0.8977120666035124,0.52432027367682,0.021852324818239604,0.170082325314973,10.0,106,52.53502931222006
geom_0015,2822,22.559153179339326,25.129608945429162,0.8956955285840308,0.32432027367682004,0.8977120666035124,0.52432027367682,0.021852324818239604,0.170082325314973,10.0,107,52.76890739036668
geom_0015,2823,22.559153179339326,25.129608945429162,0.8956955285840308,0.32432027367682004,0.8977120666035124,0.52432027367682,0.021852324818239604,0.170082325314973,10.0,108,52.76621616326891
geom_0015,2824,22.559153179339326,25.129608945429162,0.8956955285840308,0.32432027367682004,0.8977120666035124,0.52432027367682,0.021852324818239604,0.170082325314973,10.0,109,52.711711938855764
geom_0015,2825,22.559153179339326,25.129608945429162,0.8956955285840308,0.32432027367682004,0.8977120666035124,0.52432027367682,0.021852324818239604,0.170082325314973,10.0,110,52.92759078094328
geom_0015,2826,22.559153179339326,25.129608945429162,0.8956955285840308,0.32432027367682004,0.8977120666035124,0.52432027367682,0.021852324818239604,0.170082325314973,10.0,111,52.658043642590854
geom_0015,2827,22.559153179339326,25.129608945429162,0.8956955285840308,0.32432027367682004,0.8977120666035124,0.52432027367682,0.021852324818239604,0.170082325314973,10.0,112,52.635413995978276
geom_0015,2828,22.559153179339326,25.129608945429162,0.8956955285840308,0.32432027367682004,0.8977120666035124,0.52432027367682,0.021852324818239604,0.170082325314973,10.0,113,52.74243984867341
geom_0015,2829,22.559153179339326,25.129608945429162,0.8956955285840308,0.32432027367682004,0.8977120666035124,0.52432027367682,0.021852324818239604,0.170082325314973,10.0,114,52.83144490855652
geom_0015,2830,22.559153179339326,25.129608945429162,0.8956955285840308,0.32432027367682004,0.8977120666035124,0.52432027367682,0.021852324818239604,0.170082325314973,10.0,115,52.885376608920915
geom_0015,2831,22.559153179339326,25.129608945429162,0.8956955285840308,0.32432027367682004,0.8977120666035124,0.52432027367682,0.021852324818239604,0.170082325314973,10.0,116,52.86258077826937
geom_0015,2832,22.559153179339326,25.129608945429162,0.8956955285840308,0.32432027367682004,0.8977120666035124,0.52432027367682,0.021852324818239604,0.170082325314973,10.0,117,52.94814921403461
geom_0015,2833,22.559153179339326,25.129608945429162,0.8956955285840308,0.32432027367682004,0.8977120666035124,0.52432027367682,0.021852324818239604,0.170082325314973,10.0,118,52.81456039253784
geom_0015,2834,22.559153179339326,25.129608945429162,0.8956955285840308,0.32432027367682004,0.8977120666035124,0.52432027367682,0.021852324818239604,0.170082325314973,10.0,119,53.111345482781466
geom_0015,2835,22.559153179339326,25.129608945429162,0.8956955285840308,0.32432027367682004,0.8977120666035124,0.52432027367682,0.021852324818239604,0.170082325314973,10.0,120,52.98644419417477
geom_0015,2836,22.559153179339326,25.129608945429162,0.8956955285840308,0.32432027367682004,0.8977120666035124,0.52432027367682,0.021852324818239604,0.170082325314973,10.0,121,53.13446534482936
geom_0015,2837,22.559153179339326,25.129608945429162,0.8956955285840308,0.32432027367682004,0.8977120666035124,0.52432027367682,0.021852324818239604,0.170082325314973,10.0,122,53.08542051121216
geom_0015,2838,22.559153179339326,25.129608945429162,0.8956955285840308,0.32432027367682004,0.8977120666035124,0.52432027367682,0.021852324818239604,0.170082325314973,10.0,123,53.125519997637674
geom_0015,2839,22.559153179339326,25.129608945429162,0.8956955285840308,0.32432027367682004,0.8977120666035124,0.52432027367682,0.021852324818239604,0.170082325314973,10.0,124,53.165750487454595
geom_0015,2840,22.559153179339326,25.129608945429162,0.8956955285840308,0.32432027367682004,0.8977120666035124,0.52432027367682,0.021852324818239604,0.170082325314973,10.0,125,53.182653234036366
geom_0015,2841,22.559153179339326,25.129608945429162,0.8956955285840308,0.32432027367682004,0.8977120666035124,0.52432027367682,0.021852324818239604,0.170082325314973,10.0,126,53.23138927761938
geom_0015,2842,22.559153179339326,25.129608945429162,0.8956955285840308,0.32432027367682004,0.8977120666035124,0.52432027367682,0.021852324818239604,0.170082325314973,10.0,127,53.329338743827485
geom_0015,2843,22.559153179339326,25.129608945429162,0.8956955285840308,0.32432027367682004,0.8977120666035124,0.52432027367682,0.021852324818239604,0.170082325314973,10.0,128,53.24539928522925
geom_0015,2844,22.559153179339326,25.129608945429162,0.8956955285840308,0.32432027367682004,0.8977120666035124,0.52432027367682,0.021852324818239604,0.170082325314973,10.0,129,53.32593326689131
geom_0015,2845,22.559153179339326,25.129608945429162,0.8956955285840308,0.32432027367682004,0.8977120666035124,0.52432027367682,0.021852324818239604,0.170082325314973,10.0,130,53.275251554753986
geom_0015,2846,22.559153179339326,25.129608945429162,0.8956955285840308,0.32432027367682004,0.8977120666035124,0.52432027367682,0.021852324818239604,0.170082325314973,10.0,131,53.45727973499555
geom_0015,2847,22.559153179339326,25.129608945429162,0.8956955285840308,0.32432027367682004,0.8977120666035124,0.52432027367682,0.021852324818239604,0.170082325314973,10.0,132,53.27446623029254
geom_0015,2848,22.559153179339326,25.129608945429162,0.8956955285840308,0.32432027367682004,0.8977120666035124,0.52432027367682,0.021852324818239604,0.170082325314973,10.0,133,53.55077524035839
geom_0015,2849,22.559153179339326,25.129608945429162,0.8956955285840308,0.32432027367682004,0.8977120666035124,0.52432027367682,0.021852324818239604,0.170082325314973,10.0,134,53.39492306500427
geom_0015,2850,22.559153179339326,25.129608945429162,0.8956955285840308,0.32432027367682004,0.8977120666035124,0.52432027367682,0.021852324818239604,0.170082325314973,10.0,135,53.28374455660644
geom_0015,2851,22.559153179339326,25.129608945429162,0.8956955285840308,0.32432027367682004,0.8977120666035124,0.52432027367682,0.021852324818239604,0.170082325314973,10.0,136,53.467084931907976
geom_0015,2852,22.559153179339326,25.129608945429162,0.8956955285840308,0.32432027367682004,0.8977120666035124,0.52432027367682,0.021852324818239604,0.170082325314973,10.0,137,53.41313476943885
geom_0015,2853,22.559153179339326,25.129608945429162,0.8956955285840308,0.32432027367682004,0.8977120666035124,0.52432027367682,0.021852324818239604,0.170082325314973,10.0,138,53.59172676696322
geom_0015,2854,22.559153179339326,25.129608945429162,0.8956955285840308,0.32432027367682004,0.8977120666035124,0.52432027367682,0.021852324818239604,0.170082325314973,10.0,139,53.46822381593603
geom_0015,2855,22.559153179339326,25.129608945429162,0.8956955285840308,0.32432027367682004,0.8977120666035124,0.52432027367682,0.021852324818239604,0.170082325314973,10.0,140,53.514037646997146
geom_0015,2856,22.559153179339326,25.129608945429162,0.8956955285840308,0.32432027367682004,0.8977120666035124,0.52432027367682,0.021852324818239604,0.170082325314973,10.0,141,53.394162749676916
geom_0015,2857,22.559153179339326,25.129608945429162,0.8956955285840308,0.32432027367682004,0.8977120666035124,0.52432027367682,0.021852324818239604,0.170082325314973,10.0,142,53.56158366657106
geom_0015,2858,22.559153179339326,25.129608945429162,0.8956955285840308,0.32432027367682004,0.8977120666035124,0.52432027367682,0.021852324818239604,0.170082325314973,10.0,143,53.387306651811855
geom_0015,2859,22.559153179339326,25.129608945429162,0.8956955285840308,0.32432027367682004,0.8977120666035124,0.52432027367682,0.021852324818239604,0.170082325314973,10.0,144,53.49331421824395
geom_0015,2860,22.559153179339326,25.129608945429162,0.8956955285840308,0.32432027367682004,0.8977120666035124,0.52432027367682,0.021852324818239604,0.170082325314973,10.0,145,53.74883305775018
geom_0015,2861,22.559153179339326,25.129608945429162,0.8956955285840308,0.32432027367682004,0.8977120666035124,0.52432027367682,0.021852324818239604,0.170082325314973,10.0,146,53.7714842173756
geom_0015,2862,22.559153179339326,25.129608945429162,0.8956955285840308,0.32432027367682004,0.8977120666035124,0.52432027367682,0.021852324818239604,0.170082325314973,10.0,147,53.754537295267404
geom_0015,2863,22.559153179339326,25.129608945429162,0.8956955285840308,0.32432027367682004,0.8977120666035124,0.52432027367682,0.021852324818239604,0.170082325314973,10.0,148,53.63330613878226
geom_0015,2864,22.559153179339326,25.129608945429162,0.8956955285840308,0.32432027367682004,0.8977120666035124,0.52432027367682,0.021852324818239604,0.170082325314973,10.0,149,53.7421208628299
geom_0015,2865,22.559153179339326,25.129608945429162,0.8956955285840308,0.32432027367682004,0.8977120666035124,0.52432027367682,0.021852324818239604,0.170082325314973,10.0,150,53.762248250536096
geom_0015,2866,22.559153179339326,25.129608945429162,0.8956955285840308,0.32432027367682004,0.8977120666035124,0.52432027367682,0.021852324818239604,0.170082325314973,10.0,151,53.66127017236838
geom_0015,2867,22.559153179339326,25.129608945429162,0.8956955285840308,0.32432027367682004,0.8977120666035124,0.52432027367682,0.021852324818239604,0.170082325314973,10.0,152,53.940680815399766
geom_0015,2868,22.559153179339326,25.129608945429162,0.8956955285840308,0.32432027367682004,0.8977120666035124,0.52432027367682,0.021852324818239604,0.170082325314973,10.0,153,53.890003611420525
geom_0015,2869,22.559153179339326,25.129608945429162,0.8956955285840308,0.32432027367682004,0.8977120666035124,0.52432027367682,0.021852324818239604,0.170082325314973,10.0,154,53.790746593628825
geom_0015,2870,22.559153179339326,25.129608945429162,0.8956955285840308,0.32432027367682004,0.8977120666035124,0.52432027367682,0.021852324818239604,0.170082325314973,10.0,155,53.82471502635582
geom_0015,2871,22.559153179339326,25.129608945429162,0.8956955285840308,0.32432027367682004,0.8977120666035124,0.52432027367682,0.021852324818239604,0.170082325314973,10.0,156,53.850615980929796
geom_0015,2872,22.559153179339326,25.129608945429162,0.8956955285840308,0.32432027367682004,0.8977120666035124,0.52432027367682,0.021852324818239604,0.170082325314973,10.0,157,53.63188483026977
geom_0015,2873,22.559153179339326,25.129608945429162,0.8956955285840308,0.32432027367682004,0.8977120666035124,0.52432027367682,0.021852324818239604,0.170082325314973,10.0,158,53.816113653532895
geom_0015,2874,22.559153179339326,25.129608945429162,0.8956955285840308,0.32432027367682004,0.8977120666035124,0.52432027367682,0.021852324818239604,0.170082325314973,10.0,159,53.77586321695207
geom_0015,2875,22.559153179339326,25.129608945429162,0.8956955285840308,0.32432027367682004,0.8977120666035124,0.52432027367682,0.021852324818239604,0.170082325314973,10.0,160,53.745553454785465
geom_0015,2876,22.559153179339326,25.129608945429162,0.8956955285840308,0.32432027367682004,0.8977120666035124,0.52432027367682,0.021852324818239604,0.170082325314973,10.0,161,53.81765091448095
geom_0015,2877,22.559153179339326,25.129608945429162,0.8956955285840308,0.32432027367682004,0.8977120666035124,0.52432027367682,0.021852324818239604,0.170082325314973,10.0,162,54.02393663744242
geom_0015,2878,22.559153179339326,25.129608945429162,0.8956955285840308,0.32432027367682004,0.8977120666035124,0.52432027367682,0.021852324818239604,0.170082325314973,10.0,163,53.90499255884989
geom_0015,2879,22.559153179339326,25.129608945429162,0.8956955285840308,0.32432027367682004,0.8977120666035124,0.52432027367682,0.021852324818239604,0.170082325314973,10.0,164,53.77883746133551
geom_0015,2880,22.559153179339326,25.129608945429162,0.8956955285840308,0.32432027367682004,0.8977120666035124,0.52432027367682,0.021852324818239604,0.170082325314973,10.0,165,53.886542978462465
geom_0015,2881,22.559153179339326,25.129608945429162,0.8956955285840308,0.32432027367682004,0.8977120666035124,0.52432027367682,0.021852324818239604,0.170082325314973,10.0,166,53.96080922859148
geom_0015,2882,22.559153179339326,25.129608945429162,0.8956955285840308,0.32432027367682004,0.8977120666035124,0.52432027367682,0.021852324818239604,0.170082325314973,10.0,167,53.903165050872914
geom_0015,2883,22.559153179339326,25.129608945429162,0.8956955285840308,0.32432027367682004,0.8977120666035124,0.52432027367682,0.021852324818239604,0.170082325314973,10.0,168,53.804713109536586
geom_0015,2884,22.559153179339326,25.129608945429162,0.8956955285840308,0.32432027367682004,0.8977120666035124,0.52432027367682,0.021852324818239604,0.170082325314973,10.0,169,53.72030859927787
geom_0015,2885,22.559153179339326,25.129608945429162,0.8956955285840308,0.32432027367682004,0.8977120666035124,0.52432027367682,0.021852324818239604,0.170082325314973,10.0,170,53.83926612231924
geom_0015,2886,22.559153179339326,25.129608945429162,0.8956955285840308,0.32432027367682004,0.8977120666035124,0.52432027367682,0.021852324818239604,0.170082325314973,10.0,171,53.791410747510525
geom_0015,2887,22.559153179339326,25.129608945429162,0.8956955285840308,0.32432027367682004,0.8977120666035124,0.52432027367682,0.021852324818239604,0.170082325314973,10.0,172,53.822366572275534
geom_0015,2888,22.559153179339326,25.129608945429162,0.8956955285840308,0.32432027367682004,0.8977120666035124,0.52432027367682,0.021852324818239604,0.170082325314973,10.0,173,53.775307960837644
geom_0015,2889,22.559153179339326,25.129608945429162,0.8956955285840308,0.32432027367682004,0.8977120666035124,0.52432027367682,0.021852324818239604,0.170082325314973,10.0,174,53.7938421036131
geom_0015,2890,22.559153179339326,25.129608945429162,0.8956955285840308,0.32432027367682004,0.8977120666035124,0.52432027367682,0.021852324818239604,0.170082325314973,10.0,175,53.61060809830273
geom_0015,2891,22.559153179339326,25.129608945429162,0.8956955285840308,0.32432027367682004,0.8977120666035124,0.52432027367682,0.021852324818239604,0.170082325314973,10.0,176,53.76926296160919
geom_0015,2892,22.559153179339326,25.129608945429162,0.8956955285840308,0.32432027367682004,0.8977120666035124,0.52432027367682,0.021852324818239604,0.170082325314973,10.0,177,53.62882322045269
geom_0015,2893,22.559153179339326,25.129608945429162,0.8956955285840308,0.32432027367682004,0.8977120666035124,0.52432027367682,0.021852324818239604,0.170082325314973,10.0,178,53.78627966050242
geom_0015,2894,22.559153179339326,25.129608945429162,0.8956955285840308,0.32432027367682004,0.8977120666035124,0.52432027367682,0.021852324818239604,0.170082325314973,10.0,179,53.47768077603941
geom_0015,2895,22.559153179339326,25.129608945429162,0.8956955285840308,0.32432027367682004,0.8977120666035124,0.52432027367682,0.021852324818239604,0.170082325314973,10.0,180,53.68620488476168
geom_0016,2896,22.559153179339326,25.129608945429162,0.8956955285840308,0.32432027367682004,0.8977120666035124,0.52432027367682,0.021852324818239604,0.170082325314973,10.0,0,53.50914001570648
geom_0016,2897,22.559153179339326,25.129608945429162,0.8956955285840308,0.32432027367682004,0.8977120666035124,0.52432027367682,0.021852324818239604,0.170082325314973,10.0,1,53.570021031102016
geom_0016,2898,22.559153179339326,25.129608945429162,0.8956955285840308,0.32432027367682004,0.8977120666035124,0.52432027367682,0.021852324818239604,0.170082325314973,10.0,2,53.7338036225213
geom_0016,2899,22.559153179339326,25.129608945429162,0.8956955285840308,0.32432027367682004,0.8977120666035124,0.52432027367682,0.021852324818239604,0.170082325314973,10.0,3,53.50922785590957
geom_0016,2900,22.559153179339326,25.129608945429162,0.8956955285840308,0.32432027367682004,0.8977120666035124,0.52432027367682,0.021852324818239604,0.170082325314973,10.0,4,53.73595579489342
geom_0016,2901,22.559153179339326,25.129608945429162,0.8956955285840308,0.32432027367682004,0.8977120666035124,0.52432027367682,0.021852324818239604,0.170082325314973,10.0,5,53.64273273503623
geom_0016,2902,22.559153179339326,25.129608945429162,0.8956955285840308,0.32432027367682004,0.8977120666035124,0.52432027367682,0.021852324818239604,0.170082325314973,10.0,6,53.683940461115924
geom_0016,2903,22.559153179339326,25.129608945429162,0.8956955285840308,0.32432027367682004,0.8977120666035124,0.52432027367682,0.021852324818239604,0.170082325314973,10.0,7,53.77927272988611
geom_0016,2904,22.559153179339326,25.129608945429162,0.8956955285840308,0.32432027367682004,0.8977120666035124,0.52432027367682,0.021852324818239604,0.170082325314973,10.0,8,53.620575048116535
geom_0016,2905,22.559153179339326,25.129608945429162,0.8956955285840308,0.32432027367682004,0.8977120666035124,0.52432027367682,0.021852324818239604,0.170082325314973,10.0,9,53.79030318358675
geom_0016,2906,22.559153179339326,25.129608945429162,0.8956955285840308,0.32432027367682004,0.8977120666035124,0.52432027367682,0.021852324818239604,0.170082325314973,10.0,10,53.78608901177918
geom_0016,2907,22.559153179339326,25.129608945429162,0.8956955285840308,0.32432027367682004,0.8977120666035124,0.52432027367682,0.021852324818239604,0.170082325314973,10.0,11,53.83424740344924
geom_0016,2908,22.559153179339326,25.129608945429162,0.8956955285840308,0.32432027367682004,0.8977120666035124,0.52432027367682,0.021852324818239604,0.170082325314973,10.0,12,53.82766693693535
geom_0016,2909,22.559153179339326,25.129608945429162,0.8956955285840308,0.32432027367682004,0.8977120666035124,0.52432027367682,0.021852324818239604,0.170082325314973,10.0,13,54.05623169657272
geom_0016,2910,22.559153179339326,25.129608945429162,0.8956955285840308,0.32432027367682004,0.8977120666035124,0.52432027367682,0.021852324818239604,0.170082325314973,10.0,14,53.75709968650774
geom_0016,2911,22.559153179339326,25.129608945429162,0.8956955285840308,0.32432027367682004,0.8977120666035124,0.52432027367682,0.021852324818239604,0.170082325314973,10.0,15,53.77618500482667
geom_0016,2912,22.559153179339326,25.129608945429162,0.8956955285840308,0.32432027367682004,0.8977120666035124,0.52432027367682,0.021852324818239604,0.170082325314973,10.0,16,53.77364130767131
geom_0016,2913,22.559153179339326,25.129608945429162,0.8956955285840308,0.32432027367682004,0.8977120666035124,0.52432027367682,0.021852324818239604,0.170082325314973,10.0,17,53.78536056080716
geom_0016,2914,22.559153179339326,25.129608945429162,0.8956955285840308,0.32432027367682004,0.8977120666035124,0.52432027367682,0.021852324818239604,0.170082325314973,10.0,18,53.780429272026815
geom_0016,2915,22.559153179339326,25.129608945429162,0.8956955285840308,0.32432027367682004,0.8977120666035124,0.52432027367682,0.021852324818239604,0.170082325314973,10.0,19,53.9646625968803
geom_0016,2916,22.559153179339326,25.129608945429162,0.8956955285840308,0.32432027367682004,0.8977120666035124,0.52432027367682,0.021852324818239604,0.170082325314973,10.0,20,53.987765880573946
geom_0016,2917,22.559153179339326,25.129608945429162,0.8956955285840308,0.32432027367682004,0.8977120666035124,0.52432027367682,0.021852324818239604,0.170082325314973,10.0,21,53.786987012376905
geom_0016,2918,22.559153179339326,25.129608945429162,0.8956955285840308,0.32432027367682004,0.8977120666035124,0.52432027367682,0.021852324818239604,0.170082325314973,10.0,22,53.75759583447453
geom_0016,2919,22.559153179339326,25.129608945429162,0.8956955285840308,0.32432027367682004,0.8977120666035124,0.52432027367682,0.021852324818239604,0.170082325314973,10.0,23,53.883199872750836
geom_0016,2920,22.559153179339326,25.129608945429162,0.8956955285840308,0.32432027367682004,0.8977120666035124,0.52432027367682,0.021852324818239604,0.170082325314973,10.0,24,53.77455539570694
geom_0016,2921,22.559153179339326,25.129608945429162,0.8956955285840308,0.32432027367682004,0.8977120666035124,0.52432027367682,0.021852324818239604,0.170082325314973,10.0,25,53.88531962423191
geom_0016,2922,22.559153179339326,25.129608945429162,0.8956955285840308,0.32432027367682004,0.8977120666035124,0.52432027367682,0.021852324818239604,0.170082325314973,10.0,26,53.833135313096925
geom_0016,2923,22.559153179339326,25.129608945429162,0.8956955285840308,0.32432027367682004,0.8977120666035124,0.52432027367682,0.021852324818239604,0.170082325314973,10.0,27,53.65069297086323
geom_0016,2924,22.559153179339326,25.129608945429162,0.8956955285840308,0.32432027367682004,0.8977120666035124,0.52432027367682,0.021852324818239604,0.170082325314973,10.0,28,53.94509150535606
geom_0016,2925,22.559153179339326,25.129608945429162,0.8956955285840308,0.32432027367682004,0.8977120666035124,0.52432027367682,0.021852324818239604,0.170082325314973,10.0,29,53.95669440859719
geom_0016,2926,22.559153179339326,25.129608945429162,0.8956955285840308,0.32432027367682004,0.8977120666035124,0.52432027367682,0.021852324818239604,0.170082325314973,10.0,30,53.70132963539672
geom_0016,2927,22.559153179339326,25.129608945429162,0.8956955285840308,0.32432027367682004,0.8977120666035124,0.52432027367682,0.021852324818239604,0.170082325314973,10.0,31,53.7081218424505
geom_0016,2928,22.559153179339326,25.129608945429162,0.8956955285840308,0.32432027367682004,0.8977120666035124,0.52432027367682,0.021852324818239604,0.170082325314973,10.0,32,53.758590292167675
geom_0016,2929,22.559153179339326,25.129608945429162,0.8956955285840308,0.32432027367682004,0.8977120666035124,0.52432027367682,0.021852324818239604,0.170082325314973,10.0,33,53.74543721808761
geom_0016,2930,22.559153179339326,25.129608945429162,0.8956955285840308,0.32432027367682004,0.8977120666035124,0.52432027367682,0.021852324818239604,0.170082325314973,10.0,34,53.7587586287778
geom_0016,2931,22.559153179339326,25.129608945429162,0.8956955285840308,0.32432027367682004,0.8977120666035124,0.52432027367682,0.021852324818239604,0.170082325314973,10.0,35,53.87381204601239
geom_0016,2932,22.559153179339326,25.129608945429162,0.8956955285840308,0.32432027367682004,0.8977120666035124,0.52432027367682,0.021852324818239604,0.170082325314973,10.0,36,53.63400977784312
geom_0016,2933,22.559153179339326,25.129608945429162,0.8956955285840308,0.32432027367682004,0.8977120666035124,0.52432027367682,0.021852324818239604,0.170082325314973,10.0,37,53.549864860020904
geom_0016,2934,22.559153179339326,25.129608945429162,0.8956955285840308,0.32432027367682004,0.8977120666035124,0.52432027367682,0.021852324818239604,0.170082325314973,10.0,38,53.46888237569452
geom_0016,2935,22.559153179339326,25.129608945429162,0.8956955285840308,0.32432027367682004,0.8977120666035124,0.52432027367682,0.021852324818239604,0.170082325314973,10.0,39,53.51002381877727
geom_0016,2936,22.559153179339326,25.129608945429162,0.8956955285840308,0.32432027367682004,0.8977120666035124,0.52432027367682,0.021852324818239604,0.170082325314973,10.0,40,53.55534329303125
geom_0016,2937,22.559153179339326,25.129608945429162,0.8956955285840308,0.32432027367682004,0.8977120666035124,0.52432027367682,0.021852324818239604,0.170082325314973,10.0,41,53.71294200021805
geom_0016,2938,22.559153179339326,25.129608945429162,0.8956955285840308,0.32432027367682004,0.8977120666035124,0.52432027367682,0.021852324818239604,0.170082325314973,10.0,42,53.45590128216073
geom_0016,2939,22.559153179339326,25.129608945429162,0.8956955285840308,0.32432027367682004,0.8977120666035124,0.52432027367682,0.021852324818239604,0.170082325314973,10.0,43,53.503618730350226
geom_0016,2940,22.559153179339326,25.129608945429162,0.8956955285840308,0.32432027367682004,0.8977120666035124,0.52432027367682,0.021852324818239604,0.170082325314973,10.0,44,53.452632200809624
geom_0016,2941,22.559153179339326,25.129608945429162,0.8956955285840308,0.32432027367682004,0.8977120666035124,0.52432027367682,0.021852324818239604,0.170082325314973,10.0,45,53.545661394163055
geom_0016,2942,22.559153179339326,25.129608945429162,0.8956955285840308,0.32432027367682004,0.8977120666035124,0.52432027367682,0.021852324818239604,0.170082325314973,10.0,46,53.651632102656066
geom_0016,2943,22.559153179339326,25.129608945429162,0.8956955285840308,0.32432027367682004,0.8977120666035124,0.52432027367682,0.021852324818239604,0.170082325314973,10.0,47,53.317594319775274
geom_0016,2944,22.559153179339326,25.129608945429162,0.8956955285840308,0.32432027367682004,0.8977120666035124,0.52432027367682,0.021852324818239604,0.170082325314973,10.0,48,53.293161516246634
geom_0016,2945,22.559153179339326,25.129608945429162,0.8956955285840308,0.32432027367682004,0.8977120666035124,0.52432027367682,0.021852324818239604,0.170082325314973,10.0,49,53.41768410115751
geom_0016,2946,22.559153179339326,25.129608945429162,0.8956955285840308,0.32432027367682004,0.8977120666035124,0.52432027367682,0.021852324818239604,0.170082325314973,10.0,50,53.35241427314534
geom_0016,2947,22.559153179339326,25.129608945429162,0.8956955285840308,0.32432027367682004,0.8977120666035124,0.52432027367682,0.021852324818239604,0.170082325314973,10.0,51,53.43970362370606
geom_0016,2948,22.559153179339326,25.129608945429162,0.8956955285840308,0.32432027367682004,0.8977120666035124,0.52432027367682,0.021852324818239604,0.170082325314973,10.0,52,53.28413998679169
geom_0016,2949,22.559153179339326,25.129608945429162,0.8956955285840308,0.32432027367682004,0.8977120666035124,0.52432027367682,0.021852324818239604,0.170082325314973,10.0,53,53.16049428173553
geom_0016,2950,22.559153179339326,25.129608945429162,0.8956955285840308,0.32432027367682004,0.8977120666035124,0.52432027367682,0.021852324818239604,0.170082325314973,10.0,54,53.22618248470186
geom_0016,2951,22.559153179339326,25.129608945429162,0.8956955285840308,0.32432027367682004,0.8977120666035124,0.52432027367682,0.021852324818239604,0.170082325314973,10.0,55,53.248752736092925
geom_0016,2952,22.559153179339326,25.129608945429162,0.8956955285840308,0.32432027367682004,0.8977120666035124,0.52432027367682,0.021852324818239604,0.170082325314973,10.0,56,53.19082197755111
geom_0016,2953,22.559153179339326,25.129608945429162,0.8956955285840308,0.32432027367682004,0.8977120666035124,0.52432027367682,0.021852324818239604,0.170082325314973,10.0,57,53.130572078833026
geom_0016,2954,22.559153179339326,25.129608945429162,0.8956955285840308,0.32432027367682004,0.8977120666035124,0.52432027367682,0.021852324818239604,0.170082325314973,10.0,58,53.15781544553331
geom_0016,2955,22.559153179339326,25.129608945429162,0.8956955285840308,0.32432027367682004,0.8977120666035124,0.52432027367682,0.021852324818239604,0.170082325314973,10.0,59,53.13966532071511
geom_0016,2956,22.559153179339326,25.129608945429162,0.8956955285840308,0.32432027367682004,0.8977120666035124,0.52432027367682,0.021852324818239604,0.170082325314973,10.0,60,53.132875211117785
geom_0016,2957,22.559153179339326,25.129608945429162,0.8956955285840308,0.32432027367682004,0.8977120666035124,0.52432027367682,0.021852324818239604,0.170082325314973,10.0,61,53.0318400111331
geom_0016,2958,22.559153179339326,25.129608945429162,0.8956955285840308,0.32432027367682004,0.8977120666035124,0.52432027367682,0.021852324818239604,0.170082325314973,10.0,62,52.9230025269252
geom_0016,2959,22.559153179339326,25.129608945429162,0.8956955285840308,0.32432027367682004,0.8977120666035124,0.52432027367682,0.021852324818239604,0.170082325314973,10.0,63,52.92761504302651
geom_0016,2960,22.559153179339326,25.129608945429162,0.8956955285840308,0.32432027367682004,0.8977120666035124,0.52432027367682,0.021852324818239604,0.170082325314973,10.0,64,53.00735528070584
geom_0016,2961,22.559153179339326,25.129608945429162,0.8956955285840308,0.32432027367682004,0.8977120666035124,0.52432027367682,0.021852324818239604,0.170082325314973,10.0,65,52.77934909688992
geom_0016,2962,22.559153179339326,25.129608945429162,0.8956955285840308,0.32432027367682004,0.8977120666035124,0.52432027367682,0.021852324818239604,0.170082325314973,10.0,66,52.87287084107936
geom_0016,2963,22.559153179339326,25.129608945429162,0.8956955285840308,0.32432027367682004,0.8977120666035124,0.52432027367682,0.021852324818239604,0.170082325314973,10.0,67,52.7722967744288
geom_0016,2964,22.559153179339326,25.129608945429162,0.8956955285840308,0.32432027367682004,0.8977120666035124,0.52432027367682,0.021852324818239604,0.170082325314973,10.0,68,52.79084099536423
geom_0016,2965,22.559153179339326,25.129608945429162,0.8956955285840308,0.32432027367682004,0.8977120666035124,0.52432027367682,0.021852324818239604,0.170082325314973,10.0,69,52.8928973054842
geom_0016,2966,22.559153179339326,25.129608945429162,0.8956955285840308,0.32432027367682004,0.8977120666035124,0.52432027367682,0.021852324818239604,0.170082325314973,10.0,70,52.7620369881405
geom_0016,2967,22.559153179339326,25.129608945429162,0.8956955285840308,0.32432027367682004,0.8977120666035124,0.52432027367682,0.021852324818239604,0.170082325314973,10.0,71,52.72627318004932
geom_0016,2968,22.559153179339326,25.129608945429162,0.8956955285840308,0.32432027367682004,0.8977120666035124,0.52432027367682,0.021852324818239604,0.170082325314973,10.0,72,52.56521043137505
geom_0016,2969,22.559153179339326,25.129608945429162,0.8956955285840308,0.32432027367682004,0.8977120666035124,0.52432027367682,0.021852324818239604,0.170082325314973,10.0,73,52.756287014141385
geom_0016,2970,22.559153179339326,25.129608945429162,0.8956955285840308,0.32432027367682004,0.8977120666035124,0.52432027367682,0.021852324818239604,0.170082325314973,10.0,74,52.72760817020126
geom_0016,2971,22.559153179339326,25.129608945429162,0.8956955285840308,0.32432027367682004,0.8977120666035124,0.52432027367682,0.021852324818239604,0.170082325314973,10.0,75,52.86174752367718
geom_0016,2972,22.559153179339326,25.129608945429162,0.8956955285840308,0.32432027367682004,0.8977120666035124,0.52432027367682,0.021852324818239604,0.170082325314973,10.0,76,52.59800074421346
geom_0016,2973,22.559153179339326,25.129608945429162,0.8956955285840308,0.32432027367682004,0.8977120666035124,0.52432027367682,0.021852324818239604,0.170082325314973,10.0,77,52.63507259733327
geom_0016,2974,22.559153179339326,25.129608945429162,0.8956955285840308,0.32432027367682004,0.8977120666035124,0.52432027367682,0.021852324818239604,0.170082325314973,10.0,78,52.623523887819935
geom_0016,2975,22.559153179339326,25.129608945429162,0.8956955285840308,0.32432027367682004,0.8977120666035124,0.52432027367682,0.021852324818239604,0.170082325314973,10.0,79,52.74283241746665
geom_0016,2976,22.559153179339326,25.129608945429162,0.8956955285840308,0.32432027367682004,0.8977120666035124,0.52432027367682,0.021852324818239604,0.170082325314973,10.0,80,52.563155526052014
geom_0016,2977,22.559153179339326,25.129608945429162,0.8956955285840308,0.32432027367682004,0.8977120666035124,0.52432027367682,0.021852324818239604,0.170082325314973,10.0,81,52.589302563769735
geom_0016,2978,22.559153179339326,25.129608945429162,0.8956955285840308,0.32432027367682004,0.8977120666035124,0.52432027367682,0.021852324818239604,0.170082325314973,10.0,82,52.612041748992475
geom_0016,2979,22.559153179339326,25.129608945429162,0.8956955285840308,0.32432027367682004,0.8977120666035124,0.52432027367682,0.021852324818239604,0.170082325314973,10.0,83,52.56091813062944
geom_0016,2980,22.559153179339326,25.129608945429162,0.8956955285840308,0.32432027367682004,0.8977120666035124,0.52432027367682,0.021852324818239604,0.170082325314973,10.0,84,52.48978753262594
geom_0016,2981,22.559153179339326,25.129608945429162,0.8956955285840308,0.32432027367682004,0.8977120666035124,0.52432027367682,0.021852324818239604,0.170082325314973,10.0,85,52.54719527040017
geom_0016,2982,22.559153179339326,25.129608945429162,0.8956955285840308,0.32432027367682004,0.8977120666035124,0.52432027367682,0.021852324818239604,0.170082325314973,10.0,86,52.629697676838425
geom_0016,2983,22.559153179339326,25.129608945429162,0.8956955285840308,0.32432027367682004,0.8977120666035124,0.52432027367682,0.021852324818239604,0.170082325314973,10.0,87,52.415433200960784
geom_0016,2984,22.559153179339326,25.129608945429162,0.8956955285840308,0.32432027367682004,0.8977120666035124,0.52432027367682,0.021852324818239604,0.170082325314973,10.0,88,52.528341050508295
geom_0016,2985,22.559153179339326,25.129608945429162,0.8956955285840308,0.32432027367682004,0.8977120666035124,0.52432027367682,0.021852324818239604,0.170082325314973,10.0,89,52.44320557273538
geom_0016,2986,22.559153179339326,25.129608945429162,0.8956955285840308,0.32432027367682004,0.8977120666035124,0.52432027367682,0.021852324818239604,0.170082325314973,10.0,90,52.632113167337636
geom_0016,2987,22.559153179339326,25.129608945429162,0.8956955285840308,0.32432027367682004,0.8977120666035124,0.52432027367682,0.021852324818239604,0.170082325314973,10.0,91,52.36089896375092
geom_0016,2988,22.559153179339326,25.129608945429162,0.8956955285840308,0.32432027367682004,0.8977120666035124,0.52432027367682,0.021852324818239604,0.170082325314973,10.0,92,52.45915189836645
geom_0016,2989,22.559153179339326,25.129608945429162,0.8956955285840308,0.32432027367682004,0.8977120666035124,0.52432027367682,0.021852324818239604,0.170082325314973,10.0,93,52.55580591840834
geom_0016,2990,22.559153179339326,25.129608945429162,0.8956955285840308,0.32432027367682004,0.8977120666035124,0.52432027367682,0.021852324818239604,0.170082325314973,10.0,94,52.67888690477588
geom_0016,2991,22.559153179339326,25.129608945429162,0.8956955285840308,0.32432027367682004,0.8977120666035124,0.52432027367682,0.021852324818239604,0.170082325314973,10.0,95,52.52121124500304
geom_0016,2992,22.559153179339326,25.129608945429162,0.8956955285840308,0.32432027367682004,0.8977120666035124,0.52432027367682,0.021852324818239604,0.170082325314973,10.0,96,52.47891094141167
geom_0016,2993,22.559153179339326,25.129608945429162,0.8956955285840308,0.32432027367682004,0.8977120666035124,0.52432027367682,0.021852324818239604,0.170082325314973,10.0,97,52.73037292525787
geom_0016,2994,22.559153179339326,25.129608945429162,0.8956955285840308,0.32432027367682004,0.8977120666035124,0.52432027367682,0.021852324818239604,0.170082325314973,10.0,98,52.4064507079792
geom_0016,2995,22.559153179339326,25.129608945429162,0.8956955285840308,0.32432027367682004,0.8977120666035124,0.52432027367682,0.021852324818239604,0.170082325314973,10.0,99,52.341519815530695
geom_0016,2996,22.559153179339326,25.129608945429162,0.8956955285840308,0.32432027367682004,0.8977120666035124,0.52432027367682,0.021852324818239604,0.170082325314973,10.0,100,52.61668652429604
geom_0016,2997,22.559153179339326,25.129608945429162,0.8956955285840308,0.32432027367682004,0.8977120666035124,0.52432027367682,0.021852324818239604,0.170082325314973,10.0,101,52.53488166705504
geom_0016,2998,22.559153179339326,25.129608945429162,0.8956955285840308,0.32432027367682004,0.8977120666035124,0.52432027367682,0.021852324818239604,0.170082325314973,10.0,102,52.49646223773579
geom_0016,2999,22.559153179339326,25.129608945429162,0.8956955285840308,0.32432027367682004,0.8977120666035124,0.52432027367682,0.021852324818239604,0.170082325314973,10.0,103,52.68399320929681
geom_0016,3000,22.559153179339326,25.129608945429162,0.8956955285840308,0.32432027367682004,0.8977120666035124,0.52432027367682,0.021852324818239604,0.170082325314973,10.0,104,52.65315863908587
geom_0016,3001,22.559153179339326,25.129608945429162,0.8956955285840308,0.32432027367682004,0.8977120666035124,0.52432027367682,0.021852324818239604,0.170082325314973,10.0,105,52.58901418827296
geom_0016,3002,22.559153179339326,25.129608945429162,0.8956955285840308,0.32432027367682004,0.8977120666035124,0.52432027367682,0.021852324818239604,0.170082325314973,10.0,106,52.53502931222006
geom_0016,3003,22.559153179339326,25.129608945429162,0.8956955285840308,0.32432027367682004,0.8977120666035124,0.52432027367682,0.021852324818239604,0.170082325314973,10.0,107,52.76890739036668
geom_0016,3004,22.559153179339326,25.129608945429162,0.8956955285840308,0.32432027367682004,0.8977120666035124,0.52432027367682,0.021852324818239604,0.170082325314973,10.0,108,52.76621616326891
geom_0016,3005,22.559153179339326,25.129608945429162,0.8956955285840308,0.32432027367682004,0.8977120666035124,0.52432027367682,0.021852324818239604,0.170082325314973,10.0,109,52.711711938855764
geom_0016,3006,22.559153179339326,25.129608945429162,0.8956955285840308,0.32432027367682004,0.8977120666035124,0.52432027367682,0.021852324818239604,0.170082325314973,10.0,110,52.92759078094328
geom_0016,3007,22.559153179339326,25.129608945429162,0.8956955285840308,0.32432027367682004,0.8977120666035124,0.52432027367682,0.021852324818239604,0.170082325314973,10.0,111,52.658043642590854
geom_0016,3008,22.559153179339326,25.129608945429162,0.8956955285840308,0.32432027367682004,0.8977120666035124,0.52432027367682,0.021852324818239604,0.170082325314973,10.0,112,52.635413995978276
geom_0016,3009,22.559153179339326,25.129608945429162,0.8956955285840308,0.32432027367682004,0.8977120666035124,0.52432027367682,0.021852324818239604,0.170082325314973,10.0,113,52.74243984867341
geom_0016,3010,22.559153179339326,25.129608945429162,0.8956955285840308,0.32432027367682004,0.8977120666035124,0.52432027367682,0.021852324818239604,0.170082325314973,10.0,114,52.83144490855652
geom_0016,3011,22.559153179339326,25.129608945429162,0.8956955285840308,0.32432027367682004,0.8977120666035124,0.52432027367682,0.021852324818239604,0.170082325314973,10.0,115,52.885376608920915
geom_0016,3012,22.559153179339326,25.129608945429162,0.8956955285840308,0.32432027367682004,0.8977120666035124,0.52432027367682,0.021852324818239604,0.170082325314973,10.0,116,52.86258077826937
geom_0016,3013,22.559153179339326,25.129608945429162,0.8956955285840308,0.32432027367682004,0.8977120666035124,0.52432027367682,0.021852324818239604,0.170082325314973,10.0,117,52.94814921403461
geom_0016,3014,22.559153179339326,25.129608945429162,0.8956955285840308,0.32432027367682004,0.8977120666035124,0.52432027367682,0.021852324818239604,0.170082325314973,10.0,118,52.81456039253784
geom_0016,3015,22.559153179339326,25.129608945429162,0.8956955285840308,0.32432027367682004,0.8977120666035124,0.52432027367682,0.021852324818239604,0.170082325314973,10.0,119,53.111345482781466
geom_0016,3016,22.559153179339326,25.129608945429162,0.8956955285840308,0.32432027367682004,0.8977120666035124,0.52432027367682,0.021852324818239604,0.170082325314973,10.0,120,52.98644419417477
geom_0016,3017,22.559153179339326,25.129608945429162,0.8956955285840308,0.32432027367682004,0.8977120666035124,0.52432027367682,0.021852324818239604,0.170082325314973,10.0,121,53.13446534482936
geom_0016,3018,22.559153179339326,25.129608945429162,0.8956955285840308,0.32432027367682004,0.8977120666035124,0.52432027367682,0.021852324818239604,0.170082325314973,10.0,122,53.08542051121216
geom_0016,3019,22.559153179339326,25.129608945429162,0.8956955285840308,0.32432027367682004,0.8977120666035124,0.52432027367682,0.021852324818239604,0.170082325314973,10.0,123,53.125519997637674
geom_0016,3020,22.559153179339326,25.129608945429162,0.8956955285840308,0.32432027367682004,0.8977120666035124,0.52432027367682,0.021852324818239604,0.170082325314973,10.0,124,53.165750487454595
geom_0016,3021,22.559153179339326,25.129608945429162,0.8956955285840308,0.32432027367682004,0.8977120666035124,0.52432027367682,0.021852324818239604,0.170082325314973,10.0,125,53.182653234036366
geom_0016,3022,22.559153179339326,25.129608945429162,0.8956955285840308,0.32432027367682004,0.8977120666035124,0.52432027367682,0.021852324818239604,0.170082325314973,10.0,126,53.23138927761938
geom_0016,3023,22.559153179339326,25.129608945429162,0.8956955285840308,0.32432027367682004,0.8977120666035124,0.52432027367682,0.021852324818239604,0.170082325314973,10.0,127,53.329338743827485
geom_0016,3024,22.559153179339326,25.129608945429162,0.8956955285840308,0.32432027367682004,0.8977120666035124,0.52432027367682,0.021852324818239604,0.170082325314973,10.0,128,53.24539928522925
geom_0016,3025,22.559153179339326,25.129608945429162,0.8956955285840308,0.32432027367682004,0.8977120666035124,0.52432027367682,0.021852324818239604,0.170082325314973,10.0,129,53.32593326689131
geom_0016,3026,22.559153179339326,25.129608945429162,0.8956955285840308,0.32432027367682004,0.8977120666035124,0.52432027367682,0.021852324818239604,0.170082325314973,10.0,130,53.275251554753986
geom_0016,3027,22.559153179339326,25.129608945429162,0.8956955285840308,0.32432027367682004,0.8977120666035124,0.52432027367682,0.021852324818239604,0.170082325314973,10.0,131,53.45727973499555
geom_0016,3028,22.559153179339326,25.129608945429162,0.8956955285840308,0.32432027367682004,0.8977120666035124,0.52432027367682,0.021852324818239604,0.170082325314973,10.0,132,53.27446623029254
geom_0016,3029,22.559153179339326,25.129608945429162,0.8956955285840308,0.32432027367682004,0.8977120666035124,0.52432027367682,0.021852324818239604,0.170082325314973,10.0,133,53.55077524035839
geom_0016,3030,22.559153179339326,25.129608945429162,0.8956955285840308,0.32432027367682004,0.8977120666035124,0.52432027367682,0.021852324818239604,0.170082325314973,10.0,134,53.39492306500427
geom_0016,3031,22.559153179339326,25.129608945429162,0.8956955285840308,0.32432027367682004,0.8977120666035124,0.52432027367682,0.021852324818239604,0.170082325314973,10.0,135,53.28374455660644
geom_0016,3032,22.559153179339326,25.129608945429162,0.8956955285840308,0.32432027367682004,0.8977120666035124,0.52432027367682,0.021852324818239604,0.170082325314973,10.0,136,53.467084931907976
geom_0016,3033,22.559153179339326,25.129608945429162,0.8956955285840308,0.32432027367682004,0.8977120666035124,0.52432027367682,0.021852324818239604,0.170082325314973,10.0,137,53.41313476943885
geom_0016,3034,22.559153179339326,25.129608945429162,0.8956955285840308,0.32432027367682004,0.8977120666035124,0.52432027367682,0.021852324818239604,0.170082325314973,10.0,138,53.59172676696322
geom_0016,3035,22.559153179339326,25.129608945429162,0.8956955285840308,0.32432027367682004,0.8977120666035124,0.52432027367682,0.021852324818239604,0.170082325314973,10.0,139,53.46822381593603
geom_0016,3036,22.559153179339326,25.129608945429162,0.8956955285840308,0.32432027367682004,0.8977120666035124,0.52432027367682,0.021852324818239604,0.170082325314973,10.0,140,53.514037646997146
geom_0016,3037,22.559153179339326,25.129608945429162,0.8956955285840308,0.32432027367682004,0.8977120666035124,0.52432027367682,0.021852324818239604,0.170082325314973,10.0,141,53.394162749676916
geom_0016,3038,22.559153179339326,25.129608945429162,0.8956955285840308,0.32432027367682004,0.8977120666035124,0.52432027367682,0.021852324818239604,0.170082325314973,10.0,142,53.56158366657106
geom_0016,3039,22.559153179339326,25.129608945429162,0.8956955285840308,0.32432027367682004,0.8977120666035124,0.52432027367682,0.021852324818239604,0.170082325314973,10.0,143,53.387306651811855
geom_0016,3040,22.559153179339326,25.129608945429162,0.8956955285840308,0.32432027367682004,0.8977120666035124,0.52432027367682,0.021852324818239604,0.170082325314973,10.0,144,53.49331421824395
geom_0016,3041,22.559153179339326,25.129608945429162,0.8956955285840308,0.32432027367682004,0.8977120666035124,0.52432027367682,0.021852324818239604,0.170082325314973,10.0,145,53.74883305775018
geom_0016,3042,22.559153179339326,25.129608945429162,0.8956955285840308,0.32432027367682004,0.8977120666035124,0.52432027367682,0.021852324818239604,0.170082325314973,10.0,146,53.7714842173756
geom_0016,3043,22.559153179339326,25.129608945429162,0.8956955285840308,0.32432027367682004,0.8977120666035124,0.52432027367682,0.021852324818239604,0.170082325314973,10.0,147,53.754537295267404
geom_0016,3044,22.559153179339326,25.129608945429162,0.8956955285840308,0.32432027367682004,0.8977120666035124,0.52432027367682,0.021852324818239604,0.170082325314973,10.0,148,53.63330613878226
geom_0016,3045,22.559153179339326,25.129608945429162,0.8956955285840308,0.32432027367682004,0.8977120666035124,0.52432027367682,0.021852324818239604,0.170082325314973,10.0,149,53.7421208628299
geom_0016,3046,22.559153179339326,25.129608945429162,0.8956955285840308,0.32432027367682004,0.8977120666035124,0.52432027367682,0.021852324818239604,0.170082325314973,10.0,150,53.762248250536096
geom_0016,3047,22.559153179339326,25.129608945429162,0.8956955285840308,0.32432027367682004,0.8977120666035124,0.52432027367682,0.021852324818239604,0.170082325314973,10.0,151,53.66127017236838
geom_0016,3048,22.559153179339326,25.129608945429162,0.8956955285840308,0.32432027367682004,0.8977120666035124,0.52432027367682,0.021852324818239604,0.170082325314973,10.0,152,53.940680815399766
geom_0016,3049,22.559153179339326,25.129608945429162,0.8956955285840308,0.32432027367682004,0.8977120666035124,0.52432027367682,0.021852324818239604,0.170082325314973,10.0,153,53.890003611420525
geom_0016,3050,22.559153179339326,25.129608945429162,0.8956955285840308,0.32432027367682004,0.8977120666035124,0.52432027367682,0.021852324818239604,0.170082325314973,10.0,154,53.790746593628825
geom_0016,3051,22.559153179339326,25.129608945429162,0.8956955285840308,0.32432027367682004,0.8977120666035124,0.52432027367682,0.021852324818239604,0.170082325314973,10.0,155,53.82471502635582
geom_0016,3052,22.559153179339326,25.129608945429162,0.8956955285840308,0.32432027367682004,0.8977120666035124,0.52432027367682,0.021852324818239604,0.170082325314973,10.0,156,53.850615980929796
geom_0016,3053,22.559153179339326,25.129608945429162,0.8956955285840308,0.32432027367682004,0.8977120666035124,0.52432027367682,0.021852324818239604,0.170082325314973,10.0,157,53.63188483026977
geom_0016,3054,22.559153179339326,25.129608945429162,0.8956955285840308,0.32432027367682004,0.8977120666035124,0.52432027367682,0.021852324818239604,0.170082325314973,10.0,158,53.816113653532895
geom_0016,3055,22.559153179339326,25.129608945429162,0.8956955285840308,0.32432027367682004,0.8977120666035124,0.52432027367682,0.021852324818239604,0.170082325314973,10.0,159,53.77586321695207
geom_0016,3056,22.559153179339326,25.129608945429162,0.8956955285840308,0.32432027367682004,0.8977120666035124,0.52432027367682,0.021852324818239604,0.170082325314973,10.0,160,53.745553454785465
geom_0016,3057,22.559153179339326,25.129608945429162,0.8956955285840308,0.32432027367682004,0.8977120666035124,0.52432027367682,0.021852324818239604,0.170082325314973,10.0,161,53.81765091448095
geom_0016,3058,22.559153179339326,25.129608945429162,0.8956955285840308,0.32432027367682004,0.8977120666035124,0.52432027367682,0.021852324818239604,0.170082325314973,10.0,162,54.02393663744242
geom_0016,3059,22.559153179339326,25.129608945429162,0.8956955285840308,0.32432027367682004,0.8977120666035124,0.52432027367682,0.021852324818239604,0.170082325314973,10.0,163,53.90499255884989
geom_0016,3060,22.559153179339326,25.129608945429162,0.8956955285840308,0.32432027367682004,0.8977120666035124,0.52432027367682,0.021852324818239604,0.170082325314973,10.0,164,53.77883746133551
geom_0016,3061,22.559153179339326,25.129608945429162,0.8956955285840308,0.32432027367682004,0.8977120666035124,0.52432027367682,0.021852324818239604,0.170082325314973,10.0,165,53.886542978462465
geom_0016,3062,22.559153179339326,25.129608945429162,0.8956955285840308,0.32432027367682004,0.8977120666035124,0.52432027367682,0.021852324818239604,0.170082325314973,10.0,166,53.96080922859148
geom_0016,3063,22.559153179339326,25.129608945429162,0.8956955285840308,0.32432027367682004,0.8977120666035124,0.52432027367682,0.021852324818239604,0.170082325314973,10.0,167,53.903165050872914
geom_0016,3064,22.559153179339326,25.129608945429162,0.8956955285840308,0.32432027367682004,0.8977120666035124,0.52432027367682,0.021852324818239604,0.170082325314973,10.0,168,53.804713109536586
geom_0016,3065,22.559153179339326,25.129608945429162,0.8956955285840308,0.32432027367682004,0.8977120666035124,0.52432027367682,0.021852324818239604,0.170082325314973,10.0,169,53.72030859927787
geom_0016,3066,22.559153179339326,25.129608945429162,0.8956955285840308,0.32432027367682004,0.8977120666035124,0.52432027367682,0.021852324818239604,0.170082325314973,10.0,170,53.83926612231924
geom_0016,3067,22.559153179339326,25.129608945429162,0.8956955285840308,0.32432027367682004,0.8977120666035124,0.52432027367682,0.021852324818239604,0.170082325314973,10.0,171,53.791410747510525
geom_0016,3068,22.559153179339326,25.129608945429162,0.8956955285840308,0.32432027367682004,0.8977120666035124,0.52432027367682,0.021852324818239604,0.170082325314973,10.0,172,53.822366572275534
geom_0016,3069,22.559153179339326,25.129608945429162,0.8956955285840308,0.32432027367682004,0.8977120666035124,0.52432027367682,0.021852324818239604,0.170082325314973,10.0,173,53.775307960837644
geom_0016,3070,22.559153179339326,25.129608945429162,0.8956955285840308,0.32432027367682004,0.8977120666035124,0.52432027367682,0.021852324818239604,0.170082325314973,10.0,174,53.7938421036131
geom_0016,3071,22.559153179339326,25.129608945429162,0.8956955285840308,0.32432027367682004,0.8977120666035124,0.52432027367682,0.021852324818239604,0.170082325314973,10.0,175,53.61060809830273
geom_0016,3072,22.559153179339326,25.129608945429162,0.8956955285840308,0.32432027367682004,0.8977120666035124,0.52432027367682,0.021852324818239604,0.170082325314973,10.0,176,53.76926296160919
geom_0016,3073,22.559153179339326,25.129608945429162,0.8956955285840308,0.32432027367682004,0.8977120666035124,0.52432027367682,0.021852324818239604,0.170082325314973,10.0,177,53.62882322045269
geom_0016,3074,22.559153179339326,25.129608945429162,0.8956955285840308,0.32432027367682004,0.8977120666035124,0.52432027367682,0.021852324818239604,0.170082325314973,10.0,178,53.78627966050242
geom_0016,3075,22.559153179339326,25.129608945429162,0.8956955285840308,0.32432027367682004,0.8977120666035124,0.52432027367682,0.021852324818239604,0.170082325314973,10.0,179,53.47768077603941
geom_0016,3076,22.559153179339326,25.129608945429162,0.8956955285840308,0.32432027367682004,0.8977120666035124,0.52432027367682,0.021852324818239604,0.170082325314973,10.0,180,53.68620488476168
geom_0017,3077,22.559153179339326,25.129608945429162,0.8956955285840308,0.32432027367682004,0.8977120666035124,0.52432027367682,0.021852324818239604,0.170082325314973,10.0,0,53.50914001570648
geom_0017,3078,22.559153179339326,25.129608945429162,0.8956955285840308,0.32432027367682004,0.8977120666035124,0.52432027367682,0.021852324818239604,0.170082325314973,10.0,1,53.570021031102016
geom_0017,3079,22.559153179339326,25.129608945429162,0.8956955285840308,0.32432027367682004,0.8977120666035124,0.52432027367682,0.021852324818239604,0.170082325314973,10.0,2,53.7338036225213
geom_0017,3080,22.559153179339326,25.129608945429162,0.8956955285840308,0.32432027367682004,0.8977120666035124,0.52432027367682,0.021852324818239604,0.170082325314973,10.0,3,53.50922785590957
geom_0017,3081,22.559153179339326,25.129608945429162,0.8956955285840308,0.32432027367682004,0.8977120666035124,0.52432027367682,0.021852324818239604,0.170082325314973,10.0,4,53.73595579489342
geom_0017,3082,22.559153179339326,25.129608945429162,0.8956955285840308,0.32432027367682004,0.8977120666035124,0.52432027367682,0.021852324818239604,0.170082325314973,10.0,5,53.64273273503623
geom_0017,3083,22.559153179339326,25.129608945429162,0.8956955285840308,0.32432027367682004,0.8977120666035124,0.52432027367682,0.021852324818239604,0.170082325314973,10.0,6,53.683940461115924
geom_0017,3084,22.559153179339326,25.129608945429162,0.8956955285840308,0.32432027367682004,0.8977120666035124,0.52432027367682,0.021852324818239604,0.170082325314973,10.0,7,53.77927272988611
geom_0017,3085,22.559153179339326,25.129608945429162,0.8956955285840308,0.32432027367682004,0.8977120666035124,0.52432027367682,0.021852324818239604,0.170082325314973,10.0,8,53.620575048116535
geom_0017,3086,22.559153179339326,25.129608945429162,0.8956955285840308,0.32432027367682004,0.8977120666035124,0.52432027367682,0.021852324818239604,0.170082325314973,10.0,9,53.79030318358675
geom_0017,3087,22.559153179339326,25.129608945429162,0.8956955285840308,0.32432027367682004,0.8977120666035124,0.52432027367682,0.021852324818239604,0.170082325314973,10.0,10,53.78608901177918
geom_0017,3088,22.559153179339326,25.129608945429162,0.8956955285840308,0.32432027367682004,0.8977120666035124,0.52432027367682,0.021852324818239604,0.170082325314973,10.0,11,53.83424740344924
geom_0017,3089,22.559153179339326,25.129608945429162,0.8956955285840308,0.32432027367682004,0.8977120666035124,0.52432027367682,0.021852324818239604,0.170082325314973,10.0,12,53.82766693693535
geom_0017,3090,22.559153179339326,25.129608945429162,0.8956955285840308,0.32432027367682004,0.8977120666035124,0.52432027367682,0.021852324818239604,0.170082325314973,10.0,13,54.05623169657272
geom_0017,3091,22.559153179339326,25.129608945429162,0.8956955285840308,0.32432027367682004,0.8977120666035124,0.52432027367682,0.021852324818239604,0.170082325314973,10.0,14,53.75709968650774
geom_0017,3092,22.559153179339326,25.129608945429162,0.8956955285840308,0.32432027367682004,0.8977120666035124,0.52432027367682,0.021852324818239604,0.170082325314973,10.0,15,53.77618500482667
geom_0017,3093,22.559153179339326,25.129608945429162,0.8956955285840308,0.32432027367682004,0.8977120666035124,0.52432027367682,0.021852324818239604,0.170082325314973,10.0,16,53.77364130767131
geom_0017,3094,22.559153179339326,25.129608945429162,0.8956955285840308,0.32432027367682004,0.8977120666035124,0.52432027367682,0.021852324818239604,0.170082325314973,10.0,17,53.78536056080716
geom_0017,3095,22.559153179339326,25.129608945429162,0.8956955285840308,0.32432027367682004,0.8977120666035124,0.52432027367682,0.021852324818239604,0.170082325314973,10.0,18,53.780429272026815
geom_0017,3096,22.559153179339326,25.129608945429162,0.8956955285840308,0.32432027367682004,0.8977120666035124,0.52432027367682,0.021852324818239604,0.170082325314973,10.0,19,53.9646625968803
geom_0017,3097,22.559153179339326,25.129608945429162,0.8956955285840308,0.32432027367682004,0.8977120666035124,0.52432027367682,0.021852324818239604,0.170082325314973,10.0,20,53.987765880573946
geom_0017,3098,22.559153179339326,25.129608945429162,0.8956955285840308,0.32432027367682004,0.8977120666035124,0.52432027367682,0.021852324818239604,0.170082325314973,10.0,21,53.786987012376905
geom_0017,3099,22.559153179339326,25.129608945429162,0.8956955285840308,0.32432027367682004,0.8977120666035124,0.52432027367682,0.021852324818239604,0.170082325314973,10.0,22,53.75759583447453
geom_0017,3100,22.559153179339326,25.129608945429162,0.8956955285840308,0.32432027367682004,0.8977120666035124,0.52432027367682,0.021852324818239604,0.170082325314973,10.0,23,53.883199872750836
geom_0017,3101,22.559153179339326,25.129608945429162,0.8956955285840308,0.32432027367682004,0.8977120666035124,0.52432027367682,0.021852324818239604,0.170082325314973,10.0,24,53.77455539570694
geom_0017,3102,22.559153179339326,25.129608945429162,0.8956955285840308,0.32432027367682004,0.8977120666035124,0.52432027367682,0.021852324818239604,0.170082325314973,10.0,25,53.88531962423191
geom_0017,3103,22.559153179339326,25.129608945429162,0.8956955285840308,0.32432027367682004,0.8977120666035124,0.52432027367682,0.021852324818239604,0.170082325314973,10.0,26,53.833135313096925
geom_0017,3104,22.559153179339326,25.129608945429162,0.8956955285840308,0.32432027367682004,0.8977120666035124,0.52432027367682,0.021852324818239604,0.170082325314973,10.0,27,53.65069297086323
geom_0017,3105,22.559153179339326,25.129608945429162,0.8956955285840308,0.32432027367682004,0.8977120666035124,0.52432027367682,0.021852324818239604,0.170082325314973,10.0,28,53.94509150535606
geom_0017,3106,22.559153179339326,25.129608945429162,0.8956955285840308,0.32432027367682004,0.8977120666035124,0.52432027367682,0.021852324818239604,0.170082325314973,10.0,29,53.95669440859719
geom_0017,3107,22.559153179339326,25.129608945429162,0.8956955285840308,0.32432027367682004,0.8977120666035124,0.52432027367682,0.021852324818239604,0.170082325314973,10.0,30,53.70132963539672
geom_0017,3108,22.559153179339326,25.129608945429162,0.8956955285840308,0.32432027367682004,0.8977120666035124,0.52432027367682,0.021852324818239604,0.170082325314973,10.0,31,53.7081218424505
geom_0017,3109,22.559153179339326,25.129608945429162,0.8956955285840308,0.32432027367682004,0.8977120666035124,0.52432027367682,0.021852324818239604,0.170082325314973,10.0,32,53.758590292167675
geom_0017,3110,22.559153179339326,25.129608945429162,0.8956955285840308,0.32432027367682004,0.8977120666035124,0.52432027367682,0.021852324818239604,0.170082325314973,10.0,33,53.74543721808761
geom_0017,3111,22.559153179339326,25.129608945429162,0.8956955285840308,0.32432027367682004,0.8977120666035124,0.52432027367682,0.021852324818239604,0.170082325314973,10.0,34,53.7587586287778
geom_0017,3112,22.559153179339326,25.129608945429162,0.8956955285840308,0.32432027367682004,0.8977120666035124,0.52432027367682,0.021852324818239604,0.170082325314973,10.0,35,53.87381204601239
geom_0017,3113,22.559153179339326,25.129608945429162,0.8956955285840308,0.32432027367682004,0.8977120666035124,0.52432027367682,0.021852324818239604,0.170082325314973,10.0,36,53.63400977784312
geom_0017,3114,22.559153179339326,25.129608945429162,0.8956955285840308,0.32432027367682004,0.8977120666035124,0.52432027367682,0.021852324818239604,0.170082325314973,10.0,37,53.549864860020904
geom_0017,3115,22.559153179339326,25.129608945429162,0.8956955285840308,0.32432027367682004,0.8977120666035124,0.52432027367682,0.021852324818239604,0.170082325314973,10.0,38,53.46888237569452
geom_0017,3116,22.559153179339326,25.129608945429162,0.8956955285840308,0.32432027367682004,0.8977120666035124,0.52432027367682,0.021852324818239604,0.170082325314973,10.0,39,53.51002381877727
geom_0017,3117,22.559153179339326,25.129608945429162,0.8956955285840308,0.32432027367682004,0.8977120666035124,0.52432027367682,0.021852324818239604,0.170082325314973,10.0,40,53.55534329303125
geom_0017,3118,22.559153179339326,25.129608945429162,0.8956955285840308,0.32432027367682004,0.8977120666035124,0.52432027367682,0.021852324818239604,0.170082325314973,10.0,41,53.71294200021805
geom_0017,3119,22.559153179339326,25.129608945429162,0.8956955285840308,0.32432027367682004,0.8977120666035124,0.52432027367682,0.021852324818239604,0.170082325314973,10.0,42,53.45590128216073
geom_0017,3120,22.559153179339326,25.129608945429162,0.8956955285840308,0.32432027367682004,0.8977120666035124,0.52432027367682,0.021852324818239604,0.170082325314973,10.0,43,53.503618730350226
geom_0017,3121,22.559153179339326,25.129608945429162,0.8956955285840308,0.32432027367682004,0.8977120666035124,0.52432027367682,0.021852324818239604,0.170082325314973,10.0,44,53.452632200809624
geom_0017,3122,22.559153179339326,25.129608945429162,0.8956955285840308,0.32432027367682004,0.8977120666035124,0.52432027367682,0.021852324818239604,0.170082325314973,10.0,45,53.545661394163055
geom_0017,3123,22.559153179339326,25.129608945429162,0.8956955285840308,0.32432027367682004,0.8977120666035124,0.52432027367682,0.021852324818239604,0.170082325314973,10.0,46,53.651632102656066
geom_0017,3124,22.559153179339326,25.129608945429162,0.8956955285840308,0.32432027367682004,0.8977120666035124,0.52432027367682,0.021852324818239604,0.170082325314973,10.0,47,53.317594319775274
geom_0017,3125,22.559153179339326,25.129608945429162,0.8956955285840308,0.32432027367682004,0.8977120666035124,0.52432027367682,0.021852324818239604,0.170082325314973,10.0,48,53.293161516246634
geom_0017,3126,22.559153179339326,25.129608945429162,0.8956955285840308,0.32432027367682004,0.8977120666035124,0.52432027367682,0.021852324818239604,0.170082325314973,10.0,49,53.41768410115751
geom_0017,3127,22.559153179339326,25.129608945429162,0.8956955285840308,0.32432027367682004,0.8977120666035124,0.52432027367682,0.021852324818239604,0.170082325314973,10.0,50,53.35241427314534
geom_0017,3128,22.559153179339326,25.129608945429162,0.8956955285840308,0.32432027367682004,0.8977120666035124,0.52432027367682,0.021852324818239604,0.170082325314973,10.0,51,53.43970362370606
geom_0017,3129,22.559153179339326,25.129608945429162,0.8956955285840308,0.32432027367682004,0.8977120666035124,0.52432027367682,0.021852324818239604,0.170082325314973,10.0,52,53.28413998679169
geom_0017,3130,22.559153179339326,25.129608945429162,0.8956955285840308,0.32432027367682004,0.8977120666035124,0.52432027367682,0.021852324818239604,0.170082325314973,10.0,53,53.16049428173553
geom_0017,3131,22.559153179339326,25.129608945429162,0.8956955285840308,0.32432027367682004,0.8977120666035124,0.52432027367682,0.021852324818239604,0.170082325314973,10.0,54,53.22618248470186
geom_0017,3132,22.559153179339326,25.129608945429162,0.8956955285840308,0.32432027367682004,0.8977120666035124,0.52432027367682,0.021852324818239604,0.170082325314973,10.0,55,53.248752736092925
geom_0017,3133,22.559153179339326,25.129608945429162,0.8956955285840308,0.32432027367682004,0.8977120666035124,0.52432027367682,0.021852324818239604,0.170082325314973,10.0,56,53.19082197755111
geom_0017,3134,22.559153179339326,25.129608945429162,0.8956955285840308,0.32432027367682004,0.8977120666035124,0.52432027367682,0.021852324818239604,0.170082325314973,10.0,57,53.130572078833026
geom_0017,3135,22.559153179339326,25.129608945429162,0.8956955285840308,0.32432027367682004,0.8977120666035124,0.52432027367682,0.021852324818239604,0.170082325314973,10.0,58,53.15781544553331
geom_0017,3136,22.559153179339326,25.129608945429162,0.8956955285840308,0.32432027367682004,0.8977120666035124,0.52432027367682,0.021852324818239604,0.170082325314973,10.0,59,53.13966532071511
geom_0017,3137,22.559153179339326,25.129608945429162,0.8956955285840308,0.32432027367682004,0.8977120666035124,0.52432027367682,0.021852324818239604,0.170082325314973,10.0,60,53.132875211117785
geom_0017,3138,22.559153179339326,25.129608945429162,0.8956955285840308,0.32432027367682004,0.8977120666035124,0.52432027367682,0.021852324818239604,0.170082325314973,10.0,61,53.0318400111331
geom_0017,3139,22.559153179339326,25.129608945429162,0.8956955285840308,0.32432027367682004,0.8977120666035124,0.52432027367682,0.021852324818239604,0.170082325314973,10.0,62,52.9230025269252
geom_0017,3140,22.559153179339326,25.129608945429162,0.8956955285840308,0.32432027367682004,0.8977120666035124,0.52432027367682,0.021852324818239604,0.170082325314973,10.0,63,52.92761504302651
geom_0017,3141,22.559153179339326,25.129608945429162,0.8956955285840308,0.32432027367682004,0.8977120666035124,0.52432027367682,0.021852324818239604,0.170082325314973,10.0,64,53.00735528070584
geom_0017,3142,22.559153179339326,25.129608945429162,0.8956955285840308,0.32432027367682004,0.8977120666035124,0.52432027367682,0.021852324818239604,0.170082325314973,10.0,65,52.77934909688992
geom_0017,3143,22.559153179339326,25.129608945429162,0.8956955285840308,0.32432027367682004,0.8977120666035124,0.52432027367682,0.021852324818239604,0.170082325314973,10.0,66,52.87287084107936
geom_0017,3144,22.559153179339326,25.129608945429162,0.8956955285840308,0.32432027367682004,0.8977120666035124,0.52432027367682,0.021852324818239604,0.170082325314973,10.0,67,52.7722967744288
geom_0017,3145,22.559153179339326,25.129608945429162,0.8956955285840308,0.32432027367682004,0.8977120666035124,0.52432027367682,0.021852324818239604,0.170082325314973,10.0,68,52.79084099536423
geom_0017,3146,22.559153179339326,25.129608945429162,0.8956955285840308,0.32432027367682004,0.8977120666035124,0.52432027367682,0.021852324818239604,0.170082325314973,10.0,69,52.8928973054842
geom_0017,3147,22.559153179339326,25.129608945429162,0.8956955285840308,0.32432027367682004,0.8977120666035124,0.52432027367682,0.021852324818239604,0.170082325314973,10.0,70,52.7620369881405
geom_0017,3148,22.559153179339326,25.129608945429162,0.8956955285840308,0.32432027367682004,0.8977120666035124,0.52432027367682,0.021852324818239604,0.170082325314973,10.0,71,52.72627318004932
geom_0017,3149,22.559153179339326,25.129608945429162,0.8956955285840308,0.32432027367682004,0.8977120666035124,0.52432027367682,0.021852324818239604,0.170082325314973,10.0,72,52.56521043137505
geom_0017,3150,22.559153179339326,25.129608945429162,0.8956955285840308,0.32432027367682004,0.8977120666035124,0.52432027367682,0.021852324818239604,0.170082325314973,10.0,73,52.756287014141385
geom_0017,3151,22.559153179339326,25.129608945429162,0.8956955285840308,0.32432027367682004,0.8977120666035124,0.52432027367682,0.021852324818239604,0.170082325314973,10.0,74,52.72760817020126
geom_0017,3152,22.559153179339326,25.129608945429162,0.8956955285840308,0.32432027367682004,0.8977120666035124,0.52432027367682,0.021852324818239604,0.170082325314973,10.0,75,52.86174752367718
geom_0017,3153,22.559153179339326,25.129608945429162,0.8956955285840308,0.32432027367682004,0.8977120666035124,0.52432027367682,0.021852324818239604,0.170082325314973,10.0,76,52.59800074421346
geom_0017,3154,22.559153179339326,25.129608945429162,0.8956955285840308,0.32432027367682004,0.8977120666035124,0.52432027367682,0.021852324818239604,0.170082325314973,10.0,77,52.63507259733327
geom_0017,3155,22.559153179339326,25.129608945429162,0.8956955285840308,0.32432027367682004,0.8977120666035124,0.52432027367682,0.021852324818239604,0.170082325314973,10.0,78,52.623523887819935
geom_0017,3156,22.559153179339326,25.129608945429162,0.8956955285840308,0.32432027367682004,0.8977120666035124,0.52432027367682,0.021852324818239604,0.170082325314973,10.0,79,52.74283241746665
geom_0017,3157,22.559153179339326,25.129608945429162,0.8956955285840308,0.32432027367682004,0.8977120666035124,0.52432027367682,0.021852324818239604,0.170082325314973,10.0,80,52.563155526052014
geom_0017,3158,22.559153179339326,25.129608945429162,0.8956955285840308,0.32432027367682004,0.8977120666035124,0.52432027367682,0.021852324818239604,0.170082325314973,10.0,81,52.589302563769735
geom_0017,3159,22.559153179339326,25.129608945429162,0.8956955285840308,0.32432027367682004,0.8977120666035124,0.52432027367682,0.021852324818239604,0.170082325314973,10.0,82,52.612041748992475
geom_0017,3160,22.559153179339326,25.129608945429162,0.8956955285840308,0.32432027367682004,0.8977120666035124,0.52432027367682,0.021852324818239604,0.170082325314973,10.0,83,52.56091813062944
geom_0017,3161,22.559153179339326,25.129608945429162,0.8956955285840308,0.32432027367682004,0.8977120666035124,0.52432027367682,0.021852324818239604,0.170082325314973,10.0,84,52.48978753262594
geom_0017,3162,22.559153179339326,25.129608945429162,0.8956955285840308,0.32432027367682004,0.8977120666035124,0.52432027367682,0.021852324818239604,0.170082325314973,10.0,85,52.54719527040017
geom_0017,3163,22.559153179339326,25.129608945429162,0.8956955285840308,0.32432027367682004,0.8977120666035124,0.52432027367682,0.021852324818239604,0.170082325314973,10.0,86,52.629697676838425
geom_0017,3164,22.559153179339326,25.129608945429162,0.8956955285840308,0.32432027367682004,0.8977120666035124,0.52432027367682,0.021852324818239604,0.170082325314973,10.0,87,52.415433200960784
geom_0017,3165,22.559153179339326,25.129608945429162,0.8956955285840308,0.32432027367682004,0.8977120666035124,0.52432027367682,0.021852324818239604,0.170082325314973,10.0,88,52.528341050508295
geom_0017,3166,22.559153179339326,25.129608945429162,0.8956955285840308,0.32432027367682004,0.8977120666035124,0.52432027367682,0.021852324818239604,0.170082325314973,10.0,89,52.44320557273538
geom_0017,3167,22.559153179339326,25.129608945429162,0.8956955285840308,0.32432027367682004,0.8977120666035124,0.52432027367682,0.021852324818239604,0.170082325314973,10.0,90,52.632113167337636
geom_0017,3168,22.559153179339326,25.129608945429162,0.8956955285840308,0.32432027367682004,0.8977120666035124,0.52432027367682,0.021852324818239604,0.170082325314973,10.0,91,52.36089896375092
geom_0017,3169,22.559153179339326,25.129608945429162,0.8956955285840308,0.32432027367682004,0.8977120666035124,0.52432027367682,0.021852324818239604,0.170082325314973,10.0,92,52.45915189836645
geom_0017,3170,22.559153179339326,25.129608945429162,0.8956955285840308,0.32432027367682004,0.8977120666035124,0.52432027367682,0.021852324818239604,0.170082325314973,10.0,93,52.55580591840834
geom_0017,3171,22.559153179339326,25.129608945429162,0.8956955285840308,0.32432027367682004,0.8977120666035124,0.52432027367682,0.021852324818239604,0.170082325314973,10.0,94,52.67888690477588
geom_0017,3172,22.559153179339326,25.129608945429162,0.8956955285840308,0.32432027367682004,0.8977120666035124,0.52432027367682,0.021852324818239604,0.170082325314973,10.0,95,52.52121124500304
geom_0017,3173,22.559153179339326,25.129608945429162,0.8956955285840308,0.32432027367682004,0.8977120666035124,0.52432027367682,0.021852324818239604,0.170082325314973,10.0,96,52.47891094141167
geom_0017,3174,22.559153179339326,25.129608945429162,0.8956955285840308,0.32432027367682004,0.8977120666035124,0.52432027367682,0.021852324818239604,0.170082325314973,10.0,97,52.73037292525787
geom_0017,3175,22.559153179339326,25.129608945429162,0.8956955285840308,0.32432027367682004,0.8977120666035124,0.52432027367682,0.021852324818239604,0.170082325314973,10.0,98,52.4064507079792
geom_0017,3176,22.559153179339326,25.129608945429162,0.8956955285840308,0.32432027367682004,0.8977120666035124,0.52432027367682,0.021852324818239604,0.170082325314973,10.0,99,52.341519815530695
geom_0017,3177,22.559153179339326,25.129608945429162,0.8956955285840308,0.32432027367682004,0.8977120666035124,0.52432027367682,0.021852324818239604,0.170082325314973,10.0,100,52.61668652429604
geom_0017,3178,22.559153179339326,25.129608945429162,0.8956955285840308,0.32432027367682004,0.8977120666035124,0.52432027367682,0.021852324818239604,0.170082325314973,10.0,101,52.53488166705504
geom_0017,3179,22.559153179339326,25.129608945429162,0.8956955285840308,0.32432027367682004,0.8977120666035124,0.52432027367682,0.021852324818239604,0.170082325314973,10.0,102,52.49646223773579
geom_0017,3180,22.559153179339326,25.129608945429162,0.8956955285840308,0.32432027367682004,0.8977120666035124,0.52432027367682,0.021852324818239604,0.170082325314973,10.0,103,52.68399320929681
geom_0017,3181,22.559153179339326,25.129608945429162,0.8956955285840308,0.32432027367682004,0.8977120666035124,0.52432027367682,0.021852324818239604,0.170082325314973,10.0,104,52.65315863908587
geom_0017,3182,22.559153179339326,25.129608945429162,0.8956955285840308,0.32432027367682004,0.8977120666035124,0.52432027367682,0.021852324818239604,0.170082325314973,10.0,105,52.58901418827296
geom_0017,3183,22.559153179339326,25.129608945429162,0.8956955285840308,0.32432027367682004,0.8977120666035124,0.52432027367682,0.021852324818239604,0.170082325314973,10.0,106,52.53502931222006
geom_0017,3184,22.559153179339326,25.129608945429162,0.8956955285840308,0.32432027367682004,0.8977120666035124,0.52432027367682,0.021852324818239604,0.170082325314973,10.0,107,52.76890739036668
geom_0017,3185,22.559153179339326,25.129608945429162,0.8956955285840308,0.32432027367682004,0.8977120666035124,0.52432027367682,0.021852324818239604,0.170082325314973,10.0,108,52.76621616326891
geom_0017,3186,22.559153179339326,25.129608945429162,0.8956955285840308,0.32432027367682004,0.8977120666035124,0.52432027367682,0.021852324818239604,0.170082325314973,10.0,109,52.711711938855764
geom_0017,3187,22.559153179339326,25.129608945429162,0.8956955285840308,0.32432027367682004,0.8977120666035124,0.52432027367682,0.021852324818239604,0.170082325314973,10.0,110,52.92759078094328
geom_0017,3188,22.559153179339326,25.129608945429162,0.8956955285840308,0.32432027367682004,0.8977120666035124,0.52432027367682,0.021852324818239604,0.170082325314973,10.0,111,52.658043642590854
geom_0017,3189,22.559153179339326,25.129608945429162,0.8956955285840308,0.32432027367682004,0.8977120666035124,0.52432027367682,0.021852324818239604,0.170082325314973,10.0,112,52.635413995978276
geom_0017,3190,22.559153179339326,25.129608945429162,0.8956955285840308,0.32432027367682004,0.8977120666035124,0.52432027367682,0.021852324818239604,0.170082325314973,10.0,113,52.74243984867341
geom_0017,3191,22.559153179339326,25.129608945429162,0.8956955285840308,0.32432027367682004,0.8977120666035124,0.52432027367682,0.021852324818239604,0.170082325314973,10.0,114,52.83144490855652
geom_0017,3192,22.559153179339326,25.129608945429162,0.8956955285840308,0.32432027367682004,0.8977120666035124,0.52432027367682,0.021852324818239604,0.170082325314973,10.0,115,52.885376608920915
geom_0017,3193,22.559153179339326,25.129608945429162,0.8956955285840308,0.32432027367682004,0.8977120666035124,0.52432027367682,0.021852324818239604,0.170082325314973,10.0,116,52.86258077826937
geom_0017,3194,22.559153179339326,25.129608945429162,0.8956955285840308,0.32432027367682004,0.8977120666035124,0.52432027367682,0.021852324818239604,0.170082325314973,10.0,117,52.94814921403461
geom_0017,3195,22.559153179339326,25.129608945429162,0.8956955285840308,0.32432027367682004,0.8977120666035124,0.52432027367682,0.021852324818239604,0.170082325314973,10.0,118,52.81456039253784
geom_0017,3196,22.559153179339326,25.129608945429162,0.8956955285840308,0.32432027367682004,0.8977120666035124,0.52432027367682,0.021852324818239604,0.170082325314973,10.0,119,53.111345482781466
geom_0017,3197,22.559153179339326,25.129608945429162,0.8956955285840308,0.32432027367682004,0.8977120666035124,0.52432027367682,0.021852324818239604,0.170082325314973,10.0,120,52.98644419417477
geom_0017,3198,22.559153179339326,25.129608945429162,0.8956955285840308,0.32432027367682004,0.8977120666035124,0.52432027367682,0.021852324818239604,0.170082325314973,10.0,121,53.13446534482936
geom_0017,3199,22.559153179339326,25.129608945429162,0.8956955285840308,0.32432027367682004,0.8977120666035124,0.52432027367682,0.021852324818239604,0.170082325314973,10.0,122,53.08542051121216
geom_0017,3200,22.559153179339326,25.129608945429162,0.8956955285840308,0.32432027367682004,0.8977120666035124,0.52432027367682,0.021852324818239604,0.170082325314973,10.0,123,53.125519997637674
geom_0017,3201,22.559153179339326,25.129608945429162,0.8956955285840308,0.32432027367682004,0.8977120666035124,0.52432027367682,0.021852324818239604,0.170082325314973,10.0,124,53.165750487454595
geom_0017,3202,22.559153179339326,25.129608945429162,0.8956955285840308,0.32432027367682004,0.8977120666035124,0.52432027367682,0.021852324818239604,0.170082325314973,10.0,125,53.182653234036366
geom_0017,3203,22.559153179339326,25.129608945429162,0.8956955285840308,0.32432027367682004,0.8977120666035124,0.52432027367682,0.021852324818239604,0.170082325314973,10.0,126,53.23138927761938
geom_0017,3204,22.559153179339326,25.129608945429162,0.8956955285840308,0.32432027367682004,0.8977120666035124,0.52432027367682,0.021852324818239604,0.170082325314973,10.0,127,53.329338743827485
geom_0017,3205,22.559153179339326,25.129608945429162,0.8956955285840308,0.32432027367682004,0.8977120666035124,0.52432027367682,0.021852324818239604,0.170082325314973,10.0,128,53.24539928522925
geom_0017,3206,22.559153179339326,25.129608945429162,0.8956955285840308,0.32432027367682004,0.8977120666035124,0.52432027367682,0.021852324818239604,0.170082325314973,10.0,129,53.32593326689131
geom_0017,3207,22.559153179339326,25.129608945429162,0.8956955285840308,0.32432027367682004,0.8977120666035124,0.52432027367682,0.021852324818239604,0.170082325314973,10.0,130,53.275251554753986
geom_0017,3208,22.559153179339326,25.129608945429162,0.8956955285840308,0.32432027367682004,0.8977120666035124,0.52432027367682,0.021852324818239604,0.170082325314973,10.0,131,53.45727973499555
geom_0017,3209,22.559153179339326,25.129608945429162,0.8956955285840308,0.32432027367682004,0.8977120666035124,0.52432027367682,0.021852324818239604,0.170082325314973,10.0,132,53.27446623029254
geom_0017,3210,22.559153179339326,25.129608945429162,0.8956955285840308,0.32432027367682004,0.8977120666035124,0.52432027367682,0.021852324818239604,0.170082325314973,10.0,133,53.55077524035839
geom_0017,3211,22.559153179339326,25.129608945429162,0.8956955285840308,0.32432027367682004,0.8977120666035124,0.52432027367682,0.021852324818239604,0.170082325314973,10.0,134,53.39492306500427
geom_0017,3212,22.559153179339326,25.129608945429162,0.8956955285840308,0.32432027367682004,0.8977120666035124,0.52432027367682,0.021852324818239604,0.170082325314973,10.0,135,53.28374455660644
geom_0017,3213,22.559153179339326,25.129608945429162,0.8956955285840308,0.32432027367682004,0.8977120666035124,0.52432027367682,0.021852324818239604,0.170082325314973,10.0,136,53.467084931907976
geom_0017,3214,22.559153179339326,25.129608945429162,0.8956955285840308,0.32432027367682004,0.8977120666035124,0.52432027367682,0.021852324818239604,0.170082325314973,10.0,137,53.41313476943885
geom_0017,3215,22.559153179339326,25.129608945429162,0.8956955285840308,0.32432027367682004,0.8977120666035124,0.52432027367682,0.021852324818239604,0.170082325314973,10.0,138,53.59172676696322
geom_0017,3216,22.559153179339326,25.129608945429162,0.8956955285840308,0.32432027367682004,0.8977120666035124,0.52432027367682,0.021852324818239604,0.170082325314973,10.0,139,53.46822381593603
geom_0017,3217,22.559153179339326,25.129608945429162,0.8956955285840308,0.32432027367682004,0.8977120666035124,0.52432027367682,0.021852324818239604,0.170082325314973,10.0,140,53.514037646997146
geom_0017,3218,22.559153179339326,25.129608945429162,0.8956955285840308,0.32432027367682004,0.8977120666035124,0.52432027367682,0.021852324818239604,0.170082325314973,10.0,141,53.394162749676916
geom_0017,3219,22.559153179339326,25.129608945429162,0.8956955285840308,0.32432027367682004,0.8977120666035124,0.52432027367682,0.021852324818239604,0.170082325314973,10.0,142,53.56158366657106
geom_0017,3220,22.559153179339326,25.129608945429162,0.8956955285840308,0.32432027367682004,0.8977120666035124,0.52432027367682,0.021852324818239604,0.170082325314973,10.0,143,53.387306651811855
geom_0017,3221,22.559153179339326,25.129608945429162,0.8956955285840308,0.32432027367682004,0.8977120666035124,0.52432027367682,0.021852324818239604,0.170082325314973,10.0,144,53.49331421824395
geom_0017,3222,22.559153179339326,25.129608945429162,0.8956955285840308,0.32432027367682004,0.8977120666035124,0.52432027367682,0.021852324818239604,0.170082325314973,10.0,145,53.74883305775018
geom_0017,3223,22.559153179339326,25.129608945429162,0.8956955285840308,0.32432027367682004,0.8977120666035124,0.52432027367682,0.021852324818239604,0.170082325314973,10.0,146,53.7714842173756
geom_0017,3224,22.559153179339326,25.129608945429162,0.8956955285840308,0.32432027367682004,0.8977120666035124,0.52432027367682,0.021852324818239604,0.170082325314973,10.0,147,53.754537295267404
geom_0017,3225,22.559153179339326,25.129608945429162,0.8956955285840308,0.32432027367682004,0.8977120666035124,0.52432027367682,0.021852324818239604,0.170082325314973,10.0,148,53.63330613878226
geom_0017,3226,22.559153179339326,25.129608945429162,0.8956955285840308,0.32432027367682004,0.8977120666035124,0.52432027367682,0.021852324818239604,0.170082325314973,10.0,149,53.7421208628299
geom_0017,3227,22.559153179339326,25.129608945429162,0.8956955285840308,0.32432027367682004,0.8977120666035124,0.52432027367682,0.021852324818239604,0.170082325314973,10.0,150,53.762248250536096
geom_0017,3228,22.559153179339326,25.129608945429162,0.8956955285840308,0.32432027367682004,0.8977120666035124,0.52432027367682,0.021852324818239604,0.170082325314973,10.0,151,53.66127017236838
geom_0017,3229,22.559153179339326,25.129608945429162,0.8956955285840308,0.32432027367682004,0.8977120666035124,0.52432027367682,0.021852324818239604,0.170082325314973,10.0,152,53.940680815399766
geom_0017,3230,22.559153179339326,25.129608945429162,0.8956955285840308,0.32432027367682004,0.8977120666035124,0.52432027367682,0.021852324818239604,0.170082325314973,10.0,153,53.890003611420525
geom_0017,3231,22.559153179339326,25.129608945429162,0.8956955285840308,0.32432027367682004,0.8977120666035124,0.52432027367682,0.021852324818239604,0.170082325314973,10.0,154,53.790746593628825
geom_0017,3232,22.559153179339326,25.129608945429162,0.8956955285840308,0.32432027367682004,0.8977120666035124,0.52432027367682,0.021852324818239604,0.170082325314973,10.0,155,53.82471502635582
geom_0017,3233,22.559153179339326,25.129608945429162,0.8956955285840308,0.32432027367682004,0.8977120666035124,0.52432027367682,0.021852324818239604,0.170082325314973,10.0,156,53.850615980929796
geom_0017,3234,22.559153179339326,25.129608945429162,0.8956955285840308,0.32432027367682004,0.8977120666035124,0.52432027367682,0.021852324818239604,0.170082325314973,10.0,157,53.63188483026977
geom_0017,3235,22.559153179339326,25.129608945429162,0.8956955285840308,0.32432027367682004,0.8977120666035124,0.52432027367682,0.021852324818239604,0.170082325314973,10.0,158,53.816113653532895
geom_0017,3236,22.559153179339326,25.129608945429162,0.8956955285840308,0.32432027367682004,0.8977120666035124,0.52432027367682,0.021852324818239604,0.170082325314973,10.0,159,53.77586321695207
geom_0017,3237,22.559153179339326,25.129608945429162,0.8956955285840308,0.32432027367682004,0.8977120666035124,0.52432027367682,0.021852324818239604,0.170082325314973,10.0,160,53.745553454785465
geom_0017,3238,22.559153179339326,25.129608945429162,0.8956955285840308,0.32432027367682004,0.8977120666035124,0.52432027367682,0.021852324818239604,0.170082325314973,10.0,161,53.81765091448095
geom_0017,3239,22.559153179339326,25.129608945429162,0.8956955285840308,0.32432027367682004,0.8977120666035124,0.52432027367682,0.021852324818239604,0.170082325314973,10.0,162,54.02393663744242
geom_0017,3240,22.559153179339326,25.129608945429162,0.8956955285840308,0.32432027367682004,0.8977120666035124,0.52432027367682,0.021852324818239604,0.170082325314973,10.0,163,53.90499255884989
geom_0017,3241,22.559153179339326,25.129608945429162,0.8956955285840308,0.32432027367682004,0.8977120666035124,0.52432027367682,0.021852324818239604,0.170082325314973,10.0,164,53.77883746133551
geom_0017,3242,22.559153179339326,25.129608945429162,0.8956955285840308,0.32432027367682004,0.8977120666035124,0.52432027367682,0.021852324818239604,0.170082325314973,10.0,165,53.886542978462465
geom_0017,3243,22.559153179339326,25.129608945429162,0.8956955285840308,0.32432027367682004,0.8977120666035124,0.52432027367682,0.021852324818239604,0.170082325314973,10.0,166,53.96080922859148
geom_0017,3244,22.559153179339326,25.129608945429162,0.8956955285840308,0.32432027367682004,0.8977120666035124,0.52432027367682,0.021852324818239604,0.170082325314973,10.0,167,53.903165050872914
geom_0017,3245,22.559153179339326,25.129608945429162,0.8956955285840308,0.32432027367682004,0.8977120666035124,0.52432027367682,0.021852324818239604,0.170082325314973,10.0,168,53.804713109536586
geom_0017,3246,22.559153179339326,25.129608945429162,0.8956955285840308,0.32432027367682004,0.8977120666035124,0.52432027367682,0.021852324818239604,0.170082325314973,10.0,169,53.72030859927787
geom_0017,3247,22.559153179339326,25.129608945429162,0.8956955285840308,0.32432027367682004,0.8977120666035124,0.52432027367682,0.021852324818239604,0.170082325314973,10.0,170,53.83926612231924
geom_0017,3248,22.559153179339326,25.129608945429162,0.8956955285840308,0.32432027367682004,0.8977120666035124,0.52432027367682,0.021852324818239604,0.170082325314973,10.0,171,53.791410747510525
geom_0017,3249,22.559153179339326,25.129608945429162,0.8956955285840308,0.32432027367682004,0.8977120666035124,0.52432027367682,0.021852324818239604,0.170082325314973,10.0,172,53.822366572275534
geom_0017,3250,22.559153179339326,25.129608945429162,0.8956955285840308,0.32432027367682004,0.8977120666035124,0.52432027367682,0.021852324818239604,0.170082325314973,10.0,173,53.775307960837644
geom_0017,3251,22.559153179339326,25.129608945429162,0.8956955285840308,0.32432027367682004,0.8977120666035124,0.52432027367682,0.021852324818239604,0.170082325314973,10.0,174,53.7938421036131
geom_0017,3252,22.559153179339326,25.129608945429162,0.8956955285840308,0.32432027367682004,0.8977120666035124,0.52432027367682,0.021852324818239604,0.170082325314973,10.0,175,53.61060809830273
geom_0017,3253,22.559153179339326,25.129608945429162,0.8956955285840308,0.32432027367682004,0.8977120666035124,0.52432027367682,0.021852324818239604,0.170082325314973,10.0,176,53.76926296160919
geom_0017,3254,22.559153179339326,25.129608945429162,0.8956955285840308,0.32432027367682004,0.8977120666035124,0.52432027367682,0.021852324818239604,0.170082325314973,10.0,177,53.62882322045269
geom_0017,3255,22.559153179339326,25.129608945429162,0.8956955285840308,0.32432027367682004,0.8977120666035124,0.52432027367682,0.021852324818239604,0.170082325314973,10.0,178,53.78627966050242
geom_0017,3256,22.559153179339326,25.129608945429162,0.8956955285840308,0.32432027367682004,0.8977120666035124,0.52432027367682,0.021852324818239604,0.170082325314973,10.0,179,53.47768077603941
geom_0017,3257,22.559153179339326,25.129608945429162,0.8956955285840308,0.32432027367682004,0.8977120666035124,0.52432027367682,0.021852324818239604,0.170082325314973,10.0,180,53.68620488476168
geom_0018,3258,22.559153179339326,25.129608945429162,0.8956955285840308,0.32432027367682004,0.8977120666035124,0.52432027367682,0.021852324818239604,0.170082325314973,10.0,0,53.50914001570648
geom_0018,3259,22.559153179339326,25.129608945429162,0.8956955285840308,0.32432027367682004,0.8977120666035124,0.52432027367682,0.021852324818239604,0.170082325314973,10.0,1,53.570021031102016
geom_0018,3260,22.559153179339326,25.129608945429162,0.8956955285840308,0.32432027367682004,0.8977120666035124,0.52432027367682,0.021852324818239604,0.170082325314973,10.0,2,53.7338036225213
geom_0018,3261,22.559153179339326,25.129608945429162,0.8956955285840308,0.32432027367682004,0.8977120666035124,0.52432027367682,0.021852324818239604,0.170082325314973,10.0,3,53.50922785590957
geom_0018,3262,22.559153179339326,25.129608945429162,0.8956955285840308,0.32432027367682004,0.8977120666035124,0.52432027367682,0.021852324818239604,0.170082325314973,10.0,4,53.73595579489342
geom_0018,3263,22.559153179339326,25.129608945429162,0.8956955285840308,0.32432027367682004,0.8977120666035124,0.52432027367682,0.021852324818239604,0.170082325314973,10.0,5,53.64273273503623
geom_0018,3264,22.559153179339326,25.129608945429162,0.8956955285840308,0.32432027367682004,0.8977120666035124,0.52432027367682,0.021852324818239604,0.170082325314973,10.0,6,53.683940461115924
geom_0018,3265,22.559153179339326,25.129608945429162,0.8956955285840308,0.32432027367682004,0.8977120666035124,0.52432027367682,0.021852324818239604,0.170082325314973,10.0,7,53.77927272988611
geom_0018,3266,22.559153179339326,25.129608945429162,0.8956955285840308,0.32432027367682004,0.8977120666035124,0.52432027367682,0.021852324818239604,0.170082325314973,10.0,8,53.620575048116535
geom_0018,3267,22.559153179339326,25.129608945429162,0.8956955285840308,0.32432027367682004,0.8977120666035124,0.52432027367682,0.021852324818239604,0.170082325314973,10.0,9,53.79030318358675
geom_0018,3268,22.559153179339326,25.129608945429162,0.8956955285840308,0.32432027367682004,0.8977120666035124,0.52432027367682,0.021852324818239604,0.170082325314973,10.0,10,53.78608901177918
geom_0018,3269,22.559153179339326,25.129608945429162,0.8956955285840308,0.32432027367682004,0.8977120666035124,0.52432027367682,0.021852324818239604,0.170082325314973,10.0,11,53.83424740344924
geom_0018,3270,22.559153179339326,25.129608945429162,0.8956955285840308,0.32432027367682004,0.8977120666035124,0.52432027367682,0.021852324818239604,0.170082325314973,10.0,12,53.82766693693535
geom_0018,3271,22.559153179339326,25.129608945429162,0.8956955285840308,0.32432027367682004,0.8977120666035124,0.52432027367682,0.021852324818239604,0.170082325314973,10.0,13,54.05623169657272
geom_0018,3272,22.559153179339326,25.129608945429162,0.8956955285840308,0.32432027367682004,0.8977120666035124,0.52432027367682,0.021852324818239604,0.170082325314973,10.0,14,53.75709968650774
geom_0018,3273,22.559153179339326,25.129608945429162,0.8956955285840308,0.32432027367682004,0.8977120666035124,0.52432027367682,0.021852324818239604,0.170082325314973,10.0,15,53.77618500482667
geom_0018,3274,22.559153179339326,25.129608945429162,0.8956955285840308,0.32432027367682004,0.8977120666035124,0.52432027367682,0.021852324818239604,0.170082325314973,10.0,16,53.77364130767131
geom_0018,3275,22.559153179339326,25.129608945429162,0.8956955285840308,0.32432027367682004,0.8977120666035124,0.52432027367682,0.021852324818239604,0.170082325314973,10.0,17,53.78536056080716
geom_0018,3276,22.559153179339326,25.129608945429162,0.8956955285840308,0.32432027367682004,0.8977120666035124,0.52432027367682,0.021852324818239604,0.170082325314973,10.0,18,53.780429272026815
geom_0018,3277,22.559153179339326,25.129608945429162,0.8956955285840308,0.32432027367682004,0.8977120666035124,0.52432027367682,0.021852324818239604,0.170082325314973,10.0,19,53.9646625968803
geom_0018,3278,22.559153179339326,25.129608945429162,0.8956955285840308,0.32432027367682004,0.8977120666035124,0.52432027367682,0.021852324818239604,0.170082325314973,10.0,20,53.987765880573946
geom_0018,3279,22.559153179339326,25.129608945429162,0.8956955285840308,0.32432027367682004,0.8977120666035124,0.52432027367682,0.021852324818239604,0.170082325314973,10.0,21,53.786987012376905
geom_0018,3280,22.559153179339326,25.129608945429162,0.8956955285840308,0.32432027367682004,0.8977120666035124,0.52432027367682,0.021852324818239604,0.170082325314973,10.0,22,53.75759583447453
geom_0018,3281,22.559153179339326,25.129608945429162,0.8956955285840308,0.32432027367682004,0.8977120666035124,0.52432027367682,0.021852324818239604,0.170082325314973,10.0,23,53.883199872750836
geom_0018,3282,22.559153179339326,25.129608945429162,0.8956955285840308,0.32432027367682004,0.8977120666035124,0.52432027367682,0.021852324818239604,0.170082325314973,10.0,24,53.77455539570694
geom_0018,3283,22.559153179339326,25.129608945429162,0.8956955285840308,0.32432027367682004,0.8977120666035124,0.52432027367682,0.021852324818239604,0.170082325314973,10.0,25,53.88531962423191
geom_0018,3284,22.559153179339326,25.129608945429162,0.8956955285840308,0.32432027367682004,0.8977120666035124,0.52432027367682,0.021852324818239604,0.170082325314973,10.0,26,53.833135313096925
geom_0018,3285,22.559153179339326,25.129608945429162,0.8956955285840308,0.32432027367682004,0.8977120666035124,0.52432027367682,0.021852324818239604,0.170082325314973,10.0,27,53.65069297086323
geom_0018,3286,22.559153179339326,25.129608945429162,0.8956955285840308,0.32432027367682004,0.8977120666035124,0.52432027367682,0.021852324818239604,0.170082325314973,10.0,28,53.94509150535606
geom_0018,3287,22.559153179339326,25.129608945429162,0.8956955285840308,0.32432027367682004,0.8977120666035124,0.52432027367682,0.021852324818239604,0.170082325314973,10.0,29,53.95669440859719
geom_0018,3288,22.559153179339326,25.129608945429162,0.8956955285840308,0.32432027367682004,0.8977120666035124,0.52432027367682,0.021852324818239604,0.170082325314973,10.0,30,53.70132963539672
geom_0018,3289,22.559153179339326,25.129608945429162,0.8956955285840308,0.32432027367682004,0.8977120666035124,0.52432027367682,0.021852324818239604,0.170082325314973,10.0,31,53.7081218424505
geom_0018,3290,22.559153179339326,25.129608945429162,0.8956955285840308,0.32432027367682004,0.8977120666035124,0.52432027367682,0.021852324818239604,0.170082325314973,10.0,32,53.758590292167675
geom_0018,3291,22.559153179339326,25.129608945429162,0.8956955285840308,0.32432027367682004,0.8977120666035124,0.52432027367682,0.021852324818239604,0.170082325314973,10.0,33,53.74543721808761
geom_0018,3292,22.559153179339326,25.129608945429162,0.8956955285840308,0.32432027367682004,0.8977120666035124,0.52432027367682,0.021852324818239604,0.170082325314973,10.0,34,53.7587586287778
geom_0018,3293,22.559153179339326,25.129608945429162,0.8956955285840308,0.32432027367682004,0.8977120666035124,0.52432027367682,0.021852324818239604,0.170082325314973,10.0,35,53.87381204601239
geom_0018,3294,22.559153179339326,25.129608945429162,0.8956955285840308,0.32432027367682004,0.8977120666035124,0.52432027367682,0.021852324818239604,0.170082325314973,10.0,36,53.63400977784312
geom_0018,3295,22.559153179339326,25.129608945429162,0.8956955285840308,0.32432027367682004,0.8977120666035124,0.52432027367682,0.021852324818239604,0.170082325314973,10.0,37,53.549864860020904
geom_0018,3296,22.559153179339326,25.129608945429162,0.8956955285840308,0.32432027367682004,0.8977120666035124,0.52432027367682,0.021852324818239604,0.170082325314973,10.0,38,53.46888237569452
geom_0018,3297,22.559153179339326,25.129608945429162,0.8956955285840308,0.32432027367682004,0.8977120666035124,0.52432027367682,0.021852324818239604,0.170082325314973,10.0,39,53.51002381877727
geom_0018,3298,22.559153179339326,25.129608945429162,0.8956955285840308,0.32432027367682004,0.8977120666035124,0.52432027367682,0.021852324818239604,0.170082325314973,10.0,40,53.55534329303125
geom_0018,3299,22.559153179339326,25.129608945429162,0.8956955285840308,0.32432027367682004,0.8977120666035124,0.52432027367682,0.021852324818239604,0.170082325314973,10.0,41,53.71294200021805
geom_0018,3300,22.559153179339326,25.129608945429162,0.8956955285840308,0.32432027367682004,0.8977120666035124,0.52432027367682,0.021852324818239604,0.170082325314973,10.0,42,53.45590128216073
geom_0018,3301,22.559153179339326,25.129608945429162,0.8956955285840308,0.32432027367682004,0.8977120666035124,0.52432027367682,0.021852324818239604,0.170082325314973,10.0,43,53.503618730350226
geom_0018,3302,22.559153179339326,25.129608945429162,0.8956955285840308,0.32432027367682004,0.8977120666035124,0.52432027367682,0.021852324818239604,0.170082325314973,10.0,44,53.452632200809624
geom_0018,3303,22.559153179339326,25.129608945429162,0.8956955285840308,0.32432027367682004,0.8977120666035124,0.52432027367682,0.021852324818239604,0.170082325314973,10.0,45,53.545661394163055
geom_0018,3304,22.559153179339326,25.129608945429162,0.8956955285840308,0.32432027367682004,0.8977120666035124,0.52432027367682,0.021852324818239604,0.170082325314973,10.0,46,53.651632102656066
geom_0018,3305,22.559153179339326,25.129608945429162,0.8956955285840308,0.32432027367682004,0.8977120666035124,0.52432027367682,0.021852324818239604,0.170082325314973,10.0,47,53.317594319775274
geom_0018,3306,22.559153179339326,25.129608945429162,0.8956955285840308,0.32432027367682004,0.8977120666035124,0.52432027367682,0.021852324818239604,0.170082325314973,10.0,48,53.293161516246634
geom_0018,3307,22.559153179339326,25.129608945429162,0.8956955285840308,0.32432027367682004,0.8977120666035124,0.52432027367682,0.021852324818239604,0.170082325314973,10.0,49,53.41768410115751
geom_0018,3308,22.559153179339326,25.129608945429162,0.8956955285840308,0.32432027367682004,0.8977120666035124,0.52432027367682,0.021852324818239604,0.170082325314973,10.0,50,53.35241427314534
geom_0018,3309,22.559153179339326,25.129608945429162,0.8956955285840308,0.32432027367682004,0.8977120666035124,0.52432027367682,0.021852324818239604,0.170082325314973,10.0,51,53.43970362370606
geom_0018,3310,22.559153179339326,25.129608945429162,0.8956955285840308,0.32432027367682004,0.8977120666035124,0.52432027367682,0.021852324818239604,0.170082325314973,10.0,52,53.28413998679169
geom_0018,3311,22.559153179339326,25.129608945429162,0.8956955285840308,0.32432027367682004,0.8977120666035124,0.52432027367682,0.021852324818239604,0.170082325314973,10.0,53,53.16049428173553
geom_0018,3312,22.559153179339326,25.129608945429162,0.8956955285840308,0.32432027367682004,0.8977120666035124,0.52432027367682,0.021852324818239604,0.170082325314973,10.0,54,53.22618248470186
geom_0018,3313,22.559153179339326,25.129608945429162,0.8956955285840308,0.32432027367682004,0.8977120666035124,0.52432027367682,0.021852324818239604,0.170082325314973,10.0,55,53.248752736092925
geom_0018,3314,22.559153179339326,25.129608945429162,0.8956955285840308,0.32432027367682004,0.8977120666035124,0.52432027367682,0.021852324818239604,0.170082325314973,10.0,56,53.19082197755111
geom_0018,3315,22.559153179339326,25.129608945429162,0.8956955285840308,0.32432027367682004,0.8977120666035124,0.52432027367682,0.021852324818239604,0.170082325314973,10.0,57,53.130572078833026
geom_0018,3316,22.559153179339326,25.129608945429162,0.8956955285840308,0.32432027367682004,0.8977120666035124,0.52432027367682,0.021852324818239604,0.170082325314973,10.0,58,53.15781544553331
geom_0018,3317,22.559153179339326,25.129608945429162,0.8956955285840308,0.32432027367682004,0.8977120666035124,0.52432027367682,0.021852324818239604,0.170082325314973,10.0,59,53.13966532071511
geom_0018,3318,22.559153179339326,25.129608945429162,0.8956955285840308,0.32432027367682004,0.8977120666035124,0.52432027367682,0.021852324818239604,0.170082325314973,10.0,60,53.132875211117785
geom_0018,3319,22.559153179339326,25.129608945429162,0.8956955285840308,0.32432027367682004,0.8977120666035124,0.52432027367682,0.021852324818239604,0.170082325314973,10.0,61,53.0318400111331
geom_0018,3320,22.559153179339326,25.129608945429162,0.8956955285840308,0.32432027367682004,0.8977120666035124,0.52432027367682,0.021852324818239604,0.170082325314973,10.0,62,52.9230025269252
geom_0018,3321,22.559153179339326,25.129608945429162,0.8956955285840308,0.32432027367682004,0.8977120666035124,0.52432027367682,0.021852324818239604,0.170082325314973,10.0,63,52.92761504302651
geom_0018,3322,22.559153179339326,25.129608945429162,0.8956955285840308,0.32432027367682004,0.8977120666035124,0.52432027367682,0.021852324818239604,0.170082325314973,10.0,64,53.00735528070584
geom_0018,3323,22.559153179339326,25.129608945429162,0.8956955285840308,0.32432027367682004,0.8977120666035124,0.52432027367682,0.021852324818239604,0.170082325314973,10.0,65,52.77934909688992
geom_0018,3324,22.559153179339326,25.129608945429162,0.8956955285840308,0.32432027367682004,0.8977120666035124,0.52432027367682,0.021852324818239604,0.170082325314973,10.0,66,52.87287084107936
geom_0018,3325,22.559153179339326,25.129608945429162,0.8956955285840308,0.32432027367682004,0.8977120666035124,0.52432027367682,0.021852324818239604,0.170082325314973,10.0,67,52.7722967744288
geom_0018,3326,22.559153179339326,25.129608945429162,0.8956955285840308,0.32432027367682004,0.8977120666035124,0.52432027367682,0.021852324818239604,0.170082325314973,10.0,68,52.79084099536423
geom_0018,3327,22.559153179339326,25.129608945429162,0.8956955285840308,0.32432027367682004,0.8977120666035124,0.52432027367682,0.021852324818239604,0.170082325314973,10.0,69,52.8928973054842
geom_0018,3328,22.559153179339326,25.129608945429162,0.8956955285840308,0.32432027367682004,0.8977120666035124,0.52432027367682,0.021852324818239604,0.170082325314973,10.0,70,52.7620369881405
geom_0018,3329,22.559153179339326,25.129608945429162,0.8956955285840308,0.32432027367682004,0.8977120666035124,0.52432027367682,0.021852324818239604,0.170082325314973,10.0,71,52.72627318004932
geom_0018,3330,22.559153179339326,25.129608945429162,0.8956955285840308,0.32432027367682004,0.8977120666035124,0.52432027367682,0.021852324818239604,0.170082325314973,10.0,72,52.56521043137505
geom_0018,3331,22.559153179339326,25.129608945429162,0.8956955285840308,0.32432027367682004,0.8977120666035124,0.52432027367682,0.021852324818239604,0.170082325314973,10.0,73,52.756287014141385
geom_0018,3332,22.559153179339326,25.129608945429162,0.8956955285840308,0.32432027367682004,0.8977120666035124,0.52432027367682,0.021852324818239604,0.170082325314973,10.0,74,52.72760817020126
geom_0018,3333,22.559153179339326,25.129608945429162,0.8956955285840308,0.32432027367682004,0.8977120666035124,0.52432027367682,0.021852324818239604,0.170082325314973,10.0,75,52.86174752367718
geom_0018,3334,22.559153179339326,25.129608945429162,0.8956955285840308,0.32432027367682004,0.8977120666035124,0.52432027367682,0.021852324818239604,0.170082325314973,10.0,76,52.59800074421346
geom_0018,3335,22.559153179339326,25.129608945429162,0.8956955285840308,0.32432027367682004,0.8977120666035124,0.52432027367682,0.021852324818239604,0.170082325314973,10.0,77,52.63507259733327
geom_0018,3336,22.559153179339326,25.129608945429162,0.8956955285840308,0.32432027367682004,0.8977120666035124,0.52432027367682,0.021852324818239604,0.170082325314973,10.0,78,52.623523887819935
geom_0018,3337,22.559153179339326,25.129608945429162,0.8956955285840308,0.32432027367682004,0.8977120666035124,0.52432027367682,0.021852324818239604,0.170082325314973,10.0,79,52.74283241746665
geom_0018,3338,22.559153179339326,25.129608945429162,0.8956955285840308,0.32432027367682004,0.8977120666035124,0.52432027367682,0.021852324818239604,0.170082325314973,10.0,80,52.563155526052014
geom_0018,3339,22.559153179339326,25.129608945429162,0.8956955285840308,0.32432027367682004,0.8977120666035124,0.52432027367682,0.021852324818239604,0.170082325314973,10.0,81,52.589302563769735
geom_0018,3340,22.559153179339326,25.129608945429162,0.8956955285840308,0.32432027367682004,0.8977120666035124,0.52432027367682,0.021852324818239604,0.170082325314973,10.0,82,52.612041748992475
geom_0018,3341,22.559153179339326,25.129608945429162,0.8956955285840308,0.32432027367682004,0.8977120666035124,0.52432027367682,0.021852324818239604,0.170082325314973,10.0,83,52.56091813062944
geom_0018,3342,22.559153179339326,25.129608945429162,0.8956955285840308,0.32432027367682004,0.8977120666035124,0.52432027367682,0.021852324818239604,0.170082325314973,10.0,84,52.48978753262594
geom_0018,3343,22.559153179339326,25.129608945429162,0.8956955285840308,0.32432027367682004,0.8977120666035124,0.52432027367682,0.021852324818239604,0.170082325314973,10.0,85,52.54719527040017
geom_0018,3344,22.559153179339326,25.129608945429162,0.8956955285840308,0.32432027367682004,0.8977120666035124,0.52432027367682,0.021852324818239604,0.170082325314973,10.0,86,52.629697676838425
geom_0018,3345,22.559153179339326,25.129608945429162,0.8956955285840308,0.32432027367682004,0.8977120666035124,0.52432027367682,0.021852324818239604,0.170082325314973,10.0,87,52.415433200960784
geom_0018,3346,22.559153179339326,25.129608945429162,0.8956955285840308,0.32432027367682004,0.8977120666035124,0.52432027367682,0.021852324818239604,0.170082325314973,10.0,88,52.528341050508295
geom_0018,3347,22.559153179339326,25.129608945429162,0.8956955285840308,0.32432027367682004,0.8977120666035124,0.52432027367682,0.021852324818239604,0.170082325314973,10.0,89,52.44320557273538
geom_0018,3348,22.559153179339326,25.129608945429162,0.8956955285840308,0.32432027367682004,0.8977120666035124,0.52432027367682,0.021852324818239604,0.170082325314973,10.0,90,52.632113167337636
geom_0018,3349,22.559153179339326,25.129608945429162,0.8956955285840308,0.32432027367682004,0.8977120666035124,0.52432027367682,0.021852324818239604,0.170082325314973,10.0,91,52.36089896375092
geom_0018,3350,22.559153179339326,25.129608945429162,0.8956955285840308,0.32432027367682004,0.8977120666035124,0.52432027367682,0.021852324818239604,0.170082325314973,10.0,92,52.45915189836645
geom_0018,3351,22.559153179339326,25.129608945429162,0.8956955285840308,0.32432027367682004,0.8977120666035124,0.52432027367682,0.021852324818239604,0.170082325314973,10.0,93,52.55580591840834
geom_0018,3352,22.559153179339326,25.129608945429162,0.8956955285840308,0.32432027367682004,0.8977120666035124,0.52432027367682,0.021852324818239604,0.170082325314973,10.0,94,52.67888690477588
geom_0018,3353,22.559153179339326,25.129608945429162,0.8956955285840308,0.32432027367682004,0.8977120666035124,0.52432027367682,0.021852324818239604,0.170082325314973,10.0,95,52.52121124500304
geom_0018,3354,22.559153179339326,25.129608945429162,0.8956955285840308,0.32432027367682004,0.8977120666035124,0.52432027367682,0.021852324818239604,0.170082325314973,10.0,96,52.47891094141167
geom_0018,3355,22.559153179339326,25.129608945429162,0.8956955285840308,0.32432027367682004,0.8977120666035124,0.52432027367682,0.021852324818239604,0.170082325314973,10.0,97,52.73037292525787
geom_0018,3356,22.559153179339326,25.129608945429162,0.8956955285840308,0.32432027367682004,0.8977120666035124,0.52432027367682,0.021852324818239604,0.170082325314973,10.0,98,52.4064507079792
geom_0018,3357,22.559153179339326,25.129608945429162,0.8956955285840308,0.32432027367682004,0.8977120666035124,0.52432027367682,0.021852324818239604,0.170082325314973,10.0,99,52.341519815530695
geom_0018,3358,22.559153179339326,25.129608945429162,0.8956955285840308,0.32432027367682004,0.8977120666035124,0.52432027367682,0.021852324818239604,0.170082325314973,10.0,100,52.61668652429604
geom_0018,3359,22.559153179339326,25.129608945429162,0.8956955285840308,0.32432027367682004,0.8977120666035124,0.52432027367682,0.021852324818239604,0.170082325314973,10.0,101,52.53488166705504
geom_0018,3360,22.559153179339326,25.129608945429162,0.8956955285840308,0.32432027367682004,0.8977120666035124,0.52432027367682,0.021852324818239604,0.170082325314973,10.0,102,52.49646223773579
geom_0018,3361,22.559153179339326,25.129608945429162,0.8956955285840308,0.32432027367682004,0.8977120666035124,0.52432027367682,0.021852324818239604,0.170082325314973,10.0,103,52.68399320929681
geom_0018,3362,22.559153179339326,25.129608945429162,0.8956955285840308,0.32432027367682004,0.8977120666035124,0.52432027367682,0.021852324818239604,0.170082325314973,10.0,104,52.65315863908587
geom_0018,3363,22.559153179339326,25.129608945429162,0.8956955285840308,0.32432027367682004,0.8977120666035124,0.52432027367682,0.021852324818239604,0.170082325314973,10.0,105,52.58901418827296
geom_0018,3364,22.559153179339326,25.129608945429162,0.8956955285840308,0.32432027367682004,0.8977120666035124,0.52432027367682,0.021852324818239604,0.170082325314973,10.0,106,52.53502931222006
geom_0018,3365,22.559153179339326,25.129608945429162,0.8956955285840308,0.32432027367682004,0.8977120666035124,0.52432027367682,0.021852324818239604,0.170082325314973,10.0,107,52.76890739036668
geom_0018,3366,22.559153179339326,25.129608945429162,0.8956955285840308,0.32432027367682004,0.8977120666035124,0.52432027367682,0.021852324818239604,0.170082325314973,10.0,108,52.76621616326891
geom_0018,3367,22.559153179339326,25.129608945429162,0.8956955285840308,0.32432027367682004,0.8977120666035124,0.52432027367682,0.021852324818239604,0.170082325314973,10.0,109,52.711711938855764
geom_0018,3368,22.559153179339326,25.129608945429162,0.8956955285840308,0.32432027367682004,0.8977120666035124,0.52432027367682,0.021852324818239604,0.170082325314973,10.0,110,52.92759078094328
geom_0018,3369,22.559153179339326,25.129608945429162,0.8956955285840308,0.32432027367682004,0.8977120666035124,0.52432027367682,0.021852324818239604,0.170082325314973,10.0,111,52.658043642590854
geom_0018,3370,22.559153179339326,25.129608945429162,0.8956955285840308,0.32432027367682004,0.8977120666035124,0.52432027367682,0.021852324818239604,0.170082325314973,10.0,112,52.635413995978276
geom_0018,3371,22.559153179339326,25.129608945429162,0.8956955285840308,0.32432027367682004,0.8977120666035124,0.52432027367682,0.021852324818239604,0.170082325314973,10.0,113,52.74243984867341
geom_0018,3372,22.559153179339326,25.129608945429162,0.8956955285840308,0.32432027367682004,0.8977120666035124,0.52432027367682,0.021852324818239604,0.170082325314973,10.0,114,52.83144490855652
geom_0018,3373,22.559153179339326,25.129608945429162,0.8956955285840308,0.32432027367682004,0.8977120666035124,0.52432027367682,0.021852324818239604,0.170082325314973,10.0,115,52.885376608920915
geom_0018,3374,22.559153179339326,25.129608945429162,0.8956955285840308,0.32432027367682004,0.8977120666035124,0.52432027367682,0.021852324818239604,0.170082325314973,10.0,116,52.86258077826937
geom_0018,3375,22.559153179339326,25.129608945429162,0.8956955285840308,0.32432027367682004,0.8977120666035124,0.52432027367682,0.021852324818239604,0.170082325314973,10.0,117,52.94814921403461
geom_0018,3376,22.559153179339326,25.129608945429162,0.8956955285840308,0.32432027367682004,0.8977120666035124,0.52432027367682,0.021852324818239604,0.170082325314973,10.0,118,52.81456039253784
geom_0018,3377,22.559153179339326,25.129608945429162,0.8956955285840308,0.32432027367682004,0.8977120666035124,0.52432027367682,0.021852324818239604,0.170082325314973,10.0,119,53.111345482781466
geom_0018,3378,22.559153179339326,25.129608945429162,0.8956955285840308,0.32432027367682004,0.8977120666035124,0.52432027367682,0.021852324818239604,0.170082325314973,10.0,120,52.98644419417477
geom_0018,3379,22.559153179339326,25.129608945429162,0.8956955285840308,0.32432027367682004,0.8977120666035124,0.52432027367682,0.021852324818239604,0.170082325314973,10.0,121,53.13446534482936
geom_0018,3380,22.559153179339326,25.129608945429162,0.8956955285840308,0.32432027367682004,0.8977120666035124,0.52432027367682,0.021852324818239604,0.170082325314973,10.0,122,53.08542051121216
geom_0018,3381,22.559153179339326,25.129608945429162,0.8956955285840308,0.32432027367682004,0.8977120666035124,0.52432027367682,0.021852324818239604,0.170082325314973,10.0,123,53.125519997637674
geom_0018,3382,22.559153179339326,25.129608945429162,0.8956955285840308,0.32432027367682004,0.8977120666035124,0.52432027367682,0.021852324818239604,0.170082325314973,10.0,124,53.165750487454595
geom_0018,3383,22.559153179339326,25.129608945429162,0.8956955285840308,0.32432027367682004,0.8977120666035124,0.52432027367682,0.021852324818239604,0.170082325314973,10.0,125,53.182653234036366
geom_0018,3384,22.559153179339326,25.129608945429162,0.8956955285840308,0.32432027367682004,0.8977120666035124,0.52432027367682,0.021852324818239604,0.170082325314973,10.0,126,53.23138927761938
geom_0018,3385,22.559153179339326,25.129608945429162,0.8956955285840308,0.32432027367682004,0.8977120666035124,0.52432027367682,0.021852324818239604,0.170082325314973,10.0,127,53.329338743827485
geom_0018,3386,22.559153179339326,25.129608945429162,0.8956955285840308,0.32432027367682004,0.8977120666035124,0.52432027367682,0.021852324818239604,0.170082325314973,10.0,128,53.24539928522925
geom_0018,3387,22.559153179339326,25.129608945429162,0.8956955285840308,0.32432027367682004,0.8977120666035124,0.52432027367682,0.021852324818239604,0.170082325314973,10.0,129,53.32593326689131
geom_0018,3388,22.559153179339326,25.129608945429162,0.8956955285840308,0.32432027367682004,0.8977120666035124,0.52432027367682,0.021852324818239604,0.170082325314973,10.0,130,53.275251554753986
geom_0018,3389,22.559153179339326,25.129608945429162,0.8956955285840308,0.32432027367682004,0.8977120666035124,0.52432027367682,0.021852324818239604,0.170082325314973,10.0,131,53.45727973499555
geom_0018,3390,22.559153179339326,25.129608945429162,0.8956955285840308,0.32432027367682004,0.8977120666035124,0.52432027367682,0.021852324818239604,0.170082325314973,10.0,132,53.27446623029254
geom_0018,3391,22.559153179339326,25.129608945429162,0.8956955285840308,0.32432027367682004,0.8977120666035124,0.52432027367682,0.021852324818239604,0.170082325314973,10.0,133,53.55077524035839
geom_0018,3392,22.559153179339326,25.129608945429162,0.8956955285840308,0.32432027367682004,0.8977120666035124,0.52432027367682,0.021852324818239604,0.170082325314973,10.0,134,53.39492306500427
geom_0018,3393,22.559153179339326,25.129608945429162,0.8956955285840308,0.32432027367682004,0.8977120666035124,0.52432027367682,0.021852324818239604,0.170082325314973,10.0,135,53.28374455660644
geom_0018,3394,22.559153179339326,25.129608945429162,0.8956955285840308,0.32432027367682004,0.8977120666035124,0.52432027367682,0.021852324818239604,0.170082325314973,10.0,136,53.467084931907976
geom_0018,3395,22.559153179339326,25.129608945429162,0.8956955285840308,0.32432027367682004,0.8977120666035124,0.52432027367682,0.021852324818239604,0.170082325314973,10.0,137,53.41313476943885
geom_0018,3396,22.559153179339326,25.129608945429162,0.8956955285840308,0.32432027367682004,0.8977120666035124,0.52432027367682,0.021852324818239604,0.170082325314973,10.0,138,53.59172676696322
geom_0018,3397,22.559153179339326,25.129608945429162,0.8956955285840308,0.32432027367682004,0.8977120666035124,0.52432027367682,0.021852324818239604,0.170082325314973,10.0,139,53.46822381593603
geom_0018,3398,22.559153179339326,25.129608945429162,0.8956955285840308,0.32432027367682004,0.8977120666035124,0.52432027367682,0.021852324818239604,0.170082325314973,10.0,140,53.514037646997146
geom_0018,3399,22.559153179339326,25.129608945429162,0.8956955285840308,0.32432027367682004,0.8977120666035124,0.52432027367682,0.021852324818239604,0.170082325314973,10.0,141,53.394162749676916
geom_0018,3400,22.559153179339326,25.129608945429162,0.8956955285840308,0.32432027367682004,0.8977120666035124,0.52432027367682,0.021852324818239604,0.170082325314973,10.0,142,53.56158366657106
geom_0018,3401,22.559153179339326,25.129608945429162,0.8956955285840308,0.32432027367682004,0.8977120666035124,0.52432027367682,0.021852324818239604,0.170082325314973,10.0,143,53.387306651811855
geom_0018,3402,22.559153179339326,25.129608945429162,0.8956955285840308,0.32432027367682004,0.8977120666035124,0.52432027367682,0.021852324818239604,0.170082325314973,10.0,144,53.49331421824395
geom_0018,3403,22.559153179339326,25.129608945429162,0.8956955285840308,0.32432027367682004,0.8977120666035124,0.52432027367682,0.021852324818239604,0.170082325314973,10.0,145,53.74883305775018
geom_0018,3404,22.559153179339326,25.129608945429162,0.8956955285840308,0.32432027367682004,0.8977120666035124,0.52432027367682,0.021852324818239604,0.170082325314973,10.0,146,53.7714842173756
geom_0018,3405,22.559153179339326,25.129608945429162,0.8956955285840308,0.32432027367682004,0.8977120666035124,0.52432027367682,0.021852324818239604,0.170082325314973,10.0,147,53.754537295267404
geom_0018,3406,22.559153179339326,25.129608945429162,0.8956955285840308,0.32432027367682004,0.8977120666035124,0.52432027367682,0.021852324818239604,0.170082325314973,10.0,148,53.63330613878226
geom_0018,3407,22.559153179339326,25.129608945429162,0.8956955285840308,0.32432027367682004,0.8977120666035124,0.52432027367682,0.021852324818239604,0.170082325314973,10.0,149,53.7421208628299
geom_0018,3408,22.559153179339326,25.129608945429162,0.8956955285840308,0.32432027367682004,0.8977120666035124,0.52432027367682,0.021852324818239604,0.170082325314973,10.0,150,53.762248250536096
geom_0018,3409,22.559153179339326,25.129608945429162,0.8956955285840308,0.32432027367682004,0.8977120666035124,0.52432027367682,0.021852324818239604,0.170082325314973,10.0,151,53.66127017236838
geom_0018,3410,22.559153179339326,25.129608945429162,0.8956955285840308,0.32432027367682004,0.8977120666035124,0.52432027367682,0.021852324818239604,0.170082325314973,10.0,152,53.940680815399766
geom_0018,3411,22.559153179339326,25.129608945429162,0.8956955285840308,0.32432027367682004,0.8977120666035124,0.52432027367682,0.021852324818239604,0.170082325314973,10.0,153,53.890003611420525
geom_0018,3412,22.559153179339326,25.129608945429162,0.8956955285840308,0.32432027367682004,0.8977120666035124,0.52432027367682,0.021852324818239604,0.170082325314973,10.0,154,53.790746593628825
geom_0018,3413,22.559153179339326,25.129608945429162,0.8956955285840308,0.32432027367682004,0.8977120666035124,0.52432027367682,0.021852324818239604,0.170082325314973,10.0,155,53.82471502635582
geom_0018,3414,22.559153179339326,25.129608945429162,0.8956955285840308,0.32432027367682004,0.8977120666035124,0.52432027367682,0.021852324818239604,0.170082325314973,10.0,156,53.850615980929796
geom_0018,3415,22.559153179339326,25.129608945429162,0.8956955285840308,0.32432027367682004,0.8977120666035124,0.52432027367682,0.021852324818239604,0.170082325314973,10.0,157,53.63188483026977
geom_0018,3416,22.559153179339326,25.129608945429162,0.8956955285840308,0.32432027367682004,0.8977120666035124,0.52432027367682,0.021852324818239604,0.170082325314973,10.0,158,53.816113653532895
geom_0018,3417,22.559153179339326,25.129608945429162,0.8956955285840308,0.32432027367682004,0.8977120666035124,0.52432027367682,0.021852324818239604,0.170082325314973,10.0,159,53.77586321695207
geom_0018,3418,22.559153179339326,25.129608945429162,0.8956955285840308,0.32432027367682004,0.8977120666035124,0.52432027367682,0.021852324818239604,0.170082325314973,10.0,160,53.745553454785465
geom_0018,3419,22.559153179339326,25.129608945429162,0.8956955285840308,0.32432027367682004,0.8977120666035124,0.52432027367682,0.021852324818239604,0.170082325314973,10.0,161,53.81765091448095
geom_0018,3420,22.559153179339326,25.129608945429162,0.8956955285840308,0.32432027367682004,0.8977120666035124,0.52432027367682,0.021852324818239604,0.170082325314973,10.0,162,54.02393663744242
geom_0018,3421,22.559153179339326,25.129608945429162,0.8956955285840308,0.32432027367682004,0.8977120666035124,0.52432027367682,0.021852324818239604,0.170082325314973,10.0,163,53.90499255884989
geom_0018,3422,22.559153179339326,25.129608945429162,0.8956955285840308,0.32432027367682004,0.8977120666035124,0.52432027367682,0.021852324818239604,0.170082325314973,10.0,164,53.77883746133551
geom_0018,3423,22.559153179339326,25.129608945429162,0.8956955285840308,0.32432027367682004,0.8977120666035124,0.52432027367682,0.021852324818239604,0.170082325314973,10.0,165,53.886542978462465
geom_0018,3424,22.559153179339326,25.129608945429162,0.8956955285840308,0.32432027367682004,0.8977120666035124,0.52432027367682,0.021852324818239604,0.170082325314973,10.0,166,53.96080922859148
geom_0018,3425,22.559153179339326,25.129608945429162,0.8956955285840308,0.32432027367682004,0.8977120666035124,0.52432027367682,0.021852324818239604,0.170082325314973,10.0,167,53.903165050872914
geom_0018,3426,22.559153179339326,25.129608945429162,0.8956955285840308,0.32432027367682004,0.8977120666035124,0.52432027367682,0.021852324818239604,0.170082325314973,10.0,168,53.804713109536586
geom_0018,3427,22.559153179339326,25.129608945429162,0.8956955285840308,0.32432027367682004,0.8977120666035124,0.52432027367682,0.021852324818239604,0.170082325314973,10.0,169,53.72030859927787
geom_0018,3428,22.559153179339326,25.129608945429162,0.8956955285840308,0.32432027367682004,0.8977120666035124,0.52432027367682,0.021852324818239604,0.170082325314973,10.0,170,53.83926612231924
geom_0018,3429,22.559153179339326,25.129608945429162,0.8956955285840308,0.32432027367682004,0.8977120666035124,0.52432027367682,0.021852324818239604,0.170082325314973,10.0,171,53.791410747510525
geom_0018,3430,22.559153179339326,25.129608945429162,0.8956955285840308,0.32432027367682004,0.8977120666035124,0.52432027367682,0.021852324818239604,0.170082325314973,10.0,172,53.822366572275534
geom_0018,3431,22.559153179339326,25.129608945429162,0.8956955285840308,0.32432027367682004,0.8977120666035124,0.52432027367682,0.021852324818239604,0.170082325314973,10.0,173,53.775307960837644
geom_0018,3432,22.559153179339326,25.129608945429162,0.8956955285840308,0.32432027367682004,0.8977120666035124,0.52432027367682,0.021852324818239604,0.170082325314973,10.0,174,53.7938421036131
geom_0018,3433,22.559153179339326,25.129608945429162,0.8956955285840308,0.32432027367682004,0.8977120666035124,0.52432027367682,0.021852324818239604,0.170082325314973,10.0,175,53.61060809830273
geom_0018,3434,22.559153179339326,25.129608945429162,0.8956955285840308,0.32432027367682004,0.8977120666035124,0.52432027367682,0.021852324818239604,0.170082325314973,10.0,176,53.76926296160919
geom_0018,3435,22.559153179339326,25.129608945429162,0.8956955285840308,0.32432027367682004,0.8977120666035124,0.52432027367682,0.021852324818239604,0.170082325314973,10.0,177,53.62882322045269
geom_0018,3436,22.559153179339326,25.129608945429162,0.8956955285840308,0.32432027367682004,0.8977120666035124,0.52432027367682,0.021852324818239604,0.170082325314973,10.0,178,53.78627966050242
geom_0018,3437,22.559153179339326,25.129608945429162,0.8956955285840308,0.32432027367682004,0.8977120666035124,0.52432027367682,0.021852324818239604,0.170082325314973,10.0,179,53.47768077603941
geom_0018,3438,22.559153179339326,25.129608945429162,0.8956955285840308,0.32432027367682004,0.8977120666035124,0.52432027367682,0.021852324818239604,0.170082325314973,10.0,180,53.68620488476168
geom_0019,3439,22.559153179339326,25.129608945429162,0.8956955285840308,0.32432027367682004,0.8977120666035124,0.52432027367682,0.021852324818239604,0.170082325314973,10.0,0,53.50914001570648
geom_0019,3440,22.559153179339326,25.129608945429162,0.8956955285840308,0.32432027367682004,0.8977120666035124,0.52432027367682,0.021852324818239604,0.170082325314973,10.0,1,53.570021031102016
geom_0019,3441,22.559153179339326,25.129608945429162,0.8956955285840308,0.32432027367682004,0.8977120666035124,0.52432027367682,0.021852324818239604,0.170082325314973,10.0,2,53.7338036225213
geom_0019,3442,22.559153179339326,25.129608945429162,0.8956955285840308,0.32432027367682004,0.8977120666035124,0.52432027367682,0.021852324818239604,0.170082325314973,10.0,3,53.50922785590957
geom_0019,3443,22.559153179339326,25.129608945429162,0.8956955285840308,0.32432027367682004,0.8977120666035124,0.52432027367682,0.021852324818239604,0.170082325314973,10.0,4,53.73595579489342
geom_0019,3444,22.559153179339326,25.129608945429162,0.8956955285840308,0.32432027367682004,0.8977120666035124,0.52432027367682,0.021852324818239604,0.170082325314973,10.0,5,53.64273273503623
geom_0019,3445,22.559153179339326,25.129608945429162,0.8956955285840308,0.32432027367682004,0.8977120666035124,0.52432027367682,0.021852324818239604,0.170082325314973,10.0,6,53.683940461115924
geom_0019,3446,22.559153179339326,25.129608945429162,0.8956955285840308,0.32432027367682004,0.8977120666035124,0.52432027367682,0.021852324818239604,0.170082325314973,10.0,7,53.77927272988611
geom_0019,3447,22.559153179339326,25.129608945429162,0.8956955285840308,0.32432027367682004,0.8977120666035124,0.52432027367682,0.021852324818239604,0.170082325314973,10.0,8,53.620575048116535
geom_0019,3448,22.559153179339326,25.129608945429162,0.8956955285840308,0.32432027367682004,0.8977120666035124,0.52432027367682,0.021852324818239604,0.170082325314973,10.0,9,53.79030318358675
geom_0019,3449,22.559153179339326,25.129608945429162,0.8956955285840308,0.32432027367682004,0.8977120666035124,0.52432027367682,0.021852324818239604,0.170082325314973,10.0,10,53.78608901177918
geom_0019,3450,22.559153179339326,25.129608945429162,0.8956955285840308,0.32432027367682004,0.8977120666035124,0.52432027367682,0.021852324818239604,0.170082325314973,10.0,11,53.83424740344924
geom_0019,3451,22.559153179339326,25.129608945429162,0.8956955285840308,0.32432027367682004,0.8977120666035124,0.52432027367682,0.021852324818239604,0.170082325314973,10.0,12,53.82766693693535
geom_0019,3452,22.559153179339326,25.129608945429162,0.8956955285840308,0.32432027367682004,0.8977120666035124,0.52432027367682,0.021852324818239604,0.170082325314973,10.0,13,54.05623169657272
geom_0019,3453,22.559153179339326,25.129608945429162,0.8956955285840308,0.32432027367682004,0.8977120666035124,0.52432027367682,0.021852324818239604,0.170082325314973,10.0,14,53.75709968650774
geom_0019,3454,22.559153179339326,25.129608945429162,0.8956955285840308,0.32432027367682004,0.8977120666035124,0.52432027367682,0.021852324818239604,0.170082325314973,10.0,15,53.77618500482667
geom_0019,3455,22.559153179339326,25.129608945429162,0.8956955285840308,0.32432027367682004,0.8977120666035124,0.52432027367682,0.021852324818239604,0.170082325314973,10.0,16,53.77364130767131
geom_0019,3456,22.559153179339326,25.129608945429162,0.8956955285840308,0.32432027367682004,0.8977120666035124,0.52432027367682,0.021852324818239604,0.170082325314973,10.0,17,53.78536056080716
geom_0019,3457,22.559153179339326,25.129608945429162,0.8956955285840308,0.32432027367682004,0.8977120666035124,0.52432027367682,0.021852324818239604,0.170082325314973,10.0,18,53.780429272026815
geom_0019,3458,22.559153179339326,25.129608945429162,0.8956955285840308,0.32432027367682004,0.8977120666035124,0.52432027367682,0.021852324818239604,0.170082325314973,10.0,19,53.9646625968803
geom_0019,3459,22.559153179339326,25.129608945429162,0.8956955285840308,0.32432027367682004,0.8977120666035124,0.52432027367682,0.021852324818239604,0.170082325314973,10.0,20,53.987765880573946
geom_0019,3460,22.559153179339326,25.129608945429162,0.8956955285840308,0.32432027367682004,0.8977120666035124,0.52432027367682,0.021852324818239604,0.170082325314973,10.0,21,53.786987012376905
geom_0019,3461,22.559153179339326,25.129608945429162,0.8956955285840308,0.32432027367682004,0.8977120666035124,0.52432027367682,0.021852324818239604,0.170082325314973,10.0,22,53.75759583447453
geom_0019,3462,22.559153179339326,25.129608945429162,0.8956955285840308,0.32432027367682004,0.8977120666035124,0.52432027367682,0.021852324818239604,0.170082325314973,10.0,23,53.883199872750836
geom_0019,3463,22.559153179339326,25.129608945429162,0.8956955285840308,0.32432027367682004,0.8977120666035124,0.52432027367682,0.021852324818239604,0.170082325314973,10.0,24,53.77455539570694
geom_0019,3464,22.559153179339326,25.129608945429162,0.8956955285840308,0.32432027367682004,0.8977120666035124,0.52432027367682,0.021852324818239604,0.170082325314973,10.0,25,53.88531962423191
geom_0019,3465,22.559153179339326,25.129608945429162,0.8956955285840308,0.32432027367682004,0.8977120666035124,0.52432027367682,0.021852324818239604,0.170082325314973,10.0,26,53.833135313096925
geom_0019,3466,22.559153179339326,25.129608945429162,0.8956955285840308,0.32432027367682004,0.8977120666035124,0.52432027367682,0.021852324818239604,0.170082325314973,10.0,27,53.65069297086323
geom_0019,3467,22.559153179339326,25.129608945429162,0.8956955285840308,0.32432027367682004,0.8977120666035124,0.52432027367682,0.021852324818239604,0.170082325314973,10.0,28,53.94509150535606
geom_0019,3468,22.559153179339326,25.129608945429162,0.8956955285840308,0.32432027367682004,0.8977120666035124,0.52432027367682,0.021852324818239604,0.170082325314973,10.0,29,53.95669440859719
geom_0019,3469,22.559153179339326,25.129608945429162,0.8956955285840308,0.32432027367682004,0.8977120666035124,0.52432027367682,0.021852324818239604,0.170082325314973,10.0,30,53.70132963539672
geom_0019,3470,22.559153179339326,25.129608945429162,0.8956955285840308,0.32432027367682004,0.8977120666035124,0.52432027367682,0.021852324818239604,0.170082325314973,10.0,31,53.7081218424505
geom_0019,3471,22.559153179339326,25.129608945429162,0.8956955285840308,0.32432027367682004,0.8977120666035124,0.52432027367682,0.021852324818239604,0.170082325314973,10.0,32,53.758590292167675
geom_0019,3472,22.559153179339326,25.129608945429162,0.8956955285840308,0.32432027367682004,0.8977120666035124,0.52432027367682,0.021852324818239604,0.170082325314973,10.0,33,53.74543721808761
geom_0019,3473,22.559153179339326,25.129608945429162,0.8956955285840308,0.32432027367682004,0.8977120666035124,0.52432027367682,0.021852324818239604,0.170082325314973,10.0,34,53.7587586287778
geom_0019,3474,22.559153179339326,25.129608945429162,0.8956955285840308,0.32432027367682004,0.8977120666035124,0.52432027367682,0.021852324818239604,0.170082325314973,10.0,35,53.87381204601239
geom_0019,3475,22.559153179339326,25.129608945429162,0.8956955285840308,0.32432027367682004,0.8977120666035124,0.52432027367682,0.021852324818239604,0.170082325314973,10.0,36,53.63400977784312
geom_0019,3476,22.559153179339326,25.129608945429162,0.8956955285840308,0.32432027367682004,0.8977120666035124,0.52432027367682,0.021852324818239604,0.170082325314973,10.0,37,53.549864860020904
geom_0019,3477,22.559153179339326,25.129608945429162,0.8956955285840308,0.32432027367682004,0.8977120666035124,0.52432027367682,0.021852324818239604,0.170082325314973,10.0,38,53.46888237569452
geom_0019,3478,22.559153179339326,25.129608945429162,0.8956955285840308,0.32432027367682004,0.8977120666035124,0.52432027367682,0.021852324818239604,0.170082325314973,10.0,39,53.51002381877727
geom_0019,3479,22.559153179339326,25.129608945429162,0.8956955285840308,0.32432027367682004,0.8977120666035124,0.52432027367682,0.021852324818239604,0.170082325314973,10.0,40,53.55534329303125
geom_0019,3480,22.559153179339326,25.129608945429162,0.8956955285840308,0.32432027367682004,0.8977120666035124,0.52432027367682,0.021852324818239604,0.170082325314973,10.0,41,53.71294200021805
geom_0019,3481,22.559153179339326,25.129608945429162,0.8956955285840308,0.32432027367682004,0.8977120666035124,0.52432027367682,0.021852324818239604,0.170082325314973,10.0,42,53.45590128216073
geom_0019,3482,22.559153179339326,25.129608945429162,0.8956955285840308,0.32432027367682004,0.8977120666035124,0.52432027367682,0.021852324818239604,0.170082325314973,10.0,43,53.503618730350226
geom_0019,3483,22.559153179339326,25.129608945429162,0.8956955285840308,0.32432027367682004,0.8977120666035124,0.52432027367682,0.021852324818239604,0.170082325314973,10.0,44,53.452632200809624
geom_0019,3484,22.559153179339326,25.129608945429162,0.8956955285840308,0.32432027367682004,0.8977120666035124,0.52432027367682,0.021852324818239604,0.170082325314973,10.0,45,53.545661394163055
geom_0019,3485,22.559153179339326,25.129608945429162,0.8956955285840308,0.32432027367682004,0.8977120666035124,0.52432027367682,0.021852324818239604,0.170082325314973,10.0,46,53.651632102656066
geom_0019,3486,22.559153179339326,25.129608945429162,0.8956955285840308,0.32432027367682004,0.8977120666035124,0.52432027367682,0.021852324818239604,0.170082325314973,10.0,47,53.317594319775274
geom_0019,3487,22.559153179339326,25.129608945429162,0.8956955285840308,0.32432027367682004,0.8977120666035124,0.52432027367682,0.021852324818239604,0.170082325314973,10.0,48,53.293161516246634
geom_0019,3488,22.559153179339326,25.129608945429162,0.8956955285840308,0.32432027367682004,0.8977120666035124,0.52432027367682,0.021852324818239604,0.170082325314973,10.0,49,53.41768410115751
geom_0019,3489,22.559153179339326,25.129608945429162,0.8956955285840308,0.32432027367682004,0.8977120666035124,0.52432027367682,0.021852324818239604,0.170082325314973,10.0,50,53.35241427314534
geom_0019,3490,22.559153179339326,25.129608945429162,0.8956955285840308,0.32432027367682004,0.8977120666035124,0.52432027367682,0.021852324818239604,0.170082325314973,10.0,51,53.43970362370606
geom_0019,3491,22.559153179339326,25.129608945429162,0.8956955285840308,0.32432027367682004,0.8977120666035124,0.52432027367682,0.021852324818239604,0.170082325314973,10.0,52,53.28413998679169
geom_0019,3492,22.559153179339326,25.129608945429162,0.8956955285840308,0.32432027367682004,0.8977120666035124,0.52432027367682,0.021852324818239604,0.170082325314973,10.0,53,53.16049428173553
geom_0019,3493,22.559153179339326,25.129608945429162,0.8956955285840308,0.32432027367682004,0.8977120666035124,0.52432027367682,0.021852324818239604,0.170082325314973,10.0,54,53.22618248470186
geom_0019,3494,22.559153179339326,25.129608945429162,0.8956955285840308,0.32432027367682004,0.8977120666035124,0.52432027367682,0.021852324818239604,0.170082325314973,10.0,55,53.248752736092925
geom_0019,3495,22.559153179339326,25.129608945429162,0.8956955285840308,0.32432027367682004,0.8977120666035124,0.52432027367682,0.021852324818239604,0.170082325314973,10.0,56,53.19082197755111
geom_0019,3496,22.559153179339326,25.129608945429162,0.8956955285840308,0.32432027367682004,0.8977120666035124,0.52432027367682,0.021852324818239604,0.170082325314973,10.0,57,53.130572078833026
geom_0019,3497,22.559153179339326,25.129608945429162,0.8956955285840308,0.32432027367682004,0.8977120666035124,0.52432027367682,0.021852324818239604,0.170082325314973,10.0,58,53.15781544553331
geom_0019,3498,22.559153179339326,25.129608945429162,0.8956955285840308,0.32432027367682004,0.8977120666035124,0.52432027367682,0.021852324818239604,0.170082325314973,10.0,59,53.13966532071511
geom_0019,3499,22.559153179339326,25.129608945429162,0.8956955285840308,0.32432027367682004,0.8977120666035124,0.52432027367682,0.021852324818239604,0.170082325314973,10.0,60,53.132875211117785
geom_0019,3500,22.559153179339326,25.129608945429162,0.8956955285840308,0.32432027367682004,0.8977120666035124,0.52432027367682,0.021852324818239604,0.170082325314973,10.0,61,53.0318400111331
geom_0019,3501,22.559153179339326,25.129608945429162,0.8956955285840308,0.32432027367682004,0.8977120666035124,0.52432027367682,0.021852324818239604,0.170082325314973,10.0,62,52.9230025269252
geom_0019,3502,22.559153179339326,25.129608945429162,0.8956955285840308,0.32432027367682004,0.8977120666035124,0.52432027367682,0.021852324818239604,0.170082325314973,10.0,63,52.92761504302651
geom_0019,3503,22.559153179339326,25.129608945429162,0.8956955285840308,0.32432027367682004,0.8977120666035124,0.52432027367682,0.021852324818239604,0.170082325314973,10.0,64,53.00735528070584
geom_0019,3504,22.559153179339326,25.129608945429162,0.8956955285840308,0.32432027367682004,0.8977120666035124,0.52432027367682,0.021852324818239604,0.170082325314973,10.0,65,52.77934909688992
geom_0019,3505,22.559153179339326,25.129608945429162,0.8956955285840308,0.32432027367682004,0.8977120666035124,0.52432027367682,0.021852324818239604,0.170082325314973,10.0,66,52.87287084107936
geom_0019,3506,22.559153179339326,25.129608945429162,0.8956955285840308,0.32432027367682004,0.8977120666035124,0.52432027367682,0.021852324818239604,0.170082325314973,10.0,67,52.7722967744288
geom_0019,3507,22.559153179339326,25.129608945429162,0.8956955285840308,0.32432027367682004,0.8977120666035124,0.52432027367682,0.021852324818239604,0.170082325314973,10.0,68,52.79084099536423
geom_0019,3508,22.559153179339326,25.129608945429162,0.8956955285840308,0.32432027367682004,0.8977120666035124,0.52432027367682,0.021852324818239604,0.170082325314973,10.0,69,52.8928973054842
geom_0019,3509,22.559153179339326,25.129608945429162,0.8956955285840308,0.32432027367682004,0.8977120666035124,0.52432027367682,0.021852324818239604,0.170082325314973,10.0,70,52.7620369881405
geom_0019,3510,22.559153179339326,25.129608945429162,0.8956955285840308,0.32432027367682004,0.8977120666035124,0.52432027367682,0.021852324818239604,0.170082325314973,10.0,71,52.72627318004932
geom_0019,3511,22.559153179339326,25.129608945429162,0.8956955285840308,0.32432027367682004,0.8977120666035124,0.52432027367682,0.021852324818239604,0.170082325314973,10.0,72,52.56521043137505
geom_0019,3512,22.559153179339326,25.129608945429162,0.8956955285840308,0.32432027367682004,0.8977120666035124,0.52432027367682,0.021852324818239604,0.170082325314973,10.0,73,52.756287014141385
geom_0019,3513,22.559153179339326,25.129608945429162,0.8956955285840308,0.32432027367682004,0.8977120666035124,0.52432027367682,0.021852324818239604,0.170082325314973,10.0,74,52.72760817020126
geom_0019,3514,22.559153179339326,25.129608945429162,0.8956955285840308,0.32432027367682004,0.8977120666035124,0.52432027367682,0.021852324818239604,0.170082325314973,10.0,75,52.86174752367718
geom_0019,3515,22.559153179339326,25.129608945429162,0.8956955285840308,0.32432027367682004,0.8977120666035124,0.52432027367682,0.021852324818239604,0.170082325314973,10.0,76,52.59800074421346
geom_0019,3516,22.559153179339326,25.129608945429162,0.8956955285840308,0.32432027367682004,0.8977120666035124,0.52432027367682,0.021852324818239604,0.170082325314973,10.0,77,52.63507259733327
geom_0019,3517,22.559153179339326,25.129608945429162,0.8956955285840308,0.32432027367682004,0.8977120666035124,0.52432027367682,0.021852324818239604,0.170082325314973,10.0,78,52.623523887819935
geom_0019,3518,22.559153179339326,25.129608945429162,0.8956955285840308,0.32432027367682004,0.8977120666035124,0.52432027367682,0.021852324818239604,0.170082325314973,10.0,79,52.74283241746665
geom_0019,3519,22.559153179339326,25.129608945429162,0.8956955285840308,0.32432027367682004,0.8977120666035124,0.52432027367682,0.021852324818239604,0.170082325314973,10.0,80,52.563155526052014
geom_0019,3520,22.559153179339326,25.129608945429162,0.8956955285840308,0.32432027367682004,0.8977120666035124,0.52432027367682,0.021852324818239604,0.170082325314973,10.0,81,52.589302563769735
geom_0019,3521,22.559153179339326,25.129608945429162,0.8956955285840308,0.32432027367682004,0.8977120666035124,0.52432027367682,0.021852324818239604,0.170082325314973,10.0,82,52.612041748992475
geom_0019,3522,22.559153179339326,25.129608945429162,0.8956955285840308,0.32432027367682004,0.8977120666035124,0.52432027367682,0.021852324818239604,0.170082325314973,10.0,83,52.56091813062944
geom_0019,3523,22.559153179339326,25.129608945429162,0.8956955285840308,0.32432027367682004,0.8977120666035124,0.52432027367682,0.021852324818239604,0.170082325314973,10.0,84,52.48978753262594
geom_0019,3524,22.559153179339326,25.129608945429162,0.8956955285840308,0.32432027367682004,0.8977120666035124,0.52432027367682,0.021852324818239604,0.170082325314973,10.0,85,52.54719527040017
geom_0019,3525,22.559153179339326,25.129608945429162,0.8956955285840308,0.32432027367682004,0.8977120666035124,0.52432027367682,0.021852324818239604,0.170082325314973,10.0,86,52.629697676838425
geom_0019,3526,22.559153179339326,25.129608945429162,0.8956955285840308,0.32432027367682004,0.8977120666035124,0.52432027367682,0.021852324818239604,0.170082325314973,10.0,87,52.415433200960784
geom_0019,3527,22.559153179339326,25.129608945429162,0.8956955285840308,0.32432027367682004,0.8977120666035124,0.52432027367682,0.021852324818239604,0.170082325314973,10.0,88,52.528341050508295
geom_0019,3528,22.559153179339326,25.129608945429162,0.8956955285840308,0.32432027367682004,0.8977120666035124,0.52432027367682,0.021852324818239604,0.170082325314973,10.0,89,52.44320557273538
geom_0019,3529,22.559153179339326,25.129608945429162,0.8956955285840308,0.32432027367682004,0.8977120666035124,0.52432027367682,0.021852324818239604,0.170082325314973,10.0,90,52.632113167337636
geom_0019,3530,22.559153179339326,25.129608945429162,0.8956955285840308,0.32432027367682004,0.8977120666035124,0.52432027367682,0.021852324818239604,0.170082325314973,10.0,91,52.36089896375092
geom_0019,3531,22.559153179339326,25.129608945429162,0.8956955285840308,0.32432027367682004,0.8977120666035124,0.52432027367682,0.021852324818239604,0.170082325314973,10.0,92,52.45915189836645
geom_0019,3532,22.559153179339326,25.129608945429162,0.8956955285840308,0.32432027367682004,0.8977120666035124,0.52432027367682,0.021852324818239604,0.170082325314973,10.0,93,52.55580591840834
geom_0019,3533,22.559153179339326,25.129608945429162,0.8956955285840308,0.32432027367682004,0.8977120666035124,0.52432027367682,0.021852324818239604,0.170082325314973,10.0,94,52.67888690477588
geom_0019,3534,22.559153179339326,25.129608945429162,0.8956955285840308,0.32432027367682004,0.8977120666035124,0.52432027367682,0.021852324818239604,0.170082325314973,10.0,95,52.52121124500304
geom_0019,3535,22.559153179339326,25.129608945429162,0.8956955285840308,0.32432027367682004,0.8977120666035124,0.52432027367682,0.021852324818239604,0.170082325314973,10.0,96,52.47891094141167
geom_0019,3536,22.559153179339326,25.129608945429162,0.8956955285840308,0.32432027367682004,0.8977120666035124,0.52432027367682,0.021852324818239604,0.170082325314973,10.0,97,52.73037292525787
geom_0019,3537,22.559153179339326,25.129608945429162,0.8956955285840308,0.32432027367682004,0.8977120666035124,0.52432027367682,0.021852324818239604,0.170082325314973,10.0,98,52.4064507079792
geom_0019,3538,22.559153179339326,25.129608945429162,0.8956955285840308,0.32432027367682004,0.8977120666035124,0.52432027367682,0.021852324818239604,0.170082325314973,10.0,99,52.341519815530695
geom_0019,3539,22.559153179339326,25.129608945429162,0.8956955285840308,0.32432027367682004,0.8977120666035124,0.52432027367682,0.021852324818239604,0.170082325314973,10.0,100,52.61668652429604
geom_0019,3540,22.559153179339326,25.129608945429162,0.8956955285840308,0.32432027367682004,0.8977120666035124,0.52432027367682,0.021852324818239604,0.170082325314973,10.0,101,52.53488166705504
geom_0019,3541,22.559153179339326,25.129608945429162,0.8956955285840308,0.32432027367682004,0.8977120666035124,0.52432027367682,0.021852324818239604,0.170082325314973,10.0,102,52.49646223773579
geom_0019,3542,22.559153179339326,25.129608945429162,0.8956955285840308,0.32432027367682004,0.8977120666035124,0.52432027367682,0.021852324818239604,0.170082325314973,10.0,103,52.68399320929681
geom_0019,3543,22.559153179339326,25.129608945429162,0.8956955285840308,0.32432027367682004,0.8977120666035124,0.52432027367682,0.021852324818239604,0.170082325314973,10.0,104,52.65315863908587
geom_0019,3544,22.559153179339326,25.129608945429162,0.8956955285840308,0.32432027367682004,0.8977120666035124,0.52432027367682,0.021852324818239604,0.170082325314973,10.0,105,52.58901418827296
geom_0019,3545,22.559153179339326,25.129608945429162,0.8956955285840308,0.32432027367682004,0.8977120666035124,0.52432027367682,0.021852324818239604,0.170082325314973,10.0,106,52.53502931222006
geom_0019,3546,22.559153179339326,25.129608945429162,0.8956955285840308,0.32432027367682004,0.8977120666035124,0.52432027367682,0.021852324818239604,0.170082325314973,10.0,107,52.76890739036668
geom_0019,3547,22.559153179339326,25.129608945429162,0.8956955285840308,0.32432027367682004,0.8977120666035124,0.52432027367682,0.021852324818239604,0.170082325314973,10.0,108,52.76621616326891
geom_0019,3548,22.559153179339326,25.129608945429162,0.8956955285840308,0.32432027367682004,0.8977120666035124,0.52432027367682,0.021852324818239604,0.170082325314973,10.0,109,52.711711938855764
geom_0019,3549,22.559153179339326,25.129608945429162,0.8956955285840308,0.32432027367682004,0.8977120666035124,0.52432027367682,0.021852324818239604,0.170082325314973,10.0,110,52.92759078094328
geom_0019,3550,22.559153179339326,25.129608945429162,0.8956955285840308,0.32432027367682004,0.8977120666035124,0.52432027367682,0.021852324818239604,0.170082325314973,10.0,111,52.658043642590854
geom_0019,3551,22.559153179339326,25.129608945429162,0.8956955285840308,0.32432027367682004,0.8977120666035124,0.52432027367682,0.021852324818239604,0.170082325314973,10.0,112,52.635413995978276
geom_0019,3552,22.559153179339326,25.129608945429162,0.8956955285840308,0.32432027367682004,0.8977120666035124,0.52432027367682,0.021852324818239604,0.170082325314973,10.0,113,52.74243984867341
geom_0019,3553,22.559153179339326,25.129608945429162,0.8956955285840308,0.32432027367682004,0.8977120666035124,0.52432027367682,0.021852324818239604,0.170082325314973,10.0,114,52.83144490855652
geom_0019,3554,22.559153179339326,25.129608945429162,0.8956955285840308,0.32432027367682004,0.8977120666035124,0.52432027367682,0.021852324818239604,0.170082325314973,10.0,115,52.885376608920915
geom_0019,3555,22.559153179339326,25.129608945429162,0.8956955285840308,0.32432027367682004,0.8977120666035124,0.52432027367682,0.021852324818239604,0.170082325314973,10.0,116,52.86258077826937
geom_0019,3556,22.559153179339326,25.129608945429162,0.8956955285840308,0.32432027367682004,0.8977120666035124,0.52432027367682,0.021852324818239604,0.170082325314973,10.0,117,52.94814921403461
geom_0019,3557,22.559153179339326,25.129608945429162,0.8956955285840308,0.32432027367682004,0.8977120666035124,0.52432027367682,0.021852324818239604,0.170082325314973,10.0,118,52.81456039253784
geom_0019,3558,22.559153179339326,25.129608945429162,0.8956955285840308,0.32432027367682004,0.8977120666035124,0.52432027367682,0.021852324818239604,0.170082325314973,10.0,119,53.111345482781466
geom_0019,3559,22.559153179339326,25.129608945429162,0.8956955285840308,0.32432027367682004,0.8977120666035124,0.52432027367682,0.021852324818239604,0.170082325314973,10.0,120,52.98644419417477
geom_0019,3560,22.559153179339326,25.129608945429162,0.8956955285840308,0.32432027367682004,0.8977120666035124,0.52432027367682,0.021852324818239604,0.170082325314973,10.0,121,53.13446534482936
geom_0019,3561,22.559153179339326,25.129608945429162,0.8956955285840308,0.32432027367682004,0.8977120666035124,0.52432027367682,0.021852324818239604,0.170082325314973,10.0,122,53.08542051121216
geom_0019,3562,22.559153179339326,25.129608945429162,0.8956955285840308,0.32432027367682004,0.8977120666035124,0.52432027367682,0.021852324818239604,0.170082325314973,10.0,123,53.125519997637674
geom_0019,3563,22.559153179339326,25.129608945429162,0.8956955285840308,0.32432027367682004,0.8977120666035124,0.52432027367682,0.021852324818239604,0.170082325314973,10.0,124,53.165750487454595
geom_0019,3564,22.559153179339326,25.129608945429162,0.8956955285840308,0.32432027367682004,0.8977120666035124,0.52432027367682,0.021852324818239604,0.170082325314973,10.0,125,53.182653234036366
geom_0019,3565,22.559153179339326,25.129608945429162,0.8956955285840308,0.32432027367682004,0.8977120666035124,0.52432027367682,0.021852324818239604,0.170082325314973,10.0,126,53.23138927761938
geom_0019,3566,22.559153179339326,25.129608945429162,0.8956955285840308,0.32432027367682004,0.8977120666035124,0.52432027367682,0.021852324818239604,0.170082325314973,10.0,127,53.329338743827485
geom_0019,3567,22.559153179339326,25.129608945429162,0.8956955285840308,0.32432027367682004,0.8977120666035124,0.52432027367682,0.021852324818239604,0.170082325314973,10.0,128,53.24539928522925
geom_0019,3568,22.559153179339326,25.129608945429162,0.8956955285840308,0.32432027367682004,0.8977120666035124,0.52432027367682,0.021852324818239604,0.170082325314973,10.0,129,53.32593326689131
geom_0019,3569,22.559153179339326,25.129608945429162,0.8956955285840308,0.32432027367682004,0.8977120666035124,0.52432027367682,0.021852324818239604,0.170082325314973,10.0,130,53.275251554753986
geom_0019,3570,22.559153179339326,25.129608945429162,0.8956955285840308,0.32432027367682004,0.8977120666035124,0.52432027367682,0.021852324818239604,0.170082325314973,10.0,131,53.45727973499555
geom_0019,3571,22.559153179339326,25.129608945429162,0.8956955285840308,0.32432027367682004,0.8977120666035124,0.52432027367682,0.021852324818239604,0.170082325314973,10.0,132,53.27446623029254
geom_0019,3572,22.559153179339326,25.129608945429162,0.8956955285840308,0.32432027367682004,0.8977120666035124,0.52432027367682,0.021852324818239604,0.170082325314973,10.0,133,53.55077524035839
geom_0019,3573,22.559153179339326,25.129608945429162,0.8956955285840308,0.32432027367682004,0.8977120666035124,0.52432027367682,0.021852324818239604,0.170082325314973,10.0,134,53.39492306500427
geom_0019,3574,22.559153179339326,25.129608945429162,0.8956955285840308,0.32432027367682004,0.8977120666035124,0.52432027367682,0.021852324818239604,0.170082325314973,10.0,135,53.28374455660644
geom_0019,3575,22.559153179339326,25.129608945429162,0.8956955285840308,0.32432027367682004,0.8977120666035124,0.52432027367682,0.021852324818239604,0.170082325314973,10.0,136,53.467084931907976
geom_0019,3576,22.559153179339326,25.129608945429162,0.8956955285840308,0.32432027367682004,0.8977120666035124,0.52432027367682,0.021852324818239604,0.170082325314973,10.0,137,53.41313476943885
geom_0019,3577,22.559153179339326,25.129608945429162,0.8956955285840308,0.32432027367682004,0.8977120666035124,0.52432027367682,0.021852324818239604,0.170082325314973,10.0,138,53.59172676696322
geom_0019,3578,22.559153179339326,25.129608945429162,0.8956955285840308,0.32432027367682004,0.8977120666035124,0.52432027367682,0.021852324818239604,0.170082325314973,10.0,139,53.46822381593603
geom_0019,3579,22.559153179339326,25.129608945429162,0.8956955285840308,0.32432027367682004,0.8977120666035124,0.52432027367682,0.021852324818239604,0.170082325314973,10.0,140,53.514037646997146
geom_0019,3580,22.559153179339326,25.129608945429162,0.8956955285840308,0.32432027367682004,0.8977120666035124,0.52432027367682,0.021852324818239604,0.170082325314973,10.0,141,53.394162749676916
geom_0019,3581,22.559153179339326,25.129608945429162,0.8956955285840308,0.32432027367682004,0.8977120666035124,0.52432027367682,0.021852324818239604,0.170082325314973,10.0,142,53.56158366657106
geom_0019,3582,22.559153179339326,25.129608945429162,0.8956955285840308,0.32432027367682004,0.8977120666035124,0.52432027367682,0.021852324818239604,0.170082325314973,10.0,143,53.387306651811855
geom_0019,3583,22.559153179339326,25.129608945429162,0.8956955285840308,0.32432027367682004,0.8977120666035124,0.52432027367682,0.021852324818239604,0.170082325314973,10.0,144,53.49331421824395
geom_0019,3584,22.559153179339326,25.129608945429162,0.8956955285840308,0.32432027367682004,0.8977120666035124,0.52432027367682,0.021852324818239604,0.170082325314973,10.0,145,53.74883305775018
geom_0019,3585,22.559153179339326,25.129608945429162,0.8956955285840308,0.32432027367682004,0.8977120666035124,0.52432027367682,0.021852324818239604,0.170082325314973,10.0,146,53.7714842173756
geom_0019,3586,22.559153179339326,25.129608945429162,0.8956955285840308,0.32432027367682004,0.8977120666035124,0.52432027367682,0.021852324818239604,0.170082325314973,10.0,147,53.754537295267404
geom_0019,3587,22.559153179339326,25.129608945429162,0.8956955285840308,0.32432027367682004,0.8977120666035124,0.52432027367682,0.021852324818239604,0.170082325314973,10.0,148,53.63330613878226
geom_0019,3588,22.559153179339326,25.129608945429162,0.8956955285840308,0.32432027367682004,0.8977120666035124,0.52432027367682,0.021852324818239604,0.170082325314973,10.0,149,53.7421208628299
geom_0019,3589,22.559153179339326,25.129608945429162,0.8956955285840308,0.32432027367682004,0.8977120666035124,0.52432027367682,0.021852324818239604,0.170082325314973,10.0,150,53.762248250536096
geom_0019,3590,22.559153179339326,25.129608945429162,0.8956955285840308,0.32432027367682004,0.8977120666035124,0.52432027367682,0.021852324818239604,0.170082325314973,10.0,151,53.66127017236838
geom_0019,3591,22.559153179339326,25.129608945429162,0.8956955285840308,0.32432027367682004,0.8977120666035124,0.52432027367682,0.021852324818239604,0.170082325314973,10.0,152,53.940680815399766
geom_0019,3592,22.559153179339326,25.129608945429162,0.8956955285840308,0.32432027367682004,0.8977120666035124,0.52432027367682,0.021852324818239604,0.170082325314973,10.0,153,53.890003611420525
geom_0019,3593,22.559153179339326,25.129608945429162,0.8956955285840308,0.32432027367682004,0.8977120666035124,0.52432027367682,0.021852324818239604,0.170082325314973,10.0,154,53.790746593628825
geom_0019,3594,22.559153179339326,25.129608945429162,0.8956955285840308,0.32432027367682004,0.8977120666035124,0.52432027367682,0.021852324818239604,0.170082325314973,10.0,155,53.82471502635582
geom_0019,3595,22.559153179339326,25.129608945429162,0.8956955285840308,0.32432027367682004,0.8977120666035124,0.52432027367682,0.021852324818239604,0.170082325314973,10.0,156,53.850615980929796
geom_0019,3596,22.559153179339326,25.129608945429162,0.8956955285840308,0.32432027367682004,0.8977120666035124,0.52432027367682,0.021852324818239604,0.170082325314973,10.0,157,53.63188483026977
geom_0019,3597,22.559153179339326,25.129608945429162,0.8956955285840308,0.32432027367682004,0.8977120666035124,0.52432027367682,0.021852324818239604,0.170082325314973,10.0,158,53.816113653532895
geom_0019,3598,22.559153179339326,25.129608945429162,0.8956955285840308,0.32432027367682004,0.8977120666035124,0.52432027367682,0.021852324818239604,0.170082325314973,10.0,159,53.77586321695207
geom_0019,3599,22.559153179339326,25.129608945429162,0.8956955285840308,0.32432027367682004,0.8977120666035124,0.52432027367682,0.021852324818239604,0.170082325314973,10.0,160,53.745553454785465
geom_0019,3600,22.559153179339326,25.129608945429162,0.8956955285840308,0.32432027367682004,0.8977120666035124,0.52432027367682,0.021852324818239604,0.170082325314973,10.0,161,53.81765091448095
geom_0019,3601,22.559153179339326,25.129608945429162,0.8956955285840308,0.32432027367682004,0.8977120666035124,0.52432027367682,0.021852324818239604,0.170082325314973,10.0,162,54.02393663744242
geom_0019,3602,22.559153179339326,25.129608945429162,0.8956955285840308,0.32432027367682004,0.8977120666035124,0.52432027367682,0.021852324818239604,0.170082325314973,10.0,163,53.90499255884989
geom_0019,3603,22.559153179339326,25.129608945429162,0.8956955285840308,0.32432027367682004,0.8977120666035124,0.52432027367682,0.021852324818239604,0.170082325314973,10.0,164,53.77883746133551
geom_0019,3604,22.559153179339326,25.129608945429162,0.8956955285840308,0.32432027367682004,0.8977120666035124,0.52432027367682,0.021852324818239604,0.170082325314973,10.0,165,53.886542978462465
geom_0019,3605,22.559153179339326,25.129608945429162,0.8956955285840308,0.32432027367682004,0.8977120666035124,0.52432027367682,0.021852324818239604,0.170082325314973,10.0,166,53.96080922859148
geom_0019,3606,22.559153179339326,25.129608945429162,0.8956955285840308,0.32432027367682004,0.8977120666035124,0.52432027367682,0.021852324818239604,0.170082325314973,10.0,167,53.903165050872914
geom_0019,3607,22.559153179339326,25.129608945429162,0.8956955285840308,0.32432027367682004,0.8977120666035124,0.52432027367682,0.021852324818239604,0.170082325314973,10.0,168,53.804713109536586
geom_0019,3608,22.559153179339326,25.129608945429162,0.8956955285840308,0.32432027367682004,0.8977120666035124,0.52432027367682,0.021852324818239604,0.170082325314973,10.0,169,53.72030859927787
geom_0019,3609,22.559153179339326,25.129608945429162,0.8956955285840308,0.32432027367682004,0.8977120666035124,0.52432027367682,0.021852324818239604,0.170082325314973,10.0,170,53.83926612231924
geom_0019,3610,22.559153179339326,25.129608945429162,0.8956955285840308,0.32432027367682004,0.8977120666035124,0.52432027367682,0.021852324818239604,0.170082325314973,10.0,171,53.791410747510525
geom_0019,3611,22.559153179339326,25.129608945429162,0.8956955285840308,0.32432027367682004,0.8977120666035124,0.52432027367682,0.021852324818239604,0.170082325314973,10.0,172,53.822366572275534
geom_0019,3612,22.559153179339326,25.129608945429162,0.8956955285840308,0.32432027367682004,0.8977120666035124,0.52432027367682,0.021852324818239604,0.170082325314973,10.0,173,53.775307960837644
geom_0019,3613,22.559153179339326,25.129608945429162,0.8956955285840308,0.32432027367682004,0.8977120666035124,0.52432027367682,0.021852324818239604,0.170082325314973,10.0,174,53.7938421036131
geom_0019,3614,22.559153179339326,25.129608945429162,0.8956955285840308,0.32432027367682004,0.8977120666035124,0.52432027367682,0.021852324818239604,0.170082325314973,10.0,175,53.61060809830273
geom_0019,3615,22.559153179339326,25.129608945429162,0.8956955285840308,0.32432027367682004,0.8977120666035124,0.52432027367682,0.021852324818239604,0.170082325314973,10.0,176,53.76926296160919
geom_0019,3616,22.559153179339326,25.129608945429162,0.8956955285840308,0.32432027367682004,0.8977120666035124,0.52432027367682,0.021852324818239604,0.170082325314973,10.0,177,53.62882322045269
geom_0019,3617,22.559153179339326,25.129608945429162,0.8956955285840308,0.32432027367682004,0.8977120666035124,0.52432027367682,0.021852324818239604,0.170082325314973,10.0,178,53.78627966050242
geom_0019,3618,22.559153179339326,25.129608945429162,0.8956955285840308,0.32432027367682004,0.8977120666035124,0.52432027367682,0.021852324818239604,0.170082325314973,10.0,179,53.47768077603941
geom_0019,3619,22.559153179339326,25.129608945429162,0.8956955285840308,0.32432027367682004,0.8977120666035124,0.52432027367682,0.021852324818239604,0.170082325314973,10.0,180,53.68620488476168
